time,solar,wind,demand,price,carbon_intensity
0,0.09203368433939335,2.0,5.274948806927538,101.19361949857104,0.6385233874944797
1,0.0,2.0591478669378183,5.603452364694391,107.09210212046088,0.6285064929652077
2,0.0,2.378195022381551,6.094981397595552,122.17137537046372,0.6690228223485488
3,0.0,2.770025999540392,6.150422122629045,101.29330028975765,0.646872079006011
4,0.0,2.7406367093809414,5.797798929295597,106.47597089948394,0.594342816617081
5,0.0,2.634374211315391,6.070611010787323,105.92543874237106,0.648458628694468
6,0.0,2.4578128033969056,6.618910283436753,114.38838737467557,0.6783219775078303
7,1.020720418384154,2.0367843519613866,6.511736184398521,112.62490943284756,0.631143854421803
8,1.8010361510462756,2.2311090245715803,6.425663997290116,89.70171546028081,0.6615171312934327
9,2.526432067839812,1.524608033618542,5.861326131481638,94.22338238545798,0.6404995797215083
10,2.986609715190115,1.3573494253668112,9.288023339386429,131.96309905663273,0.6122405370285209
11,3.5521716920199,0.7384172807503359,5.103024519258851,75.23431523621714,0.16621997506269287
12,3.5615608235610683,0.30713528500863563,5.007783381809925,74.53035721565026,0.16987465293299558
13,3.5049649930508036,0.3194970633102622,4.9136365125145565,77.20134893953771,0.14611660929649056
14,2.844186348821361,0.30646331766548374,4.500205065502399,84.16406915490379,0.17893053326868325
15,2.5147707742583956,0.20207225035989151,4.0034746560476755,74.13398269905595,0.16044016314228152
16,1.6119356942042644,0.0,4.583484013562623,101.43070338805236,0.6716000016168763
17,0.9464064372193907,0.0,4.2159497087397275,101.29786653167743,0.6321634178251603
18,0.022608202351555664,0.0,5.539587681590406,313.504082634218,0.6017105373792911
19,0.0,0.0,5.61735777585562,277.3640848290193,0.5977741150003181
20,0.020172651180767106,0.0,5.723833524276286,292.5657932443226,0.6614065317991276
21,0.13798601359202373,0.0,5.5759683248958245,307.0448778111396,0.6284496292032332
22,0.059230276023634204,0.0,5.15654555667443,273.3517703335507,0.5988970263060197
23,0.07007236887097389,0.0,5.123750577509043,213.4737551615362,0.6152671205284824
24,0.0,0.0,5.314375715362823,248.78756623052556,0.6354271726071401
25,0.0,0.0,6.133936773913483,289.3467310211339,0.6315939700697994
26,0.0,0.0,6.149354211553658,226.60575762357354,0.6814821954100866
27,0.015454763359282432,0.0,6.601619214541614,261.2001164978571,0.6406756593232205
28,0.14192306405576244,0.0,6.125720439107799,215.75846708404364,0.6176200714722136
29,0.051821163082410686,0.0,7.137379944525124,278.47376402941404,0.5803444454970016
30,0.0,0.0,6.672019736105787,320.21409391244276,0.6444446296225603
31,0.6737281848098523,0.0,6.566187435772473,222.9606067591927,0.641586059219912
32,1.655478894095969,0.0,6.768547729938344,280.7806519593713,0.6276651028330915
33,2.0780659226903264,0.0,6.639379602783427,122.16072214794677,0.6537863438896362
34,2.229414135411347,0.0,6.496677285380835,122.22523060103718,0.6322542823207185
35,2.5235577818986847,0.03129395146233957,6.633104175963348,115.39623888568546,0.6373638813471715
36,2.623519216837023,0.3853448787361002,6.730606075524544,105.78896047791866,0.6853241737915003
37,3.1996358419673387,0.8588948165456776,5.874662873602261,87.3845698564396,0.6021081915005985
38,2.931224116350847,1.0428694715011442,5.755504079332516,82.52209649075044,0.6544595233344472
39,2.4193479459958405,0.9907529355895988,5.507874292184927,83.6044259988179,0.656011740513375
40,1.6260959520561444,0.735829921387242,5.3082335826907965,101.14361428627632,0.6154020596564423
41,0.8477309910730892,0.8510707401027884,4.681233215253753,98.90486134256521,0.6999016140478065
42,0.190564549969518,1.0413223219861807,6.723212336851995,269.88456453769084,0.5913142640782482
43,0.0,0.8222257311477557,5.878727996804991,284.2740227598672,0.6430015156257364
44,0.09234669135473939,0.8159101222793298,6.286082324351602,239.60513935751197,0.6045358566470534
45,0.05266399023808621,0.6251722024942754,7.169856672982235,235.160389390723,0.601988097341669
46,0.17583153827670078,0.05912498915007508,5.6034796673788,229.49344757756865,0.6323889155870916
47,0.06382640163669386,0.0,5.750809363130628,233.45739744410008,0.6225639440929401
48,0.0,0.022236373303647472,6.3288433313192645,229.37994237417576,0.6432635447070125
49,0.06343118914447256,0.43150756352940856,7.071771889002792,251.96121353227264,0.6303923881406515
50,0.008437943128731158,0.6838930869661991,6.650407931707792,294.49543464033957,0.6182115567321743
51,0.1169158420311869,0.6778930952033599,6.562277063906663,301.47210444355227,0.6208173152940489
52,0.0,0.48136214735954397,7.1836901716599435,322.6969715008298,0.609148602813482
53,0.23701401216231205,0.65661478931524,7.390698367279708,305.05054200657094,0.6367790973614735
54,0.0,0.801559398350687,7.109866320891898,247.40794897596118,0.6579349548949915
55,0.8646841821238691,0.4166578498445265,7.308706604487752,279.8134308203132,0.6259480239533425
56,1.5962219357158447,0.5957681879235532,11.113058989817064,334.7102851370714,0.6250403051750957
57,2.3427074776131445,0.42420288676390916,7.051506859077172,116.29492099926404,0.6339590151533528
58,3.0354384925674847,0.4706552958593932,6.817771959826068,103.26141536136018,0.5865342095441487
59,3.4022419318547703,0.5227714450504795,6.4746125480370775,98.2220881135383,0.5835097958466584
60,3.6088476616880962,0.6515194380705495,5.989669903684779,77.69025875320709,0.6213382272510743
61,3.3178620040821616,0.7646241722302609,6.092368584075212,77.62093320772007,0.6546381523752579
62,2.9313067286203776,0.7818471376176604,5.689647604645458,80.51118818274894,0.6645960453183319
63,2.60868503051522,0.28685038364537385,5.561054739844035,90.44328413216347,0.6577718647654645
64,1.7173020756446922,0.0,4.789150924375314,101.8213921253744,0.6329659979992142
65,0.827453413946339,0.0,4.881717107425766,118.8818888963674,0.6201098092436881
66,0.1393829837356534,0.0,6.264778813785938,287.4852236884634,0.6317108099969385
67,0.09450048158169598,0.0,6.311122892545431,256.3565576532835,0.6164634286742502
68,0.0,0.0,5.932190278713221,308.44511184871965,0.6302609413763427
69,0.0,0.0,6.3467527895756,263.1108247835763,0.6410890912730012
70,0.09555656233809624,0.0,5.203282676668461,256.5242216525897,0.6239230644354524
71,0.10151180441096705,0.0,5.7624839044122815,203.98321509432495,0.5883846857502006
72,0.0,0.0,6.04655945473462,216.05248358325372,0.6675751025871505
73,0.18873942046713763,0.0,6.774616116257605,312.64425368594254,0.6902499191046304
74,0.0,0.0,6.9386375227444494,263.6661456286805,0.6099148263067217
75,0.0,0.0,6.763561423094493,230.03331284547596,0.6047683025281823
76,0.01755068208824236,0.0,7.138106352830309,259.94284117164716,0.6602046016871529
77,0.001696840956935639,0.0,6.872903938718077,228.72684975158575,0.593703379497622
78,0.09868744101800939,0.0,6.746356287919716,227.93763521793693,0.6060598428034248
79,1.0302161194132913,0.0,6.414912905520269,233.5131462998861,0.6439242376993684
80,1.74722707139501,0.0,6.6477637782412655,121.71396353676188,0.6915315205703948
81,2.644426252290418,0.0,7.14767762831603,116.88842519266244,0.6579516594670548
82,2.951971264217128,0.0,6.5675955810628075,116.00503484661135,0.5987214555970338
83,3.358007382228338,0.0,6.265922875888768,97.99254485645288,0.6831620049999165
84,3.7081925036570555,0.0,6.110720146762908,91.45471811400142,0.6097057156614295
85,3.3952955853225557,0.0,5.132995645004596,78.23085330203564,0.6460272438128725
86,3.161535788598213,0.0,5.417959782300506,87.22969693276733,0.5928603333800287
87,2.426529644248281,0.0,5.25991863191917,97.57981718128481,0.6441808931422689
88,1.7215170095994041,0.0,5.2497635319458995,104.7511419657211,0.6416337589147917
89,0.8964841419704391,0.0,4.8853162580802145,113.95771544979952,0.5974733335060243
90,0.023819074946183228,0.0,5.744114334663975,294.93768267921587,0.5979306831298052
91,0.0,0.0,5.929751018702387,202.37672816266627,0.6540211771568607
92,0.0054970523861369155,0.0,6.365495759841937,264.66720395640704,0.6481952560882888
93,0.083512681592849,0.0,6.580349276811918,313.7353906274749,0.6089199158878851
94,0.14755165072523543,0.0,5.2267392743565075,295.98703770101963,0.6290630539179461
95,0.01670427830750379,0.0,5.517851281357776,258.92218745930097,0.6419139138086101
96,0.08121303357800141,0.0,6.1675425372985915,307.7052273118355,0.6055360896811092
97,0.11268766817803595,0.0,6.018327038865372,311.6939496406569,0.5874724915164764
98,0.0,0.0,6.75397734225475,219.59555977379114,0.6308056921182044
99,0.0,0.0,6.911018114284492,296.4155990938244,0.6301396185364323
100,0.19689301193867492,0.0,7.0522991314826236,310.0507807357644,0.6426469015901509
101,0.16146421885879197,0.0,7.80454160936984,239.62375759921574,0.6102965392441072
102,0.010841154651557326,0.0,7.123290043549566,242.44111543671661,0.6096247451927337
103,0.9517944104636212,0.0,7.001895489616091,212.7156690766015,0.6113745106118311
104,1.641550261183905,0.0,6.9722558947092015,195.6690902718084,0.6289533914131022
105,2.313749186196125,0.0,6.366520774332472,107.44671380038783,0.6627246998646539
106,3.0727996875659294,0.0,6.97841715835706,111.73156820509892,0.6333699143149373
107,3.20729757523334,0.0,6.644609999350838,102.58907776934294,0.6135023368907357
108,3.6130051600042887,0.0,6.166339874091187,82.90941558681631,0.6649311832095302
109,3.3034820828284106,0.0,5.94069369183779,96.61886002311131,0.6243539664792421
110,2.932501521837361,0.0,5.704929731368565,92.92993272888292,0.6525849763430018
111,2.321794520864208,0.0,5.07927063901186,94.74274971986584,0.6713958478817516
112,1.5139512630694199,0.0,5.273862464277429,98.68875861702199,0.6763441427427053
113,0.7797599599388066,0.0,5.026889783514896,117.88509615606236,0.6141263081333248
114,0.1312550315813223,0.0,6.469090908871034,266.6819963912019,0.607052118728651
115,0.0,0.0,6.293027564630012,245.646464591909,0.6071925562754992
116,0.0,0.0,6.612019038730122,263.9975635405218,0.6349677382802787
117,0.047914608151453576,0.0,6.7207411309364256,269.3082391405284,0.6571376274795808
118,0.16928133418920793,0.0,4.983762856439282,120.1889044217591,0.599551151099956
119,0.0,0.0,5.520575506184922,302.58790742974134,0.6187986305040071
120,0.06826453206775522,0.18350904506241675,6.216158833928717,222.97250068090852,0.6223698259194554
121,0.015673894315998554,0.0,6.1558120176509545,292.1901504878094,0.6149714679219492
122,0.0,0.0,6.612122474206903,257.46083869027746,0.6428394283696078
123,0.0,0.0,7.015872091520447,338.33199966214465,0.674373919847405
124,0.18253042910075024,0.0,6.732081623496005,214.2600276356739,0.619307033193258
125,0.0,0.0,7.1860362704712015,220.57947188048036,0.6157439606875938
126,0.06333252644107537,0.0,7.487902293652541,233.4770472703164,0.610699424797902
127,0.922888906480416,0.0,6.986829089976842,208.0042616874497,0.6233565536830249
128,1.4833431134149124,0.0,6.700292482584603,232.56950772644862,0.6481169070510867
129,2.046436460856157,0.0,6.758570328102694,120.43544417109906,0.6165188190977906
130,2.3505372346634332,0.104094703079569,6.36298007794898,109.4507029233352,0.6612317570501619
131,2.284079389249776,0.0,5.921766590935934,110.51671344373798,0.6270861348572937
132,2.6334247501988988,0.0,6.058286866284076,91.38992722752093,0.6024383115615561
133,2.4051557382208686,0.29007660806869956,5.6664895562997355,101.7772110304472,0.6227030562075001
134,2.3380118240229883,0.22884520938096226,4.902651005777549,90.70054688747359,0.6428241461048435
135,1.6036585705384532,0.15154563163285478,5.5014815460656195,109.32698458681493,0.6260488011064504
136,1.017447751457385,0.9139244643167374,4.793724464684883,87.0329619860832,0.6015793975259469
137,0.5163205372865657,1.3844010973878442,4.818326301600493,87.18648180657924,0.6395054742404076
138,0.12147912322904356,1.4851818493436193,6.066589053212478,121.2277096234613,0.6072688995698483
139,0.17771670455947497,1.49089104810125,6.005236458299509,112.800420963564,0.6176598753081384
140,0.0,1.540189660138847,5.868338776589015,118.90848719321227,0.6476488230768142
141,0.09967983328705028,1.4960917334938821,5.917697779592666,108.02939786278193,0.648130030881284
142,0.0,1.5076407082609398,5.29591565935522,109.48969340471756,0.6398725154035019
143,0.0,1.533701509682015,5.711109707716385,114.39739738113056,0.6110664059068078
144,0.0,1.8687373204124686,5.728196835260311,100.3314509580248,0.6669636451534613
145,0.0,1.8591914279735915,6.319074319182146,113.96895587740717,0.6201746134414844
146,0.008776735644519827,1.4487679857652025,7.017274552433562,245.11887466677902,0.6970856337834646
147,0.011585223662548055,1.1135336286725384,6.741214288166329,293.77704231757684,0.6112450670850346
148,0.0,1.1628542451521469,8.191994800563721,274.26473737880156,0.606400537552626
149,0.0,0.992803011250278,7.290590110152098,228.79419042938676,0.6239673696804658
150,0.0,0.4521644169609276,6.909762548003034,290.3844388781807,0.6523448337258656
151,0.6770146184711742,0.9900975616708556,7.238294524804484,267.33864594404895,0.6006389464858828
152,1.2579208628751768,1.238267394523078,6.825461103848389,108.76280486741646,0.6364533533055516
153,1.89481154196979,1.2237588108630137,7.020365131038481,116.7228526823834,0.6034701907087677
154,2.5024739037903374,1.1017633405762315,6.078946769150217,80.01548231037398,0.6272772904489043
155,3.103847081036941,1.2252262846605766,6.288360891576267,74.35744275576607,0.6535203534084492
156,3.2233501942027014,1.5689699912916764,5.58896503889496,64.05648744665376,0.20297707069097784
157,3.4083533026563515,1.3261681847437774,5.5368577610372345,68.91548346595364,0.15974568294161853
158,3.1583250212802634,1.3362863985586246,5.6560289998009035,62.25372090650727,0.1843849834880218
159,2.499047063579657,1.0280702190291593,5.06424095357667,69.35366735722,0.6410057274699971
160,1.669490383258529,0.965198847771236,5.2731256448724535,87.66828366150217,0.6147290866007101
161,0.6878449402750828,0.5792664374628531,4.803065177184788,99.79320817838601,0.6172473110894391
162,0.0003230230969301477,0.013111157584302202,6.485395981000398,209.18367177601328,0.6284763735293984
163,0.17049101175422757,0.0,6.151032234056107,211.51431470851512,0.6370607206067199
164,0.19980733300496664,0.0,6.345941784831691,308.693709479886,0.6329304090291145
165,0.0,0.1497286744442848,6.519921672196056,246.89106919875607,0.7034189546203251
166,0.0,0.09037280446393986,5.223774786682657,291.7619865875775,0.6163171174443393
167,0.0,0.4347415654398079,5.645327832820931,214.92101509160736,0.6241963240413584
168,0.0,0.4788740169701804,6.075835499582542,237.2459811476601,0.6577136459939087
169,0.023255006045294683,0.864930942529951,7.0242595956245895,203.03020816722048,0.6418910887720163
170,0.0055195505388707915,0.7474619199970405,6.933521202996258,263.7739141217776,0.5714443748950416
171,0.0,1.1652543627769014,6.843104637132132,249.03347350288053,0.6253128104856501
172,0.0,1.2139408949474249,7.032806968460176,196.36432952682492,0.6550471930135293
173,0.0,1.372356646150284,7.4419158398893845,207.17004621574347,0.6304231901262602
174,0.0,1.739469866231689,7.067104204382513,246.9261724010522,0.6136512111781793
175,0.44785510421085717,1.468982545104599,7.363968341718332,303.0906766555032,0.633550804481559
176,1.2301790189763722,1.3735719996206202,6.8986704887733685,107.90162188226434,0.6633418840082471
177,1.4361483493927674,2.020689704408966,6.810225173570307,94.24278525907417,0.6398954921829897
178,1.8110747861604584,1.8062952826135923,6.968519761427431,101.73616114886133,0.6114909725486763
179,2.3081268529748873,1.8265730846187298,6.039440354991755,83.6842220970149,0.6060295553028712
180,1.743360271811846,2.2396933356759594,6.799054100301985,93.27837700479994,0.5967375735346053
181,1.562931246042928,2.9189682631052927,5.778038140303721,70.31941789004283,0.18877696718211504
182,0.7756427974667328,3.169452456354599,5.319225475666571,61.412414809673606,0.2095507489345517
183,0.7900676847055506,3.556755245703523,5.672828006735453,68.51008553215816,0.19279812455727868
184,0.705239931727967,3.5604834290363145,5.706721146725133,75.47093670212817,0.21602692436642315
185,0.5776638711271067,3.756739402109905,5.750071175534856,69.79790720747859,0.1710685862732132
186,0.08805896904130461,4.339799122517207,6.854397391156661,77.89229678279855,0.675644496600356
187,0.1721136144516602,4.660878049778925,6.5873311792740115,63.55305238640879,0.5976255379346714
188,0.002336591694338098,4.882655773237364,6.796185418900326,75.67567286929776,0.6578382820438606
189,0.01285217153661544,5.198159333600632,6.950889114502801,78.1342901177603,0.6269135210510721
190,0.18928787097319957,5.5072276739775665,5.949701117418586,50.5844059171943,0.17494227180919786
191,0.07115145572810563,5.754493728561563,6.316814090109262,56.13995072113527,0.15768372652818213
192,0.1714323577069539,5.903753570548777,6.61776614848215,59.72722140900228,0.16944943266573348
193,0.08649088905160397,5.831739585079131,6.920538507551667,61.281935749546335,0.19926141741549191
194,0.2559365343942555,6.0,6.491264191109803,52.33553315712198,0.16192909068943695
195,0.2873763676044869,5.873142640522205,7.093443943838336,60.067016247946654,0.18818390080873482
196,0.0,6.0,7.651746413836174,69.494915350569,0.6129385112784884
197,0.22478425326187387,6.0,7.43094510516968,69.48295881216912,0.13562053331396526
198,0.054010830697902086,6.0,7.521976630823917,73.64869732645143,0.19645265399839704
199,0.5026804825183907,6.0,7.218598985254495,58.99910295202068,0.1646879314175033
200,0.7808758201203042,6.0,7.221058277776742,48.58592020226101,0.17874034094231356
201,0.9334761077060907,6.0,6.9198277063484905,51.920430704677266,0.21850110775750586
202,0.8824497534160619,6.0,6.3382507265782255,46.306109382420544,0.21885241491837235
203,1.0411317057481446,6.0,6.635440504335949,47.59422696091158,0.15930402058359466
204,1.1953407797874067,6.0,6.393942613288171,42.05882267772838,0.18075469514007492
205,1.7287258074015008,6.0,5.727129334609428,-37.9009571955082,0.20639851427009245
206,1.4872987785828997,6.0,5.159557277132982,-11.406033060921937,0.17386668766896682
207,1.5662415377335173,6.0,5.405018469485102,-8.505125017347797,0.1450813729127345
208,1.018642308611502,6.0,5.051171634280075,24.921078656115718,0.20989689662406896
209,0.44387365467539264,6.0,5.4693696726819265,38.7898212475682,0.23282919365434046
210,0.0,6.0,6.481412480576621,51.71475197652913,0.19698968736386768
211,0.05171210676228325,6.0,6.163201586299714,42.05308651430377,0.16918936290930273
212,0.020834737143314293,6.0,6.646745846095947,59.756363910864934,0.15389045285548067
213,0.04626721065697425,6.0,7.498810014175285,70.43163441965962,0.16279400512172026
214,0.1747218598298668,6.0,5.915263800317427,46.12733695592366,0.16967413893843297
215,0.0,6.0,6.018505885199276,51.16381543009823,0.17066316116372376
216,0.0,6.0,6.403172773973573,46.91156467466239,0.1562750110263433
217,0.0,6.0,6.4482436756814465,52.027792209149425,0.162336931466625
218,0.0706301434570005,6.0,7.219957366731895,68.16903548231163,0.19885410838518894
219,0.0,6.0,6.910451668690101,59.399390949474146,0.17381376281614064
220,0.0,6.0,7.691257652199809,71.87808924716728,0.6311476813600617
221,0.04983760083468042,5.965009296696019,8.012716592381578,84.27682806197332,0.6320902903562224
222,0.0,5.764670555276886,8.083756128911379,85.12216692883091,0.6615981755083454
223,0.8443827857972347,4.957950777299445,7.760787968620944,73.73107672768828,0.6622415275457004
224,1.8946281661629985,4.642283137017507,7.495973621861798,63.990955000571326,0.18282258587440378
225,2.202045844727133,4.332944548554868,9.619236899299885,88.3649226848224,0.5924340165306172
226,3.1456693726671427,3.9192246875935903,7.196174942793006,52.6458366251568,0.2128863178983512
227,3.441212973937776,3.742209527151258,6.935574881321988,38.581000985302005,0.19674021524986698
228,3.580358960153071,3.6231429501662054,6.506364257525906,30.881711397714195,0.1735376123659236
229,3.407333940682304,4.125344729312003,6.2519904455735675,38.45975372093594,0.2103020937653723
230,3.3086454546517223,3.8740939960370864,5.792038650099374,34.491685573581314,0.18679680101771504
231,2.4692720432612765,3.7642252341180855,5.44219266322597,33.574214252147044,0.1714040479935668
232,1.8414365867879945,3.169433482347797,9.14488151832192,109.38488142871893,0.6820227472494355
233,0.8827508388303676,2.378624208884488,5.561401455021655,69.13146666816141,0.6768321122357434
234,0.0,2.3510522876584883,6.933095214095944,113.39060554430291,0.5610925153173978
235,0.0,2.546692709136083,7.277490041344203,120.64569643336876,0.6652185145619917
236,0.0,1.8980436363238344,6.666949978470811,119.1819039766963,0.626877207118586
237,0.1886159632687714,1.568853274556761,6.7842805008658535,192.38661976243867,0.6766055763217652
238,0.18143357612695363,1.6128615324334439,5.830931472920661,105.25180691215748,0.6000976738075041
239,0.0,1.3268839203561882,6.505418425230621,232.33251487107665,0.6437097369569612
240,0.0,0.38203939786808605,6.229611951782206,229.47810049502277,0.6169405771018186
241,0.07605646559152632,0.37124783442935055,6.841780182082507,244.33032506324597,0.6290872831495583
242,0.0,0.035538999528704804,7.421350942542757,221.29305489161518,0.6298556121272455
243,0.2147049324068363,0.05384576332734231,7.0722414239471885,211.96382202750323,0.6440809628217643
244,0.0,0.0,7.8796544574081375,291.3383060425251,0.6045676117707129
245,0.0,0.0,8.156339696066311,256.26957411871365,0.6157622303848409
246,0.0,0.0,7.808702103478835,323.77399464687977,0.6359733595326683
247,1.0897143627204475,0.0,7.439955181152866,241.99390092097698,0.6072359908540594
248,1.7589799287045909,0.0,7.353329384268609,302.621672324246,0.6334768163754181
249,2.671601690908121,0.0,7.147276989537816,110.69446640294471,0.6006111721383687
250,2.9127611005530807,0.0,7.191067034184154,101.97745085175586,0.6309164814357884
251,3.4231992835051797,0.0,7.22652905996737,99.8637326814837,0.5967707773439545
252,3.5108069502707466,0.0,7.052996049814254,99.82595288103181,0.5868850166156342
253,3.145068392298779,0.0,5.851891074252843,82.84221396409485,0.6219802589278355
254,3.1730420239042454,0.0,5.77061272939445,90.1047711188247,0.6646568134495046
255,2.5233565629627943,0.0,5.902211467216926,86.73198972429921,0.6498441343639393
256,1.7400912086990763,0.0,5.582458472742846,102.28277822438592,0.662277908223766
257,0.7273479514557538,0.0,4.854455173993281,115.04314256707966,0.6413377624898354
258,0.10883538767532853,0.0,6.826460492363506,219.3792288089001,0.6290104781352892
259,0.1630516498926128,0.108733489807055,6.956862974110471,314.9120584025703,0.6456184603479478
260,0.06855886283562698,0.22890629100085033,6.999476919052691,309.58874022637826,0.6020231148686371
261,0.0698794946818919,0.5371731246095103,7.153719520209182,224.81428899609088,0.6278595667504454
262,0.059352181538444224,0.5638746540709251,6.4246289478832965,229.46348537383815,0.6088021893269615
263,0.0,0.3237562007885506,6.06269874116409,224.36500382647455,0.6615022279518594
264,0.030873349228082395,0.40415177756796505,6.627207639642619,253.02775579441413,0.6394440280889746
265,0.19385918414228293,0.5475637536699283,7.094835248839795,221.6497994668839,0.6162094358814498
266,0.0,0.7231135015968638,8.212763615815138,215.4169462057117,0.6300173923252897
267,0.011167969939062293,1.1387875634314621,7.422717160775964,260.9565072526332,0.6525731255637905
268,0.10152908260875872,0.9066366830433743,7.971341445044617,204.75270574815767,0.6278992371496734
269,0.0,1.2059759282134508,8.401565907110172,318.4289872693563,0.6341006732704865
270,0.0,1.251465084731536,8.270981872781023,236.8581007666805,0.6431425824949425
271,0.31272924668543367,1.456650023919479,8.421840191563337,250.60447340514483,0.6285455374346739
272,0.9519371521903227,1.823567401162422,12.126525285583655,318.0505706102919,0.6888285095855361
273,1.1654935966419335,2.1080148322912318,7.4903250205570036,112.13758004568513,0.640107709476489
274,1.2620607690060484,2.2564766687036566,7.762499128099178,112.37660114720278,0.6137289209298693
275,1.446201923240535,2.768411722838488,7.317891366149337,94.27636692472055,0.6155957652159033
276,1.6571041740535761,3.0111682653131426,7.621421310708322,91.03970293513423,0.6916988373585478
277,1.4608514838314364,3.528967404157873,6.945184764366868,79.70835250099769,0.6354808584672909
278,0.644878558501679,4.197899696024892,6.537548767870062,76.5645659506418,0.6037774215899216
279,1.0263185291535368,4.395559998858008,6.3548574762745424,71.30349233487279,0.13620563623919815
280,0.5932727631375071,4.375694762136113,5.833852013265109,64.24588808228364,0.19670253465777424
281,0.21366384556552917,4.641206486064117,6.404590758907909,77.41417182105914,0.6955018807694873
282,0.0,5.142594170627357,7.028604386195905,87.99024937231465,0.646915478656567
283,0.037379336811877405,5.365746158514503,7.343228751663698,70.83264382416091,0.6246494705852002
284,0.0,5.207826777208805,7.369500878707224,81.17179207242442,0.6612532748240623
285,0.0,4.987199283260361,7.9824553998711565,92.71847517169009,0.6233657880734521
286,0.0,4.914253228621629,6.655098751729628,75.61176765172836,0.6230744085862302
287,0.06476879300835768,4.9238394801866106,6.778177427724044,83.74212341066352,0.6249439561266218
288,0.0,5.356998939247566,7.460384947740025,79.54216727540374,0.6170076088943874
289,0.054418709826578524,5.577016570978133,8.082780349557908,86.65749063436408,0.595771973161852
290,0.04188837984741835,5.993798933866548,7.623033058556881,81.33104560289502,0.6357574455899023
291,0.0,6.0,8.402489034867724,73.78781212869454,0.6848129789846606
292,0.14893244477538756,6.0,8.046444160474337,70.98364077797522,0.5946010681803842
293,0.0024527526723476965,6.0,8.256484154562001,76.51045082001149,0.6030754225525548
294,0.0,6.0,8.278983025276428,83.24649529134241,0.6437013368106429
295,0.3630266843690263,6.0,7.962452085368596,75.74103154010564,0.6233764758963933
296,0.6801167316705806,6.0,8.559026981060201,72.67290046879738,0.6281209165011854
297,0.7821182011631145,6.0,10.245654848713896,105.94176048885126,0.6378882250467194
298,1.0230927365993074,6.0,7.889047406394884,70.81819758264136,0.19702871117096635
299,2.0057173981357557,6.0,7.00251431135076,32.669119120501634,0.1853637133040057
300,1.9972307449036628,6.0,7.203682450492911,36.584148621769224,0.19732480926998736
301,1.9384788740758316,6.0,6.455578903174589,24.641421861274615,0.20007628151903092
302,1.9476586469879305,6.0,6.778294973349029,37.168801600249985,0.16700983175876824
303,2.0389603021483675,6.0,5.820045117012626,-22.985184184637976,0.20349084592718145
304,1.284112052852671,6.0,6.295315561742903,41.643536562700014,0.18291139237563464
305,0.6208398747990397,6.0,5.55493209981216,41.518200173340524,0.15348583623785506
306,0.0,6.0,6.868848490991188,63.415815635694855,0.22051430249804438
307,0.06325102597782675,6.0,7.388474648594062,65.65489318020272,0.16507231988585366
308,0.08930830541197694,6.0,7.7008173058307205,61.2738634823196,0.6480306509502128
309,0.0,6.0,7.923268054091718,79.73303964317849,0.6166965140160173
310,0.0,5.964656449615711,6.444432810760815,60.38657054516637,0.20837468871132173
311,0.07696642198932435,5.6080411835723645,6.697257785750168,65.36995958687878,0.14317637628387553
312,0.12325392741344635,5.183572145649963,7.456490018954715,76.86467539041413,0.6213789470699844
313,0.0,5.610358942679405,7.2806352425949905,80.03197147384245,0.6209410311381568
314,0.0,5.203844712853021,7.32386969805936,81.08417670568507,0.6149722280671471
315,0.09981226431499607,4.964137918689435,8.013035326183484,96.0843187673383,0.685253051039618
316,0.0,4.6420658050039405,8.14447720222367,104.67330922956822,0.5920574900381497
317,0.0,4.5197328730463004,8.149871088204339,107.401497398476,0.6112224480253379
318,0.0,4.283700004780301,8.591152177811978,115.27636603580109,0.6207318281543089
319,0.6373737843730563,4.16821052141627,7.714432571716952,84.44584431218016,0.6645938414201794
320,1.5049121146790836,4.417099838217235,8.13688346269282,84.6101708939251,0.6316481429730024
321,2.2514803326921764,4.063342444949822,8.458139138144634,81.10760214001026,0.6079408789798642
322,2.624921775175776,4.0314036219179785,7.485499021463149,60.30543091134675,0.18591886866097923
323,3.392558659924636,3.77046871185544,7.019446762770759,45.19011212523128,0.16394936219631567
324,3.6327269739293744,3.6309540359736756,7.337348049736843,47.461561460873696,0.1685856183967299
325,3.40542096966941,3.1167780555263342,6.9471989112435235,54.639609896218616,0.23263113603352006
326,3.1445349951156194,2.845340249140526,6.843855303970018,61.65912051317211,0.16238779489638905
327,2.408715954333988,2.1835605512889713,6.419667752926646,77.00334138193949,0.627970946635481
328,1.9140647367223014,1.3922057465437638,5.968580092936542,78.93512482779471,0.6353552825348664
329,0.8112902793567681,0.7740771359222628,6.0128292468065,109.03429748418955,0.5821397416870752
330,0.22600599641647537,0.463459348246938,7.0910603671108525,249.9364973603,0.6282759528688759
331,0.0,0.18284104972489268,8.066119657734742,336.23133748273733,0.5943480755687915
332,0.0,0.0821223545649612,7.386284558573349,324.96837527808594,0.570752803380843
333,0.0,0.39568599007815486,12.716077219196578,318.4487296078772,0.6396528650155784
334,0.0,0.1419050137325985,6.628774472753276,258.9974829793893,0.626705204276418
335,0.0,0.26258377492232476,7.202346295221165,246.40550344333926,0.6437270100474537
336,0.0,0.36597933936903343,7.771286320627054,285.2713888590803,0.5803052870551979
337,0.0,0.1972628093453617,7.617195073520349,339.5815578726697,0.6737503993712017
338,0.07944469277144929,0.0,8.127497003972342,344.20983408999734,0.6645439215264798
339,0.10556671714966795,0.0,8.393653078516992,265.7060644918513,0.605022948094419
340,0.0,0.0,8.931297157333654,319.72407217928856,0.6391876883204006
341,0.14785758768196006,0.0,8.553741021931044,315.77489555906413,0.6200444514734549
342,0.0,0.0,8.678972742255487,335.15585423178516,0.6473279316315639
343,0.7821131282455696,0.0,9.113325803181214,301.289759849163,0.6365140868480031
344,1.6139433525362683,0.0,8.07665718937743,228.77199634640158,0.6332457839536658
345,2.546709080395959,0.0,8.28776277090808,294.6568706908864,0.6345920770146296
346,2.8446279665978143,0.0,8.023421113138006,283.4062189536683,0.6121168876731607
347,3.2127602318255306,0.0,7.4019760386792255,107.69816001311638,0.6064924917816384
348,3.653011224597201,0.0,7.374005640851668,105.56376046698247,0.6192485064171902
349,3.585806864382518,0.0,9.741391612677944,263.52502309461204,0.6454681702596823
350,3.191782444981307,0.0,7.018886071974218,107.50119975208071,0.6225282839649682
351,2.16645954020563,0.0,6.569034154708919,112.25392426583888,0.6329662898901947
352,1.7507847106516514,0.0,5.956149913598835,117.6329820981115,0.6046473488770175
353,0.9719429239616161,0.0,5.713966172763667,118.23318186630446,0.6324176638716051
354,0.010887165861531142,0.0,7.291242441378154,320.07489805044503,0.6463930624676034
355,0.0,0.0,6.599095477455353,227.90440920408778,0.6309858620812518
356,0.0,0.0,6.9706226676676755,259.02164728074746,0.6063108821145349
357,0.0,0.0,7.067974975993556,219.9873112535934,0.6700883907991868
358,0.0,0.0,5.756682602800865,238.03942714776585,0.6460284681268513
359,0.2574182442891508,0.0,6.433692576343568,222.6588353790334,0.6093436462288337
360,0.08063235252034873,0.0,6.226645187231531,235.2150075989834,0.6545400987653749
361,0.0,0.375278474740761,6.765849823432698,301.1662770381572,0.6243058817626517
362,0.0,0.42091211605061724,7.581201961167286,310.4898723734983,0.6452262294606428
363,0.05377504686044888,0.8298390229039807,7.974302881013579,249.94171370517125,0.6260759905850862
364,0.0,0.9118729367654228,7.338657335521867,225.38461523999047,0.5901616664962737
365,0.06824238815154626,0.9789816091041318,7.579757298180806,224.51033154522565,0.6207732228349098
366,0.0,1.0697851257123203,7.589468661204171,290.2380970893224,0.6881371736712111
367,0.8233925662944523,1.1456813855046315,7.585521787447053,251.0995128038221,0.6641489606747932
368,1.7583270380683391,1.0883248444323466,8.074218405991122,265.112410468471,0.6360927544043807
369,2.3497636171186675,1.1481908747387433,7.825457203079853,118.29949329540428,0.6180685472958063
370,2.7994656287279707,0.9281465013186796,7.671270302026861,102.16085386340933,0.6024579632268272
371,3.2362000768874917,0.7115417526646431,7.097926442355332,87.06824694983385,0.6191350276206922
372,3.4149389041744427,0.3766722194330705,7.202976670298164,95.96210627117146,0.6498525994544426
373,3.354930986091938,0.0,6.640875268840567,101.20629717244898,0.6610822205373192
374,3.0226062609468953,0.10640796342285941,6.493925387037112,106.79768087415701,0.677082347734885
375,2.4653682108820476,0.23245831959876467,6.500440667595838,113.29716525900575,0.5952327005883753
376,1.8102343864261474,0.0,6.501913096599059,124.64099863451997,0.6122966278898919
377,0.7972623667030192,0.0,6.131016911825759,286.0728502182469,0.6430309498812267
378,0.16585635764368625,0.012171390775401698,7.342969984704043,232.32203478558043,0.6130396371838516
379,0.2386016986985659,0.0,7.302441556228631,280.00627704278975,0.6504201143078963
380,0.04224737119701306,0.0,8.039183546890502,313.69353097643966,0.6128280287688382
381,0.020872952720811633,0.0,8.103816959971928,257.49876698781435,0.6475839066063896
382,0.14799331135768878,0.0,6.330778000297805,261.68514266024766,0.6157121279657656
383,0.0760503444965368,0.29217052452975595,7.334186886820292,280.979670455568,0.6684517035859583
384,0.020752683724272213,0.6435674717457016,7.808668476268543,262.4034009239681,0.6276812808961769
385,0.0,0.8014883911276146,7.515031020788323,271.7228662205648,0.6160132476389002
386,0.0,1.1538299083129067,7.760576109132845,304.3128945481961,0.6470917111708019
387,0.0,1.0179517465200851,8.640009799661856,280.5751951636938,0.6179006451434645
388,0.077994180441496,1.3840602801986683,11.581445152818818,277.8643466364747,0.7176528776032082
389,0.14066810915665678,1.7476388212467229,8.30306555228977,283.2727869477125,0.6433290886739259
390,0.0,1.469702335749724,8.747633409537597,269.3885280260446,0.6300951168474822
391,0.7219074024900785,1.6042050013636413,8.735722993914763,305.8386788271918,0.5869724040343511
392,1.342378404321925,2.094010017268052,8.276116932040873,124.48502483710347,0.656110897931229
393,1.7931104723353828,2.661876699248629,8.316038252205361,105.77777863084503,0.6580330219592951
394,2.0566058835403185,3.0974253435179797,8.258160955041216,100.23981314434945,0.6067033337452817
395,2.488086999803033,2.9421333234830223,7.97973556766937,90.02768306276354,0.6115209163411915
396,2.505588313395692,2.923877338885123,7.960949283542539,87.19475367942279,0.6516892210844606
397,2.894759477012626,2.740129735153727,7.546408539572275,80.45211905058409,0.6684282802411823
398,2.2653507454897177,3.085413827427581,7.002695370515783,87.40002795501128,0.5928261407111145
399,2.1146153606661247,2.895614385449059,6.523764305086006,71.94209769792562,0.6026645105184757
400,1.5007159086981172,2.6328558578920527,10.530659206002278,308.3378054838763,0.6452313111736724
401,0.7704238377861736,2.1593375633624237,5.967279936022752,98.89744212164902,0.674430675526357
402,0.0,2.159136391624737,7.858635488814024,215.89305508809537,0.5982835509855712
403,0.20387239957926273,2.304030366194292,7.842455618836263,289.5507260322353,0.6341203495678566
404,0.19065540156075442,2.2056837259594078,8.011833427564198,304.9727529824896,0.6750747509933844
405,0.020089623978711706,2.026834796133536,8.485433923217297,220.06711962490687,0.6259141751084472
406,0.0,2.084867563309918,7.559005466058313,272.8094951003393,0.6577978657943631
407,0.0,2.6046435549446727,6.938795551295587,121.63674926648885,0.6543418089442378
408,0.0,2.472505512934461,7.925480624765809,223.95670192923208,0.6367044021713166
409,0.0,2.7152851844195056,8.305931937691778,213.31350757550396,0.6014498268155388
410,0.0,3.0682260408748414,8.27558137308512,264.0167059215821,0.6473302179798992
411,0.2055104621731424,3.465001224091334,8.535742811990891,109.81887807488324,0.6398122025901423
412,0.0,4.096301056160264,9.285325456387124,291.20384208682844,0.6593022861782509
413,0.0,4.5258496449275345,9.108212762608163,120.12623641986319,0.6005614438821197
414,0.04674288695188844,4.8714896908101455,9.55687636263074,113.22590531094312,0.650733392456901
415,0.3449703176233931,5.497467115410563,8.769584854543083,88.14344436829764,0.692581684284592
416,0.5274700010530234,6.0,8.536493850497516,86.26857817205355,0.6296269996282533
417,0.7120768185803403,6.0,8.528566734139362,76.13552914131573,0.5946323242829947
418,0.867029051364409,6.0,8.583136136324793,77.54529179992385,0.6381666075326363
419,0.8764094344235885,6.0,8.442601552983108,68.88477967844649,0.5914824908800226
420,1.0532920471338751,6.0,8.311641311769046,64.63009271750856,0.1819317579005116
421,0.8885140234991534,6.0,7.266359329288518,55.91351401444076,0.19631352289310722
422,0.6198982254228949,6.0,6.623948256893435,53.01224854961627,0.19198674457793508
423,0.6400572256401672,6.0,7.09745449604144,63.27519798454681,0.21532379020253026
424,0.333491956425942,6.0,6.956279741523825,59.0670774785587,0.16980973063950758
425,0.19077899190771946,6.0,6.764028059916986,64.69214022534564,0.18937921750882178
426,0.17034474811632797,6.0,8.147608754488866,78.15457840673378,0.6481620059289733
427,0.205921486479178,6.0,7.675734954033781,69.00975380033961,0.1760489787177346
428,0.10245578507368194,6.0,7.418199364404696,69.29407151434903,0.17238871257888935
429,0.0,6.0,8.380419909474728,83.48553727510183,0.6431655809732965
430,0.0,6.0,7.048200635966419,61.35253559291467,0.1856584706960205
431,0.0,6.0,7.133465499637705,59.46978362671062,0.17670207389386836
432,0.0,6.0,7.681111701418393,78.98542585511464,0.6235250661756817
433,0.0,6.0,8.383937472248862,87.18744811726528,0.6309363686368534
434,0.15029617914405696,6.0,8.28785799204966,86.5933125043974,0.6350895035903145
435,0.024483805651659023,6.0,8.911308414611273,85.73253152764174,0.6451415833074995
436,0.0,6.0,8.709603053407776,89.38287514835358,0.5849626691324659
437,0.0,6.0,9.20872269633654,91.61641518347419,0.6147560258886592
438,0.0,6.0,8.765734767523528,98.5674350905268,0.6194268051389611
439,0.6371152686843322,6.0,9.049680402359554,95.66045398313939,0.6578222131268605
440,0.6215418692383061,6.0,8.474117357183033,82.308203423884,0.6531412788532768
441,1.6097066066324326,6.0,8.30658767114273,70.00124282872889,0.16516150917797648
442,1.6569491887922103,6.0,7.851814676505379,49.16006609023342,0.1617206349605647
443,2.3406544159187535,6.0,7.392062879217598,39.534907266688336,0.17259351886585386
444,2.7297016452966916,5.605316382830583,7.146517020453962,37.82209290133252,0.18518272768866023
445,2.773146174098498,5.0223828810815,6.979334776680299,44.675583045377365,0.15653474906074033
446,2.477770057813295,4.834448267764675,6.519033256124372,42.781203124878374,0.15419701727231594
447,2.5160958115358927,4.635326895028996,6.296119107451036,45.157600414164,0.17040305852713516
448,1.4832752830948306,4.247897036738326,6.32693084684582,63.435088715004206,0.1910411242389847
449,0.6689945803650202,4.225042118852715,6.611239098115336,76.2241625574548,0.6616043652352284
450,0.06732098018647685,3.9559445782436202,7.4317316715097155,107.60953319763216,0.652724975564815
451,0.06387495853231458,4.054527431164777,7.333972475783718,97.30658133562929,0.6050873608778828
452,0.0,3.809961553058298,7.466118151370322,108.83336917500299,0.5939180095057929
453,0.0,3.8728274283232715,7.90458467043999,113.5176191210901,0.6643185949210332
454,0.1693926212731974,3.636645686189957,7.3376294567913485,98.37381152635481,0.5899804648477107
455,0.0641219721597428,3.4631166462987903,7.013118948302264,100.8687167699103,0.6207799473866406
456,0.04362082964086084,3.493833121358987,7.917535767228582,126.11435427657841,0.613010079434581
457,0.0,3.0895243782651303,7.774922039998566,120.39393305651888,0.6513775913148853
458,0.0724142749417266,2.9320376500007708,7.909097101065811,126.10149758112117,0.6351824487616922
459,0.0,2.944813597445363,8.209954216574138,290.55649670887834,0.6334029490370063
460,0.00033388344344393027,2.8904956751996256,8.767502115637933,202.7912557233449,0.6382820668325334
461,0.0,3.0205333863716333,8.555444707292569,209.5773436654097,0.6024714485477467
462,0.1458413411690941,2.8465785631273817,9.170317834239084,216.65097859567305,0.6292717478553214
463,0.5296118220310276,2.598119703792083,9.362448069074551,280.5479032941971,0.622162381400834
464,1.012582797661168,2.7080311280944454,8.423725935635165,116.47249951652844,0.6598415931509958
465,1.7745338310391208,2.861708205885093,8.14266941176852,103.80792720530025,0.6082500372237641
466,2.078424850402105,2.722178587640663,7.7645945955472815,99.71686723757587,0.6141177179184951
467,2.3379718195207224,3.084378408321305,8.04911549677539,86.28539742119499,0.7122375612240041
468,1.960458620579467,3.394024396323932,7.403466714214852,82.94421245774643,0.6324043808408575
469,1.408311649549718,3.8729408095690614,7.066150735454019,77.68504515025433,0.6552429025034485
470,1.141595728564641,4.291676358500991,6.682712855008705,74.75138671267388,0.18015362601258833
471,1.0780516015412331,4.267048348029755,7.042749716881884,72.37806310910292,0.6248795207167323
472,1.284029289715474,4.844956965291987,6.750692744037665,64.8687397420284,0.17468189681983723
473,0.5762571367980281,4.6872250424236395,6.617572843142804,77.26062818057468,0.14253150408309948
474,0.0,4.806433267505295,7.353190927877496,86.985949349489,0.5930311104866646
475,0.0,4.937115700321363,7.62019689636143,89.36917825549254,0.6072066094892704
476,0.010967147061140724,5.006246815857833,7.8875692243438795,97.74995099614814,0.6208232994636916
477,0.0,4.937040311020338,8.057383384029519,95.27214636792894,0.6324734977498675
478,0.0,4.6073383895696525,7.09331101741526,91.3848732009019,0.6084601425626869
479,0.0,4.40756281787834,7.749728012670295,106.60960713294882,0.6211864829936197
480,0.0,4.250569571367497,7.883323835567974,97.81158719268137,0.6093889779148658
481,0.09783859865171513,4.471140703271416,8.298707136948615,108.34654580651618,0.6402024958983792
482,0.0,4.250000991347552,8.254694452585793,116.074358594254,0.6098588404046781
483,0.18248230781893168,4.2932413670734535,8.48785543564175,103.27205598087103,0.6288376802928116
484,0.0,4.1858521244691875,8.655543655294093,117.6625055223651,0.629397970745502
485,0.006559557464693877,4.03419750829623,8.861289727688211,124.07936813503302,0.5933314508207187
486,0.07291296350798607,3.7309602028440003,8.476613699057289,117.97119942796644,0.6267605094497805
487,0.9248273004424195,3.4760761591198235,8.732190831832295,116.71148075619867,0.5931985206473287
488,1.828629599748554,2.8233953876966926,8.882949850635985,108.87986555092567,0.6797716902759358
489,2.348349849704464,2.6643988283103446,8.409394199251174,102.87485261561449,0.6143431689333515
490,2.7501594213189136,2.563148405182704,11.798237304249277,230.22613401959376,0.6272841240956823
491,3.2890772819910143,2.3093532945138495,7.558602901077461,85.7129475253299,0.59048286803907
492,3.1287643633474986,2.355715100753997,7.65529043631695,85.03151876534191,0.6333991288818461
493,2.7014827991471337,2.4534075727083056,7.439083653563537,86.49980975578691,0.6600349828250274
494,2.295273943100533,2.3654303204565053,7.520312285974904,99.04455438503255,0.6319952881252868
495,1.643863648681942,2.7111193223582153,6.881620317283238,91.84454684978196,0.6214461824668863
496,0.9751578993849334,2.7537847524105286,6.569544146575768,91.09263881187917,0.6427244499700185
497,0.3188372897004073,3.6030046671103086,6.476314615100408,88.84413895754818,0.6395925262309251
498,0.0,3.5771140198885156,7.7761891148049,109.47289166157158,0.6581821837025021
499,0.0,3.5257254780469927,7.815447203724333,116.76266553086467,0.6056039225753923
500,0.0,3.5653602627090315,8.275628464359308,126.59370567605868,0.662573969872217
501,0.025888217688350285,3.8176644975438965,8.06052015946847,123.13663149622306,0.6345822120416391
502,0.0,4.37487616763829,7.3358237084693245,99.72295964028028,0.6631406336313037
503,0.016610020629783104,4.62761889939084,7.196875522433966,86.42679854415364,0.6403611271960205
504,0.0,4.764314319422528,7.291283055202943,93.57848859415304,0.6288634370988918
505,0.10913845745355506,5.4778167304703285,7.6548837085616235,78.1958759468375,0.6660775438875637
506,0.09308971692443364,6.0,8.452616473005518,80.18103705415405,0.61249104193963
507,0.0,6.0,8.319670537654096,81.32274164210216,0.6265291344194361
508,0.0,6.0,8.568427368035234,91.38579312322146,0.6071471206384952
509,0.0430361428499496,6.0,9.390757765961764,92.50917557242485,0.6571544471161992
510,0.1566866693881747,6.0,8.50666189433316,89.3503773707434,0.6560750383654272
511,0.42212151838131906,6.0,8.85559775588545,87.6479947372993,0.6733570161432701
512,0.6206568140760121,6.0,8.453094515975097,88.06184341505602,0.6027378670409286
513,0.8744438782147067,6.0,8.26797133550217,73.58502931148449,0.18758407022182322
514,0.8189242181037404,6.0,8.144187961018865,70.64393283125543,0.15777749940734068
515,0.6633419501882057,6.0,7.761744147941429,64.08150651147548,0.19867389430733506
516,0.9979161606051261,6.0,7.952790466793712,63.27657262257419,0.16891326269822537
517,0.8929430949722023,6.0,6.8324658091217065,54.16248639486707,0.1426757788918428
518,0.9496402254049227,6.0,6.628660762745486,42.230268978719295,0.23337430286718194
519,0.8382507837446702,6.0,6.152437886405987,30.96145846702393,0.20739055184103333
520,0.7330296254484602,6.0,6.40085044092163,46.19546892726274,0.22667680856061798
521,0.2666007470642898,6.0,6.106885269126898,50.94829789051748,0.21984913656015873
522,0.0,6.0,7.459419943901574,73.31939352965365,0.20147853608947358
523,0.09083754566272048,6.0,7.337723127857855,69.65938447131727,0.18565899525502683
524,0.19674456085612413,6.0,7.794466607472639,72.33551250416238,0.6496628103975578
525,0.0,6.0,7.727073124115969,71.14662989730046,0.6343392351641242
526,0.0,6.0,6.958270830068498,74.96961789528504,0.18173000139917114
527,0.46637463252492956,5.941664845252269,7.272719222230838,70.17165077624638,0.12846789842901596
528,0.1106083067742675,6.0,7.467665652968283,75.16877382945304,0.195416718640397
529,0.0,6.0,7.982298480008633,79.71674323027621,0.6426494689020069
530,0.060849823176727255,6.0,8.336412121019373,82.34458246412075,0.6136249714189327
531,0.0,6.0,8.581208206679511,89.24437936508025,0.6445660153268042
532,0.1924223661652404,6.0,8.273065306314558,86.37414228476284,0.6344182783567711
533,0.01770175133509988,6.0,9.353714436383349,101.40625044003399,0.6020150348517804
534,0.0,6.0,9.10103061970178,97.44506543378749,0.6512202322869753
535,0.6240944731769232,5.799774267285568,9.100353908553245,94.01421094845414,0.6094816987423187
536,1.0357344646536708,5.651950429288565,9.116170827106421,84.22168827494546,0.6644941903463922
537,1.257935689775105,5.76176511639427,8.427561509130024,69.18804552763474,0.20782350666993374
538,1.3970226818222007,6.0,8.77736285792419,71.27485468553142,0.1912671746281875
539,1.6410614782549497,6.0,8.437071045330304,64.14477754037338,0.16248411369604346
540,1.5262737179390558,6.0,7.897638141758127,67.89113017977365,0.1850961607186746
541,1.4880586851122948,6.0,7.858680224124656,70.16336005533043,0.19098487687686705
542,1.0361070283140628,6.0,7.223258174627527,50.69576534238148,0.1591641834154511
543,1.1087313016096463,6.0,6.873754045727544,45.787596581811705,0.17745992555377157
544,0.8199438117626425,5.774779059057764,7.085283302106736,59.847706180222275,0.16720282056809546
545,0.5691870230196001,6.0,6.865115534201184,47.425077762375906,0.1592762894088723
546,0.05175422815122426,6.0,7.9962337479316865,77.08749984866074,0.6688577467685951
547,0.044836758731682635,6.0,7.888485179158625,85.0963749069724,0.6330585537388328
548,0.0,6.0,8.44360292137689,83.72984179114748,0.6251831713088297
549,0.0,6.0,8.098888777484877,80.05192861349619,0.6129400184365825
550,0.0,6.0,7.178280615587345,75.13293799072953,0.21536525114171545
551,0.21099251054986332,6.0,7.2443894774676565,76.48894420447088,0.15455215493121463
552,0.0,6.0,7.5721353483035285,74.47611549485926,0.6744022644474728
553,0.04927228818914975,6.0,8.026500523958912,81.63500520781092,0.6650978938552736
554,2.0009613476091115e-05,6.0,7.881224783563482,82.2895668045768,0.5803776032236483
555,0.0,6.0,8.607951772325292,95.8707301846816,0.616310783079099
556,0.23270322042676772,6.0,8.620178776811258,79.80940506103072,0.6770206955062696
557,0.0,5.880718149472735,11.775098097668693,309.40006754269876,0.634605761320684
558,0.0,5.96475073638819,8.39683619210997,86.18330807174354,0.6146665969380717
559,0.53135423652879,6.0,10.524570494740457,111.5968427383932,0.6490472658714032
560,0.9167622771604236,5.917085075198947,8.527149501757291,81.32699234096827,0.6232080766621697
561,1.1527563159103182,6.0,8.751685369250364,64.89611251599423,0.6415034033799903
562,1.1020065268933945,6.0,7.896556042960986,70.58552787037408,0.16478291443293555
563,2.030232699004552,6.0,7.601325913543463,48.88255821514319,0.20360515071206617
564,2.9423362549357943,6.0,7.286719396761733,29.34557416078598,0.20538612326145306
565,2.945501245754325,5.714857731359157,7.192106428261348,36.28469988004204,0.1997398424652638
566,2.6761975364241097,5.269277359133693,7.039572432458424,44.74018874083285,0.15870334415750764
567,2.202273732811654,5.274926503067243,6.7184181763423,54.35667317710945,0.16618794004777074
568,1.4411687324735845,5.2616928570774215,6.436738961179301,54.897072211440026,0.1639948985126397
569,0.8183820810295033,4.945460050085573,6.018720779353387,62.702397461603624,0.2477496941969619
570,0.05196985283177323,4.660126386699958,7.879073000500195,100.51085536499612,0.6029604206952613
571,0.2238876731205667,4.397129148748051,7.63073227514246,100.79425339978593,0.6313862517283592
572,0.0,4.422729062905173,8.02166628175019,101.61374299213566,0.5908158624053885
573,0.10333513546310198,4.6650626132402,8.125235663021703,106.53877305231788,0.663322277820024
574,0.0,4.382465487232449,7.039167762199341,94.31580081718351,0.5959309052742688
575,0.07479385526058893,4.319861945700111,7.491983344463663,103.61101426255604,0.6209408956633408
576,0.0,4.207430903612476,7.686469570602789,109.41930584054718,0.6362075757872755
577,0.0,4.2183787415042495,8.448458712563777,108.29523499001927,0.6163813341828025
578,0.060691377912577144,4.525946068066411,8.51909159671731,113.5985978636639,0.6753980285911771
579,0.0,4.385859563560097,8.71190991011105,120.40468518565353,0.6356271051720415
580,0.0,3.906466266911434,8.591135584870676,126.51898530783522,0.658073503942626
581,0.0,3.792673277511992,8.816017703450786,251.107897845919,0.6341260399622917
582,0.0,3.2987359543875807,8.777528236327091,298.09880565873334,0.636772933101185
583,0.743408290657978,3.673846961982932,8.85236117679679,110.51051994520306,0.659246328162292
584,1.361018501021636,3.493785388925574,8.575158728490374,103.77061418347606,0.6398875974959162
585,1.6020003095114048,3.4891869371069757,8.147368252887201,99.84631966055636,0.6155947973865801
586,2.3362852177770255,3.564033131378535,7.848283584499538,85.14942998500348,0.6063544338668715
587,2.660652816876385,3.573783665545127,7.788116618115427,76.72462519980283,0.6727152500764789
588,2.455554826917917,3.49837016231882,7.718073131829282,77.64769352461533,0.6384933184698671
589,2.7566278931945325,3.462692478179676,7.232018971438837,66.36441163563015,0.1894538723889914
590,2.2181049163533277,3.728466883278051,6.769983409686237,69.68195179114018,0.19595290756067202
591,1.7999877631886827,3.646045699120113,6.633279819471995,75.25824787533132,0.21795898111123857
592,1.2052863778878127,4.151185486278483,6.683956183720425,73.84449715830738,0.18827434441832
593,0.48444256926417817,4.28916505998797,6.300430532787582,67.83719197996707,0.6046025247853495
594,0.0,3.781888402341038,7.43999468749202,95.2666055652282,0.5978118593612782
595,0.01575871899478805,4.159888154211284,7.6384452104165135,95.81107045941333,0.6303404516627042
596,0.10155048318451691,3.7857600611439395,7.87639209652881,108.43059243736393,0.5914181488394789
597,0.0,3.9700117911986736,7.501073755733848,108.0877693325874,0.6556826129929033
598,0.10482459445740606,4.618662732459725,6.654434072454186,80.04396229268441,0.6666885955505467
599,0.23753236746394465,4.945621910550053,6.96844142615349,76.85867138751215,0.5777743484349158
600,0.26253306972774487,4.767267679319097,12.231235271884788,254.39159165493737,0.6177719169615136
601,0.0076286944846843015,4.655335998345368,7.748824207110632,96.1984260471943,0.6048584283980524
602,0.13150972011443973,4.708840110096718,8.280063775224278,99.7523254318735,0.6931935327726206
603,0.07834270380650579,5.067746937076936,8.119980842015913,91.15252015213984,0.6121625217737058
604,0.09968255088215851,4.8343609913857835,9.129524337362582,108.69237006893945,0.6654794718771623
605,0.10609853728862556,5.115808254396151,8.800229565440205,102.14577628226216,0.6788555747407106
606,0.06841107045304332,5.12584440254951,9.060198844522295,107.47265551712898,0.6296808071909636
607,0.6731241971732277,5.097888718418698,8.75875142467655,92.39882602105898,0.63665604927879
608,1.101241321323991,5.0670457857923905,7.932222958406275,82.33867749951169,0.662793614864845
609,1.5525000845001062,5.480592978653207,7.771755581105538,58.19398022365563,0.11642819768507273
610,2.2936515042973054,4.985769386007884,12.14199927971994,123.3459882846355,0.6176629216939975
611,2.5381258006135536,4.62412198101973,7.602593126664214,55.60959932926889,0.17102477371256256
612,2.5506487776064297,4.830450421715907,7.320422564938627,55.17288316838139,0.13383354632691374
613,2.8355011723383217,4.936935631804053,6.2288259794594385,26.581083080316247,0.14572306572637062
614,2.331978098939237,4.53165709113446,6.209190486266922,43.260923724797834,0.18125991903396926
615,1.710903339769958,4.340611053989214,6.299600125665925,60.76002158141261,0.175096418471478
616,0.9472356024270183,4.116719203645342,6.373374123030059,75.03971116603938,0.11927172355000765
617,0.4939009401744402,4.355762211282239,6.124726200650809,66.22544618231983,0.18903430735490076
618,0.07162295510193516,4.416168271254419,6.971842582060367,84.35470548390417,0.6475181193758837
619,0.00977946382525177,5.05824109837317,7.127378842733423,75.41998401711064,0.6431391505141866
620,0.0,5.433314003588395,7.2829027377685716,76.33859348976942,0.6163449611636809
621,0.12558258686100254,5.64910702943263,7.374877100065508,66.46633296720567,0.5873738147810684
622,0.0,5.816852194255641,6.7396320165879615,62.827884049391855,0.1630036553612072
623,0.0,6.0,7.122303933331386,63.42986239948596,0.1694232084745963
624,0.23437047116520404,6.0,7.374790766099676,67.14533882727406,0.17022081141381823
625,0.0,6.0,7.240179823380896,67.70228332115485,0.15343595417739614
626,0.004635303546845607,6.0,7.57966931756005,73.27115834690788,0.6212862504952564
627,0.0,6.0,7.922625902825132,78.9225824931609,0.6012341403942277
628,0.01934060288901062,6.0,8.478507707150891,91.3791189116282,0.5940390207804928
629,0.07394245388036828,6.0,8.498265250306574,84.98111207101968,0.6509024795046902
630,0.0,6.0,8.230197893669274,80.64962416972449,0.6152959247648268
631,0.6315109055089853,5.877710244285987,8.524337204668791,85.70926038104876,0.5989666126279763
632,1.1632812366192953,5.841185831486623,8.281969843967216,54.369139448436236,0.19116696949681192
633,1.2997560716566678,6.0,8.030939459908273,57.46965876390573,0.1778896532545857
634,1.977214157711809,6.0,8.002179741671327,47.5625231429276,0.15716802179891945
635,1.7482610559339065,6.0,7.330008035867261,53.90339239207955,0.17201497737874394
636,1.7190480183504246,6.0,6.952889551840586,44.437237036123136,0.2030725424865615
637,1.782937394882464,6.0,7.393492669902749,49.12802149184423,0.1520752414613535
638,1.3112670924027032,6.0,6.708313962958347,43.56610949327707,0.18731588667999627
639,1.3010366932216078,6.0,6.678970873123449,44.81229525878761,0.21143565829812894
640,0.7377115057880427,6.0,6.142672171162104,50.338441269077364,0.19111049612379066
641,0.607249781366187,6.0,5.594615763467575,28.98072394841963,0.20645825652226976
642,0.0,6.0,7.490292598969753,67.46664533869532,0.1434005034761336
643,0.0,6.0,7.115106559130509,68.85064025277583,0.1743298608153134
644,0.0,5.655102411712682,7.341679361880349,70.35511304503325,0.6814473484443125
645,0.0,5.346849958403059,8.012584935792727,91.77295624691556,0.6392478239256246
646,0.0,5.089995844366075,6.402709178456409,72.60048869749652,0.21589078170423465
647,0.0,4.840279777472921,7.053991253196209,86.6652782997538,0.6255369243755285
648,0.0750959286126198,5.004749580551963,7.839001365114638,80.47144369843402,0.6417228077847162
649,0.05505674635171831,4.754286398330905,8.40843829995894,100.97664125886513,0.6498468711234202
650,0.16261926054149198,4.68504584378954,7.964375938407476,98.43961621642661,0.6643057095982428
651,0.11600352307865354,4.583900526993554,8.44809559686642,99.83557332969336,0.6297343084167137
652,0.1561253158350676,4.639097086067523,8.464962698877509,105.59366218508323,0.6602520140954536
653,0.06905599941502022,4.465864827525671,9.107004507877669,112.02548715885963,0.6085374967492072
654,0.13378545357348026,4.516063172005929,8.581355331203383,98.69083778890581,0.5968795252594921
655,0.9161431013808103,4.279250912600478,8.999210178013966,111.15454345191705,0.6031862913337005
656,1.5975420662076325,4.124409669834732,8.252542175758277,77.58862510556506,0.6319608057834154
657,2.2508619731284236,4.092375041127235,8.609543405084006,81.39525168517584,0.6226632401495515
658,2.417497711924576,3.6067348846408973,8.53892995249051,83.66741320659187,0.602323187309305
659,2.6703339085805973,3.6706780304915396,8.10910234022617,70.85405964082724,0.624773957990609
660,2.1106992478288857,4.081609532907709,7.674991957072755,66.70452016281175,0.1847430518163127
661,2.365610964081856,4.111047469852445,7.299622618143427,51.56777615033387,0.20309786037408417
662,2.14553263286508,4.014805802565934,6.892734798424405,60.32560094357643,0.1885633628497261
663,2.1979683051195416,4.369466379821511,7.246249908781143,53.081985834792945,0.14553359042860314
664,1.5682320705930197,4.230188075225127,7.152545287714034,77.52116605962976,0.16880232584216365
665,0.8210928466190501,4.254351921997709,6.757929572023287,70.7213563483418,0.657833661465215
666,0.007080480389162494,3.3400011002496464,7.706558134270187,102.26007207589102,0.660803043302413
667,0.0,3.148048142947772,7.7086663777404025,115.18839268816879,0.6060183994494097
668,0.037830909384053465,2.9133379981690837,7.995335974939328,227.2684673250243,0.6304504486173451
669,0.061466556664379585,2.9708646218558594,8.584439870631304,262.7908615641438,0.6127467692706882
670,0.0,3.170401323619102,7.459949454771992,107.93549021359652,0.6130628964402748
671,0.10863553012782197,3.052733218989836,7.645641645734044,112.27041074769454,0.6193882346046068
672,0.0,2.8737697131193505,7.237543209368188,110.34122804710455,0.6372772428909909
673,0.02629718304797778,2.1044878359057204,7.351174861513075,277.43350528695737,0.6321886631711335
674,0.0,2.2748709698537692,8.197381753038018,308.19385936227883,0.6162766205130749
675,0.07838105834173636,2.6201166404149396,8.607156577320142,242.33017646859048,0.6025067302989191
676,0.07562433737519957,2.801153923568048,9.070740885024598,294.4136943111924,0.6106443406801538
677,0.004018040849531741,2.863989733167195,8.669068254003452,230.9237319978113,0.6939887757851962
678,0.0,3.2666183113237697,9.079941560327056,244.26487151942803,0.6385398391355778
679,0.45581447014841014,3.8133915869255914,8.68508905804842,108.63636439638407,0.6852364426322473
680,0.9123550445350948,4.200942336771997,8.733227552354373,94.9878473361507,0.6698354132815498
681,0.9046364692946484,4.9947088901041985,8.245876799252606,80.48241653815712,0.6516185665571498
682,0.8159164148517709,5.173837248351146,8.041748673194942,81.11392783622273,0.6349717770378311
683,0.8980034720625796,5.096572484933968,7.750644622018556,76.89085243908231,0.5929005971433898
684,1.0510608423366352,5.479657000893318,7.598967395513194,59.42368781983029,0.18721806200599703
685,1.454488840962467,5.937260696248653,6.999284632324516,45.71394071629953,0.22841708975944508
686,1.3629177754148993,5.914279280044717,6.741991812034055,41.1951727271259,0.1493519753160904
687,1.3017038333013948,6.0,6.7308822128892025,43.788415182336294,0.1692378621422776
688,0.7667836891713586,6.0,6.120536624090456,44.66496440184041,0.21268207698841607
689,0.3569966917716986,5.764036417680805,6.168930949533452,53.15676127742833,0.1803849038221852
690,0.10805823870690096,5.5741921671340116,7.344853280710479,78.30813989211394,0.6572123238221678
691,0.0,5.077740839896798,7.375688124420058,86.22928344337923,0.6286141091483153
692,0.053344648518806395,5.236644356024901,7.906245600834871,91.11850148979559,0.6389929223942625
693,0.10185382749936517,5.461339526318813,7.68182525817992,79.61314486966529,0.6240024529295278
694,0.0,5.785340058144888,7.226035050962249,62.294346231492014,0.17133380649308183
695,0.0,5.57598471889586,6.656472087679939,54.65236398343792,0.1766315726005
696,0.0,5.525134575461888,7.197621955151543,73.18975120284567,0.6440733393557856
697,0.026143100776925783,5.204436481390932,7.827670938396762,85.61659604726914,0.6279730344336897
698,0.0,4.941039379770116,7.253436367761093,74.97000862201531,0.5778536315656371
699,0.21916661846878388,5.31592607672302,8.009523624239428,78.04157990688581,0.6312484920240005
700,0.08878371186141562,6.0,8.425960596066844,71.70052559097181,0.6672525798122592
701,0.0,5.687460255096481,8.03556762021263,88.6902673666576,0.6234535211825167
702,0.0,5.532636181373573,8.793565694801428,83.48563548021741,0.5952034726654116
703,0.8182158652237819,5.735423582637145,8.791484246812061,70.15910225304471,0.6225749910637812
704,1.0907519664221694,5.593764071440075,8.219517303929447,73.63964291782855,0.5931581114436105
705,1.3091204509694236,5.801282650141582,8.044247238918944,66.4030454289968,0.20953260954986314
706,2.0016679628400205,5.657041112873582,7.983165709063353,50.53746089992782,0.1847678204353443
707,2.3352224679643747,5.496114750187541,11.213254199715465,98.21672232283987,0.6364355385519995
708,2.3080061178148523,5.653534600148711,7.177161224123164,40.229678128018584,0.17161476062055764
709,2.4949321823863153,5.515030578503931,6.856619898132996,29.25250324455472,0.19357201159551699
710,2.3717575313161414,5.049158507413528,7.182267633357942,57.962551301246066,0.17882390574952733
711,2.066106561278278,5.030807309670766,6.403609750694423,41.5678272787292,0.2122172726190464
712,1.4393871962361462,4.845312646765023,6.096347226117325,47.97351809695073,0.19687497831553646
713,0.4611093568419289,4.544491431679875,5.88059569153802,60.620040144309435,0.14363747955924466
714,0.0916811194513634,4.195275181160991,6.520618997152211,82.10301298027731,0.6026997986812408
715,0.10428771963453205,4.1071163095554395,7.145112773367911,84.85512602104552,0.6241869951086225
716,0.2251957555249303,3.805306501928443,7.394695587270439,95.39343958959235,0.6427160804721052
717,0.2645326471883481,3.5553283308600054,7.5928706506304495,102.36640023324269,0.6220982730438718
718,0.0,3.519989006506529,6.429006998995452,91.3988411170211,0.6010973061944824
719,0.06640093166454497,3.3359023257085965,6.956858593966016,96.85208801823583,0.6075442487308402
720,0.1320128219387873,3.4521102305417632,7.238720868859168,100.78800467829248,0.6224408711932388
721,0.10752947503118479,2.9569088368679175,7.441760265451776,107.09516175823843,0.6649649258634478
722,0.0,2.9165729855990543,7.626328351479695,121.16781793604267,0.6048882212774191
723,0.10858168554773802,2.941496168081112,7.809794975631703,109.65315601340318,0.6131445540180386
724,0.0714848629989216,3.221587782670268,8.029942186044105,107.70822885076103,0.6376294326462677
725,0.17544216798859982,3.037071014384652,7.992598318386763,115.28572305885045,0.6327168668293334
726,0.008324163560946235,3.0903818318284286,8.549557569931695,214.12896895546254,0.6387551574627095
727,0.8888173962258528,2.813578182185185,8.241270398308464,108.88700785057127,0.6396986282647826
728,1.6925351020527513,2.3820233228503596,7.985939016678623,103.36164001086111,0.6449034438163671
729,2.4408179525272917,1.9369194955195443,8.29954528229306,103.42884360473442,0.6568679067554003
730,2.9502826375500577,1.5222623619388929,7.659092063430171,94.7511175066076,0.6218452634655052
731,3.3509023156676725,1.5045061411983878,6.844729583537645,83.79897725011787,0.6664529497721542
732,3.571219002750569,1.0761367874583556,6.530690318046286,69.74493387032282,0.6289583492697635
733,3.4466650086426407,0.909698752233297,6.474965137841344,74.96004651078081,0.6197444916282218
734,3.2001118369803185,1.0256305474056284,6.097864727253413,74.98614397912186,0.6185981178549024
735,2.616758317658335,1.2037379100156187,6.230506248356128,80.93544184128064,0.6495714506639745
736,1.8354768656997307,1.264098960819057,5.9637483431336475,90.50770214412066,0.657674843893941
737,0.7776104076284311,1.4305850400373252,5.9361213444921725,109.3065556193068,0.6111495749236605
738,0.07833603084475205,0.9110984605452201,7.240767687691241,199.6773037120433,0.6494878830014821
739,0.14955647731550692,0.6357854341212262,7.262207804324464,285.8689459841912,0.6413756301400089
740,0.0,0.5675019439575961,6.766194341397895,233.29704735209702,0.6101111104845944
741,0.0,0.7293831777211848,7.18087525718538,208.65265551076072,0.6310077148720437
742,0.0,0.7247808651440772,6.118199387918622,288.1083600035838,0.6489518924236203
743,0.0,0.3539364772903728,6.790892062943882,221.4092921452344,0.6729570868448151
744,0.0,0.20417398163363576,6.926587784245376,304.1235940907703,0.6385841469275549
745,0.0,0.0,7.710735022988153,244.5098224067413,0.6221992574223413
746,0.05453546604921382,0.0,7.85794027705386,301.5458674136338,0.6188985554189088
747,0.0,0.0,8.136016550407403,266.5365912885195,0.6161250229727556
748,0.0,0.0,7.813314035955584,317.2434389359071,0.6567361652076233
749,0.0,0.0,8.197492549079037,325.5729682150361,0.6124313022519515
750,0.0,0.0,8.420697477919095,270.18796317685064,0.6250774934907494
751,1.0372424203128199,0.0,7.8742102624594255,210.54988522126817,0.614270587313961
752,1.7604104989120144,0.0,7.847880678353163,245.15584199551952,0.6372039583058621
753,2.546902636789088,0.0,8.358179436939068,304.7408050927488,0.647516480997736
754,2.9979998880696015,0.0,8.082601005410558,180.72733887687224,0.6605066720141151
755,3.472078578542328,0.0,6.921200851898739,98.80881111845513,0.6689153422739237
756,3.5806533400859903,0.0,6.906464073009675,88.2774960372321,0.6255174954112652
757,3.3692957585574734,0.0,6.336992041244559,102.82128588709611,0.6124337035097721
758,2.8249396846642276,0.0,5.87492382686786,88.08589778294849,0.6572957424088731
759,2.5802085500574248,0.0,5.969119833085377,97.88759833482511,0.6428173554592597
760,1.8399664782666298,0.0,6.031059976270625,108.21189649497285,0.6349018243357919
761,0.9344337399290857,0.0,6.000750491018737,247.44182406226875,0.6282536022394143
762,0.03598959393400749,0.0,7.237621349375386,225.9512360125736,0.6412925598021029
763,0.021724150475377516,0.0,7.611426017287078,222.63531448307396,0.607829904428094
764,0.030002207688507216,0.0,7.157455787938984,295.7832256244631,0.6180248298353912
765,0.0,0.0,7.457684911838722,227.95247993086053,0.6289886139695008
766,0.00020627857679142686,0.0,6.89970917569295,210.338451884934,0.6407370280595667
767,0.0450902867456296,0.0,6.965961335803626,310.9116673344216,0.6445471716979922
768,0.0,0.0,6.776827243649084,314.2830366830674,0.6212837405464604
769,0.0,0.0,6.930512483731347,274.960693142438,0.6337790590804278
770,0.23008702515563664,0.0,7.519004196495928,247.3821807241916,0.63629622404452
771,0.07982316190887062,0.0,7.882347622480315,303.08828344372114,0.6527623330830645
772,0.0,0.0,7.997423151183377,242.50503356772953,0.6462398117178662
773,0.0,0.0,7.951019636725308,269.356787153729,0.6126500512405989
774,0.0,0.0,8.167440868639144,254.95667091487934,0.6486585948453791
775,0.7417567256460895,0.0,7.996403466755457,291.17454136573315,0.6853577113737015
776,1.727042874658099,0.0,8.221296103060658,268.6024532959382,0.5937447322628963
777,2.6364830165617197,0.0,7.847334686154993,223.45649664485455,0.6468354743734918
778,2.791109804095618,0.0,7.53562565426665,113.89926037651055,0.6216987584820939
779,3.3037362111781587,0.0,7.618745411521956,106.21504751758086,0.5959465854143166
780,3.7367713909128075,0.0,6.978950482506097,89.19975325639392,0.6399332772099764
781,3.4681710470354252,0.0,6.7756172324444135,92.97906995065414,0.6586591932330255
782,3.087917269885551,0.0,6.774967914281845,101.18557970418449,0.601205834178627
783,2.625352721946622,0.0,6.4963412752438865,102.16283797092166,0.6335368003630696
784,1.7426875425587385,0.0,6.779034800817519,294.07095564859833,0.6596174436182692
785,0.8916781307675897,0.0,6.527804643939552,237.81193610029294,0.618521992056109
786,0.09292624806924266,0.0,7.24564272804241,224.8949180708694,0.6408482407152134
787,0.10932784146485891,0.0,7.363601689982722,269.34761153455963,0.6340587670513455
788,0.0,0.0,7.354038363623703,225.26318526392487,0.5939172044549581
789,0.1905763061193458,0.0,7.41245339392131,313.49867431971694,0.6529821549217484
790,0.0,0.0,7.162645230618171,296.82842110086176,0.6193692545378688
791,0.0,0.0,7.26074522084855,236.0478727682153,0.6533391413037516
792,0.3762817819372729,0.0,7.19112076626853,207.15468699194957,0.5972582845667844
793,0.0,0.0,8.218930390982358,327.0960936403783,0.5956997776160058
794,0.08608347604311715,0.0,8.327594421046337,261.4718047990416,0.6147947023019077
795,0.0,0.0,8.539960279368708,262.1901611210879,0.6768932189516926
796,0.0,0.0,8.526866191852426,347.2008961927233,0.6404843589847047
797,0.0,0.0,8.174014969628105,285.9810364937903,0.6441498675614901
798,0.0,0.0,13.03854145483495,308.01694632183467,0.6163093863997433
799,0.9921160936851737,0.0,8.71295100681106,244.06330609143058,0.5915655271914834
800,1.9674316451087683,0.0,8.464137032611301,302.7619692926727,0.5831549888397936
801,2.5872650133037074,0.0,8.804618997669959,287.26136288344287,0.6049297092002518
802,3.2255266166710017,0.0,8.574217583047508,264.9120319528098,0.6366176945996455
803,3.3274940810635134,0.0,10.91122448960214,335.2335834435819,0.6748668385403958
804,3.6835306822301916,0.0,7.761796687438795,106.41369862261539,0.5895031088773315
805,3.456020960016035,0.0,7.523892555482591,105.98745053972253,0.5782432782403352
806,3.203305675967647,0.0,7.107979809915177,93.79165440744673,0.6512400472477151
807,2.432204872411945,0.0,6.740799432944186,109.43354579184414,0.658671466107003
808,1.7295506243513534,0.0,7.036073443211112,224.39320788633262,0.6350784966867146
809,1.0773012435935976,0.0,6.435291625363208,268.42790788774505,0.6031099943156124
810,0.08051445692882955,0.0,8.014857900980491,290.4766727099826,0.6590863604056398
811,0.019971961245220257,0.0,7.75616385379107,296.0045808625452,0.6065088380172401
812,0.0,0.0,7.832504115845549,244.00933209002943,0.6931248845916231
813,0.0,0.0,8.437324165737838,307.5448504785603,0.6242243783539484
814,0.06478717698152439,0.0,7.0023334053976924,308.9577307762868,0.6104753178758474
815,0.09301452167947331,0.0,7.51719258757959,272.80948396025786,0.6132190574518267
816,0.0,0.0,7.921297833982391,289.6943183506275,0.6938043585774378
817,0.0,0.0,8.445587041129166,305.5262337445484,0.6460036372722817
818,0.057129912742495376,0.0,8.460670318573637,352.4700207049824,0.6415394115705542
819,0.0,0.0,8.182814070028794,297.40156456608486,0.6020809144357772
820,0.1175683526983723,0.0,8.39247332129071,279.319355219815,0.63731667106597
821,0.0035930438851651935,0.0,8.389507084022252,300.91840922275975,0.6265166846849595
822,0.0,0.0,8.742981071008913,280.156129250415,0.6654424503608642
823,0.6195077280451886,0.0,8.983700782367348,345.3397757391211,0.6099226239504323
824,1.561185046787715,0.0,8.680619789953791,308.1486823376278,0.6672453842862507
825,2.246559443066796,0.0,8.434171902672848,206.0062608960065,0.6062952145994895
826,2.8129493501911313,0.0,11.466500549599589,313.8745366057188,0.6075746812134009
827,3.250054150015333,0.0,7.851557596875889,119.3717082447131,0.634522344416898
828,3.392241265562536,0.0,7.858651420801566,118.06757479111401,0.6338760990602375
829,3.2841673042903565,0.0,7.551640333427995,116.24086144538609,0.5874360256703892
830,2.999134524817094,0.0,7.719736011107117,120.18388481516169,0.5931700794320192
831,2.230750863627933,0.0,6.784463537236748,101.02284916800838,0.605669925594576
832,1.917741693198976,0.0,6.463507931671073,107.14987873147888,0.6470141383440484
833,0.8724118415841762,0.0,6.33636418343379,281.2108589965216,0.6567861351321572
834,0.07085647507703853,0.0,7.434913790417497,271.42439643566524,0.6504859849468069
835,0.0,0.0,8.047240695528334,246.0144253689922,0.6398485041876916
836,0.0,0.0,7.65617111905027,239.58726508961394,0.6459479417073145
837,0.08332643462201225,0.0,8.685216350010988,283.929820160168,0.6146504064208361
838,0.027990732103691855,0.0,6.613009574379785,216.2474989655402,0.6347621170255549
839,0.11510565062207621,0.0,7.160505888250864,223.9778126855922,0.6224358985183648
840,0.0,0.0,7.63052372213999,310.7883276649204,0.6178389681160923
841,0.23860398741592034,0.0,7.792004527445279,226.63892234258927,0.6780695700115434
842,0.0,0.0,8.148831531493322,243.9043183711259,0.6304174509966854
843,0.0,0.0,7.827971108470645,307.83758084478785,0.6586653164145423
844,0.11693432110519139,0.0,8.636891851192944,335.12336234425953,0.6037486291162817
845,0.0,0.0,8.670700842757913,243.4437721230242,0.6223580093665656
846,0.0,0.0,8.884284667254793,255.49729217788476,0.6139883552870625
847,0.6920084289839605,0.0,8.45559574115735,218.5933827870942,0.6193640799944874
848,1.8928870378070681,0.0,8.486044896971048,255.70119627049536,0.6252508856276651
849,2.2460736694610253,0.0,7.948869228130876,186.1295972042435,0.6385596937066916
850,3.090841179135973,0.0,8.042038808561646,117.29475155442313,0.632231148490747
851,3.40285704063318,0.0,7.246751129304934,102.68548812290337,0.616619062583062
852,3.6036513261893512,0.0,7.344024622776444,98.57021273472388,0.6702521870060347
853,3.554380077534517,0.0,7.41433111668356,97.7697659083639,0.6116508380394559
854,2.9451821794209954,0.0,6.39109927940333,96.52115452581114,0.6568361680247461
855,2.3760111079644832,0.0,6.414233549695901,106.93692518365654,0.61653181094069
856,1.7100813696485455,0.0,6.006401931864463,113.35154844882496,0.6044194274456769
857,0.6976624910157275,0.0,6.0141367614935115,282.08663862740195,0.6625328198235895
858,0.09637579202555527,0.0,7.045946661927548,215.31018599693925,0.5958224801211709
859,0.0,0.0,7.456890412264289,289.55498529304924,0.6063919680124628
860,0.016594033134629795,0.0,7.719835730515479,227.9235680948913,0.6440515268020855
861,0.0,0.0,8.131946416023748,279.5777379905825,0.622003211777329
862,0.0,0.0,10.591115696163373,346.6095176640073,0.5987210079447132
863,0.0,0.0,6.885046494882779,271.50138195674856,0.63261866162493
864,0.0,0.0,7.454776862549025,299.2860795170585,0.6649883199261704
865,0.0,0.0,7.500413048307755,240.01448016700635,0.6447078135802261
866,0.11930598279621105,0.0,7.5155341513231875,223.53779406313265,0.6361460502208135
867,0.0,0.0,7.92085997468878,279.12476306650547,0.6440848712179303
868,0.0,0.0,8.30773060649535,303.04698909526724,0.6169435672498169
869,0.07319435460094646,0.0,8.462632155489642,328.6221778324416,0.6533948845959832
870,0.0,0.0,9.27495638020361,348.75613810667767,0.6291541136579478
871,0.7953096298356639,0.0,9.758064467240933,349.4932106183936,0.5931859602976559
872,2.046060438094183,0.0,9.308736720926332,258.4939898399942,0.6092493617166502
873,2.4639143350796844,0.0,9.443768907606117,277.32116809972604,0.6310866036916913
874,2.86565403486815,0.0,9.14702754422661,202.35486409136794,0.6324014947574418
875,3.3020457286157736,0.0,8.51582685397435,263.02978150700324,0.6272921820234948
876,3.540634238497795,0.0,8.130494327216757,114.95590301120214,0.6043180360294722
877,3.3485778324285187,0.0,8.087353846425424,110.43410966370818,0.6367342300923552
878,3.1749811317089343,0.0,8.009550533111288,106.17787271668982,0.6066747058388973
879,2.597472034055445,0.0,7.814991742226786,276.88170652566976,0.5836984595708312
880,1.6499294012563068,0.0,7.278109838594773,280.9490065972583,0.6153852040717781
881,0.905316709496063,0.0,7.790560435985523,267.4196010812759,0.6630282400509565
882,0.07188799155862294,0.0,8.07323019497316,278.1533084537207,0.6568208520258324
883,0.0,0.0,9.071545749672222,309.24890089356563,0.6289345834463229
884,0.0,0.0,8.79915110993399,295.56580010142096,0.6549499366732551
885,0.1004501834287089,0.0,9.040080111783395,309.64466793840825,0.6443557611482404
886,0.049015321806559625,0.0,8.487716662694202,333.8002969407979,0.6132829489286196
887,0.0,0.0,8.49159047998219,251.2580134916813,0.6500223343314709
888,0.0,0.0,8.861929045321682,330.06234199235814,0.6265328945290053
889,0.0,0.0,9.092056506195918,257.36398571674977,0.6243921788274014
890,0.0,0.0,9.632328751087096,246.9451956021827,0.6466821401038726
891,0.0,0.0,9.95880372646473,324.7637705434248,0.6090192067814238
892,0.1560083594253635,0.0,10.329666213083044,322.8995463683019,0.640406213792334
893,0.0,0.0,10.347404949164673,264.95338948259086,0.6647276181557678
894,0.0,0.0,10.052112977167297,362.90322512478303,0.661037839331677
895,0.9261352609188097,0.0,9.774857198002293,263.62113597381284,0.6294943029014252
896,1.4745884537565301,0.0,9.6309147048191,249.26712101728089,0.6591854064361454
897,2.3461617636083782,0.0,9.372591290978036,255.60302033266584,0.5972440613238965
898,3.1012753599984575,0.0,9.150614278687685,234.5150631197716,0.6464481061296083
899,3.2168219936240874,0.0,8.79640926667623,227.97786299103439,0.6167111282009435
900,3.39379583379077,0.0,8.665331835019536,272.45653893982126,0.6620919557044831
901,3.5063047564376646,0.0,8.299974438329434,104.98958939815385,0.6312225276236851
902,2.9998067720426955,0.0,7.979042468479825,115.46039376780331,0.6371161237330252
903,2.4771526694903114,0.0,8.007397519425801,204.60061625327583,0.6398933617681682
904,1.7428641926992325,0.0,7.189186627827868,305.1855234673808,0.6054561738923214
905,0.8202752863959581,0.0,7.648920661887434,307.50180283593664,0.5577916488026947
906,0.032903319543444845,0.0,8.405574064818637,257.5949911686571,0.6111197894416253
907,0.0,0.0,8.930910527251253,257.379677628779,0.6299359909364778
908,0.2960031284842941,0.0,9.363586162298228,278.6559431346457,0.6684864837777585
909,0.060820793896292184,0.0,9.400243131814713,321.9865818206821,0.6303430740005145
910,0.0,0.0,7.922401903352177,241.99905671323825,0.6478395591881658
911,0.0,0.0,8.447414448525466,293.3672124721054,0.6296319409592439
912,0.0029405194983172637,0.0,8.714555596104988,283.0920425043978,0.6337869133890109
913,0.0,0.0,9.002961204732971,328.3433849505468,0.6491799689849247
914,0.0,0.0,9.551707683676536,314.26265432671374,0.6255535320517702
915,0.17997833488318363,0.0,9.623904785596622,249.14223183257212,0.6564658081491361
916,0.0,0.0,9.840547770476858,268.13889235307187,0.6802472979712825
917,0.0,0.0,9.92519652107177,254.92785762048163,0.6648466832534016
918,0.11981238993204645,0.0,10.328577627814658,307.1987632271105,0.6106812812041199
919,0.9657699909248498,0.0,9.826868683721093,242.69030199266206,0.6549479847373447
920,1.3947621123023148,0.0,9.60362073191995,277.05176895026466,0.6524016367030374
921,2.425955703801782,0.0,9.911970211770884,242.62665908695357,0.6601537414829548
922,2.575788119225821,0.0,9.344719232236466,225.03162533765692,0.6281110295761771
923,3.5011324948680422,0.0,8.89754965621287,273.1421500729691,0.6637719863500467
924,3.5577756781605734,0.0,9.057467664961475,211.04616654001518,0.6413755792372694
925,3.3445676700809632,0.0,8.409521973827365,214.72738449429102,0.6234749289904522
926,3.1164441695832106,0.0,8.307676407443843,274.89541435874384,0.6582146412121663
927,2.540097178044843,0.0,7.997753206473184,236.21308051330826,0.6282444395914576
928,1.655293241987738,0.0,8.154463681497058,253.4242199234023,0.5959831913418514
929,1.1618265271071262,0.0,8.153418435708005,264.890784542274,0.6342467323980344
930,0.0,0.0,9.534945428690293,243.5021944541242,0.5992812921724521
931,0.1365953356898397,0.0,9.173787632255127,333.64915581644846,0.6152785913915977
932,0.0,0.0,10.043592467715536,343.32672353168243,0.6355356240030875
933,0.0,0.0,9.388539990577705,331.7492328827119,0.5793309340830622
934,0.0,0.0,8.295818891228176,293.6561529061426,0.6149613261571313
935,0.0,0.0,8.8546601675967,306.5479427602222,0.6211177261423018
936,0.08028507208860866,0.0,8.685332495552707,270.65530550010595,0.606806916998111
937,0.2097805415714783,0.0,9.168063880148983,339.442983789996,0.6066967816985669
938,0.008181111778052226,0.0,9.430778941301096,305.4245905495478,0.5899089800636707
939,0.0,0.0,9.836086282833794,296.20337311547655,0.610087932968911
940,0.0,0.0,10.254210376755823,260.9090945145748,0.6090465686466615
941,0.0,0.0,10.327072317639068,348.58377332974965,0.6425339840911773
942,0.034409011843800054,0.0,10.15794946403199,258.6643387847981,0.6277771391388507
943,0.493857648570271,0.0,10.272300786445957,331.8469206730666,0.6591085608070524
944,1.7187612209905725,0.0,9.941917743648004,269.4108243102556,0.6498035532166234
945,2.277927383181967,0.0,10.500562092270087,239.9732544480592,0.6409027905582068
946,2.839106834962447,0.0,9.86720938226448,323.1953257790508,0.6485858988775283
947,2.715767268549033,0.0,9.53693992240586,204.69546126154148,0.6173271326069972
948,2.6978970836720078,0.0,12.734881492097704,272.71068128447416,0.6751047497434173
949,2.4397672052391597,0.0,8.65109770691275,242.34418719014553,0.6561945049640028
950,2.254843715303603,0.0,13.043422517710587,337.6849020548301,0.6279908939452755
951,1.8867008760062018,0.03901581277981275,8.071106511679497,188.15015420731544,0.6284887635320753
952,1.1887530452323443,0.8552799493090852,7.935529278711943,283.65003632645534,0.6285177112665774
953,0.6901359659110032,0.8975031317846788,8.130027426327265,254.66696531024522,0.605806070557827
954,0.04964842655892539,0.9719676104409387,8.923730653734125,258.5043650636545,0.6535914554322606
955,0.15976887049417332,0.7322957723828676,9.31455693487231,268.15295175942686,0.6063222588274068
956,0.0,0.5823840844054511,9.698248985957667,246.02934926478787,0.6436547374284359
957,0.0,0.8175868615034121,9.787634731283863,256.11473870147165,0.6390016851637919
958,0.05036913152251939,0.8889744950485936,8.801868101196202,306.19426936519346,0.6262520390088501
959,0.042025578397404374,1.0482558459417626,8.331969456719646,234.48630765730854,0.6444576037781163
960,0.07757704619246934,1.221034196945869,9.330507972855704,246.2365042751065,0.6495537646825484
961,0.14722986897764145,1.068264229029979,9.528691138530757,270.14837677303603,0.5998065529572073
962,0.0,0.6729974189145704,10.242553826285949,243.18728481406177,0.5806216360075672
963,0.09340570816515528,1.067666835197412,10.230802986206596,282.0756090528225,0.618917343949013
964,0.0,1.338001337380579,10.23051775169961,242.34077670242579,0.6476610212207459
965,0.01626972110855636,1.7974730437119009,10.444592702693239,332.52676491583156,0.639224840266058
966,0.08033318708177827,1.9710775959311255,10.440016943108809,240.8249883010012,0.6412999679481729
967,0.6047928482498117,2.2829224741611607,10.765396722868196,231.03729488513275,0.6399577824940821
968,0.9931915594358164,2.3635663044370783,10.109782545670116,267.20284637367513,0.6680155524784543
969,1.0375207667163506,2.6216118964124053,10.171792272791297,225.77076425429144,0.6070803288240414
970,1.6030123933092875,2.7709134798997224,9.742235785727798,293.90844638790986,0.6271883614830853
971,1.5878839579558346,3.116248718486972,9.661245619165168,116.41455352073778,0.6924699196507415
972,1.4039875566063964,3.712378484573398,9.269707202240637,103.72737973881226,0.5945095241490798
973,1.3067756409832119,4.107071827981725,8.882878516861524,90.93808946427725,0.5940081572374313
974,1.492569371128114,3.6194752293574863,8.531218505236472,93.95304918017297,0.6141583895912797
975,1.1505049617742797,3.8055672295645224,8.654647751755238,97.99197763769195,0.6307022311789499
976,0.7715010466576637,3.971779816613839,8.308765350382354,85.84596702836865,0.6389473725797516
977,0.28653404906510993,4.358979773637195,8.074318951175075,94.58092023572478,0.6269366322592095
978,0.1619904283627791,4.551553956559498,9.03992982815019,98.83007171982642,0.6497047740347389
979,0.0,4.463186686225055,9.418990789611188,123.19866847311368,0.669453850161547
980,0.0,4.478275372960375,9.45579535431493,118.59303737158473,0.6318524569030054
981,0.06522958003296114,4.585544824080067,9.703361775618443,252.78313419224702,0.6007692654035262
982,0.0,4.555909186959229,8.483720317078278,96.85226779038327,0.6218737778089882
983,0.051010686832794916,5.009044429029418,8.42590974122605,90.30416121213737,0.6266522200544037
984,0.0,5.270282679817319,8.987327957180508,92.86646359179184,0.6418328882515938
985,0.0,5.434849763673758,9.568879496617898,99.40880522136533,0.6063180408774127
986,0.0,5.8251934582118645,9.616982322850452,91.12841706497416,0.6632424416591497
987,0.0,6.0,9.486031379156799,101.23433788168236,0.636458335496807
988,0.00350960929805145,6.0,9.892527609962276,100.54714698860693,0.6654256217764043
989,0.0,6.0,10.333508743639998,103.7127859793605,0.6167776180575563
990,0.12015357486733697,6.0,10.382147002886429,109.54126556734265,0.6170756439165241
991,0.4387709041565617,6.0,9.506001015425367,85.13145545545564,0.6992508899283861
992,0.7948094560316259,5.966983095576126,10.04822857647757,106.0234249181965,0.5791580719058861
993,1.587059121548707,5.643071557424756,10.096469479084668,80.14884713075617,0.6217490887778144
994,1.2469504180639452,5.874397066615231,9.776697048940276,89.92362145004093,0.6245212912967837
995,1.4923049962447599,6.0,8.794056563157763,55.78751000557351,0.16437161843109685
996,1.432959780375813,6.0,8.80117989519456,59.30424357459189,0.15311918836301686
997,1.2521142764654862,6.0,8.8246929425046,63.60803986231076,0.655035347377997
998,1.1280272613282378,6.0,8.356760748597246,68.5329650916415,0.16934902300420418
999,0.7854842792289202,6.0,7.863471534872203,56.528386336905136,0.16399559843137523
1000,0.9546609490394297,6.0,7.504728797497782,54.128390507138974,0.18639169956740295
1001,0.934008133245509,6.0,7.542972518958634,40.29626359861021,0.17402364271405907
1002,0.1191754345712328,6.0,8.94768072696243,75.3510094779962,0.600679965991983
1003,0.0,6.0,8.564058152826446,79.9966877570565,0.5942508350149165
1004,0.0,6.0,8.939804059465265,82.17309174972945,0.6317375915258838
1005,0.14925759057225324,6.0,9.430585985766982,94.67634544527054,0.6503015523595188
1006,0.0,6.0,8.392855442140885,77.18688183962797,0.6309696758060336
1007,0.13251195785120543,6.0,8.445484974277582,80.83996114460453,0.6457013574645214
1008,0.054590131839494224,5.862533302600175,9.068768031375182,87.43788382862222,0.6458981845630895
1009,0.1503319112805503,5.654691825183319,9.02797297594837,82.62968132284144,0.6067773489014008
1010,0.0,5.209915086956738,9.204911145221013,105.37768239923163,0.6513724518447774
1011,0.09249435659415461,4.758335598183519,9.484008908375104,101.2582647368953,0.6356292481627581
1012,0.0,4.229936616576642,9.451964468828699,173.913612633448,0.6856567787051178
1013,0.0,3.575533372390737,9.659505570819277,263.26560762759533,0.6459679654514464
1014,0.11343006112592563,4.026940703958944,9.698655829867942,226.2245280751019,0.6126687898957793
1015,0.825635151568133,4.134062383836047,10.247241384685259,258.4461277523711,0.6315658906757867
1016,1.2263696684527257,3.5027306140181516,9.852709347951125,225.2925611284838,0.5773483340776387
1017,2.22421196221134,3.503534690900227,9.924491747590139,106.41774993136144,0.6153613734684614
1018,2.591944756896976,3.2796818656392297,8.872887169884017,77.87158379685101,0.6394106322891926
1019,2.9882902886527187,2.639642678622843,9.022156318485216,81.76685495841754,0.6413749683803833
1020,3.345446364988957,2.4390685435736623,7.033869422096854,58.260841003722994,0.20055110316769675
1021,2.986327338121093,2.4255367041199385,6.393794028720555,47.972340251093854,0.16955874828927242
1022,2.7249844440178395,2.480130628536942,6.533516874044217,60.627467644058214,0.1576389339441505
1023,2.3691221250744685,2.6690860878786085,5.8939066052473565,56.27475833063455,0.16402340968075854
1024,1.5607986958738005,2.40266482755798,5.987243267184954,77.20556457390735,0.6021822823842504
1025,0.9754924307626913,2.282391309113582,6.5000424929742175,83.89538677420877,0.6689756434169603
1026,0.06606815603960214,2.3855509242803823,7.135110859344558,100.18874529629615,0.6034392154320953
1027,0.0,2.478899292719484,7.054643984028319,102.14335626865113,0.5982599353766136
1028,0.0,2.5218457182272385,11.517766697307337,265.74840074903915,0.6771712319372334
1029,0.2406120174132671,2.5135751257175865,7.09343621279801,103.7163516560686,0.6195821497152868
1030,0.0,2.7403478894059994,6.335482457932718,102.33005544612406,0.6451573599404031
1031,0.01690174925631311,2.204076863570034,6.431817806077598,98.40778392718958,0.6384465739792653
1032,0.0,1.6274793872714408,7.035689688654466,222.37947987021863,0.6149859181320594
1033,0.0,1.8333024626866656,7.302461634286782,305.7416011520804,0.6312876708385267
1034,0.008538657914229919,1.7571722166543287,7.804635336908633,253.3722894962387,0.6621085939351687
1035,0.09346730065246892,1.8751864308457398,8.311229665550655,301.4796162917148,0.6189649659368414
1036,0.0753502747108925,1.7381018914733615,8.66275910064966,242.09628897407674,0.580746098299678
1037,0.0386286362115817,1.468797741739594,8.26206579767971,311.0736137080211,0.5712916224566906
1038,0.09721461155310773,1.276820476960669,8.412260730401128,242.08217827113816,0.5987563860078413
1039,0.6074081759162754,1.3139453918126633,8.949577042728063,219.4057009676085,0.6224744526192295
1040,1.6178834658676786,1.2198427904461893,8.70650115370656,275.8107441940002,0.6488189684357795
1041,2.127518561517189,1.2560573960312027,8.003146713181424,107.83085901456434,0.6550112242164446
1042,2.5964433935594284,1.2694725849634514,8.634943322746489,104.95292077850284,0.6605825528893543
1043,2.9586683044750437,1.4968422332294733,7.020093208992719,81.37883094408645,0.658065825436142
1044,2.8115634573803283,1.7390525571192061,7.471673450869176,88.31428517808814,0.6737257327984114
1045,2.990920581999348,2.1573629531690943,7.232487779192498,78.2951989423292,0.626102263799059
1046,2.4012079088220037,1.9973901110064818,7.286453016287434,78.71504723241829,0.6350045016015896
1047,2.066567824311822,1.9444092485986328,6.528047977113875,72.88664013778885,0.570179223215125
1048,1.732055476283791,2.0422359260773932,6.682181088454247,77.06115835485782,0.6290428650151926
1049,0.8190837326577487,1.883837465505044,6.6640185434363435,93.30022449000957,0.6693022015520896
1050,0.0,1.0235893950323938,8.114033284212573,271.7354829554281,0.6237306511926421
1051,0.16453585194148165,0.9918118546414,7.457891629526182,235.61204795984247,0.6479360516542857
1052,0.0,0.9442331484001463,7.902730971605455,288.50892692704576,0.6271097669179042
1053,0.0,0.7258286496784646,8.169354299347242,261.25204697828383,0.6377072168097955
1054,0.25532224118330377,0.44435751615150143,7.585791551246438,242.58421792087591,0.6136270342452558
1055,0.0,0.156889285353922,8.134312186881312,284.3262408011009,0.6390855840352881
1056,0.027313847142111786,0.3832849822879643,8.433741978928182,315.5602981654655,0.606885316888504
1057,0.12360433100876829,0.3989252689179177,8.148687194797596,261.8561077519827,0.6370085357748679
1058,0.1654829489115581,0.3647389893636628,8.753719259849987,261.5043307600306,0.6088841047683596
1059,0.25346990949744425,0.569675357929847,9.015636393051498,229.40854881883567,0.6148352767547529
1060,0.0,0.7995005482841715,9.147754160747272,298.9967133328114,0.6546094303716341
1061,0.05699686938848177,0.6035181386643571,9.073119479573105,300.1276089987181,0.6069540854119831
1062,0.0,0.4171364515258201,9.36851302788163,271.3152603253872,0.6434783924540809
1063,0.7107245895415724,0.27133145322089647,9.245059781966377,261.18105053933317,0.6504960619048137
1064,1.5342054973156758,0.5108276423845547,9.36581189128453,282.8980872668458,0.6070909451676197
1065,2.1674526676259123,0.53315163383542,8.965185881115017,298.34770952237045,0.6037037402316755
1066,3.055330830247397,0.8175103514039606,9.505328035026043,243.25018039559598,0.6068514164258125
1067,3.254559734219878,0.9665484256716133,8.125402069948237,105.41626279744187,0.648642562716244
1068,3.3562010845562065,0.8690095421005152,8.0589984964735,93.85978148668276,0.6253877053798537
1069,3.456588371284643,0.4267849154183756,7.7596255170435455,93.43515837812761,0.6365431514346775
1070,2.948668562745654,0.30057708146647977,7.609158408945983,117.8607850895134,0.671832209705072
1071,2.301452278399923,0.8675102653650983,7.555929475976074,109.03687296611561,0.6186531371420526
1072,1.2019178506484822,0.7691214431141153,7.002006879118329,190.8417657753968,0.6571594902928267
1073,0.8383297193733643,0.7084671769206784,7.614363844240195,201.68026106345724,0.6282162951441319
1074,0.07080156492352253,0.7072845503897227,8.324654278950058,250.56171100595876,0.6232964804425511
1075,0.0,1.052192016130493,8.710124424445995,325.79951240571614,0.5971197155358465
1076,0.0,0.9996192579703091,8.332695021415882,248.7838004047381,0.6087391431623539
1077,0.0,0.6879958779831525,8.395122063080066,214.99756567600787,0.6897050255894327
1078,0.04701803967885873,0.3883724610798803,8.121194660657896,329.17826929648083,0.635986705311898
1079,0.0,0.22615378400443564,7.6126832456371085,228.72532445541964,0.6092908568612269
1080,0.050056322471533465,0.14683387857689822,7.6483696901851825,274.2188409040383,0.6626575279032141
1081,0.00643540516711744,0.24862179513118798,8.080240202561388,213.4805892901822,0.6466983862803476
1082,0.0,0.7184974940815924,8.5433553717042,252.6692833798903,0.6502691941246983
1083,0.0,0.9575000994695873,9.126392808662947,267.8145611312564,0.6514687539980175
1084,0.035986326250194746,1.0089183430145996,13.07630834958947,312.5971996747683,0.5835950865722657
1085,0.0,0.960704444961171,8.941848229828066,236.87550292394621,0.5870003579607379
1086,0.018864515594734548,0.7850795374917956,9.155246557163569,281.0363612763356,0.6225008359830793
1087,0.9134006350597894,0.983741603671394,9.3965054704197,292.3542418024741,0.6363115262421934
1088,1.3627036919732503,1.365142345786266,8.75831037248748,200.30853698404943,0.6295054715916663
1089,2.307104221994518,1.588104920881732,8.780452414548527,108.28745490374773,0.6505093738154805
1090,2.455642079345481,1.6370662336297492,8.406929190999895,106.6459950799205,0.598705615913768
1091,2.9287398513148446,1.848203567055092,8.34743079254817,93.19384778473677,0.6561960811333267
1092,3.080124015689888,1.7843038700070637,8.010997848792963,79.07502877377443,0.5753660308271842
1093,2.871876589397551,1.780853109638481,7.814934868002468,87.06029190779283,0.6324401358227996
1094,2.7987765937798303,1.7146783310841622,7.606774226785824,84.91215230452782,0.6433479638836184
1095,2.3858758682437107,1.751899915423057,6.683609127223992,72.49619191183638,0.6441870782652266
1096,1.481040912150941,1.8106168930017759,6.451886580022999,83.27110679970404,0.646146345709169
1097,0.7739509921200172,2.136125592135186,6.606436261522823,85.71354953363151,0.6325741051641963
1098,0.0,2.1974878177947716,7.7851172208124275,204.0626155714504,0.6306092104694587
1099,0.03167451886345896,2.282941639883397,7.757611957308276,266.07063518705263,0.5963888039008843
1100,0.0,2.683982363343264,8.098882282804025,198.42869696785579,0.6314137613886995
1101,0.0,2.8770838774743708,8.041193372659357,270.64287988438645,0.6234608077037426
1102,0.024862990615420855,3.0848891140582206,7.221366754000019,101.18150912973832,0.6368145867139583
1103,0.10990585301047365,2.8951471630546304,7.24760695926689,99.88047021302485,0.6125539460094817
1104,0.06471132434916772,3.2459795418269577,7.6416087344619665,98.98455364449386,0.5939107600310216
1105,0.01612097351852732,3.1241613223018483,10.110690777094574,307.6645402087106,0.6622462492810961
1106,0.0,2.67244170832446,8.258162505675696,299.3242982606044,0.5822724872440934
1107,0.15764694184863598,2.4687955122082674,8.240134001209668,284.61368950934263,0.6207521315882275
1108,0.0,1.955956215053129,8.782901216403769,239.08112131282797,0.6643953160820786
1109,0.0,1.561928199808807,8.965658787245417,207.33717839473164,0.6658070613866162
1110,0.16065063723702802,1.3402982733110669,8.69465249844938,251.37803754123337,0.5848117993482035
1111,0.8768893421502297,1.4969253732645806,8.764825474100759,291.41782693127794,0.6487550154545002
1112,1.8448892874931433,1.0139694303115443,8.55408039325911,259.50581614972737,0.6140850622776818
1113,2.577231031147551,0.996787724069525,8.335044122039722,108.92384458302821,0.6392491932461088
1114,2.969874614319505,0.9655497669626111,7.8758794522800315,102.17023226149549,0.6461326953370347
1115,3.3862780018159793,1.3320391846375004,8.018573491642744,93.36803062431208,0.6518432951942872
1116,2.817372795565505,1.4229905207368212,7.766446711567685,93.32697197403985,0.5812679733245818
1117,2.6689346315206413,1.6655499489022383,7.22500555941525,81.54186475872201,0.6070844641464507
1118,2.2890735960253665,2.126131290641135,7.348695850687858,74.90724087611501,0.6456460924931092
1119,1.9597277937122377,1.9417286169799346,7.017171835354438,90.41437560564384,0.6450832437747199
1120,1.5182197738743992,1.8793007144748466,6.427763938666074,83.27368308217082,0.6716935688228551
1121,1.0474249174050532,1.4862302693349787,6.3658266880014835,98.69113284875874,0.6501966462412166
1122,0.1265981603609022,1.3204090329237337,7.988360308088616,272.3381435877001,0.660592983425481
1123,0.0,1.50506512077523,8.221390179994446,201.72970083495483,0.6582093680174699
1124,0.0,1.6298457238844903,8.26841742786776,278.9397457937053,0.6492902259255096
1125,0.0,1.9399678033647998,7.931721506408284,216.2887121705777,0.5946717384239429
1126,0.20085319488581024,2.084141465307541,7.15029903115097,106.58909439205962,0.6779361244147848
1127,0.0,2.1167824966126556,7.824411864216942,297.80369378788475,0.6393788032602967
1128,0.0,2.203682199173188,7.796180745533768,279.74781159621625,0.6177984109038364
1129,0.0,2.1130894392142094,8.543746129161699,197.32124454691612,0.6233108160115115
1130,0.0,1.9963911838202604,8.916308054447315,219.47192174740064,0.6130730547545356
1131,0.03898139183883325,1.7709473637180295,8.669960608874172,254.39629849999764,0.6290151333184122
1132,0.0,1.8176312568592587,9.189345994204155,299.31002096148,0.586278860265604
1133,0.0,1.9638554344337449,9.388451633317919,316.6257016422444,0.6527531182487272
1134,0.0,1.6055062785719325,9.498416768636144,313.36397759343436,0.6031230714732233
1135,1.0543618041638585,1.4602138382659533,9.266468043103307,280.8698404562759,0.6554769614377507
1136,1.6580854597540278,0.8140928771578544,9.271696270057934,203.03087026845492,0.6150952166302164
1137,2.281256956068935,0.46457796683094826,9.224298064003275,265.1117610143093,0.6458164298204041
1138,2.888756620637463,0.46084534517762893,9.417923431198021,213.45018218544345,0.6636198868907105
1139,3.2110961562613465,0.1335623944575226,8.910476948364549,288.2256128416459,0.6410794191216976
1140,2.9933118674180434,0.32964616838033467,8.76840429617599,190.12811748989026,0.6298828423515659
1141,3.1542564793329886,0.24239131093525917,8.305165807043016,98.78280556731534,0.6340093682114791
1142,2.874177858368558,0.21612448642845117,8.138664019231689,244.74819219552643,0.6235216663647839
1143,2.4289071048916484,0.027662875727322345,8.02126900559837,262.73147496244457,0.6237499388904205
1144,1.6486253229443812,0.0,7.498113830357996,193.05825456321878,0.680871606456003
1145,0.5500084994773424,0.0,7.201230652426045,288.96410957496187,0.6004378399090035
1146,0.21773149025897273,0.19560596794864815,8.653156155534269,237.36282897757,0.6096659983082925
1147,0.18386382900143552,0.23333587119469393,8.42837913959187,235.78630827359393,0.6175908268168047
1148,0.0,0.4938326954128431,8.382712737650373,282.6201203352248,0.628393348995046
1149,0.0,0.3934267812686515,8.514643931748447,242.1205746962712,0.6455462475094014
1150,0.09964286879108586,0.3519786696920706,7.278665152049274,193.61511572864322,0.6265331316432463
1151,0.14020107917585775,0.7286045059176987,7.931837488338248,306.4115962412069,0.6556919136753913
1152,0.19420153689298453,0.7401695681868125,8.001983442278624,220.60192138776637,0.6028134533225606
1153,0.0,0.6439387374797128,8.299573507841437,255.43116732932168,0.6389752073039484
1154,0.0,0.8194436451267412,8.672517599524834,257.25388654233393,0.6348285937312578
1155,0.0,0.8370890295211864,8.65704454741286,326.87375789738803,0.6034753311847136
1156,0.0440153439627223,0.7802402199673546,9.253771686211039,237.14366734346,0.6266010240911563
1157,0.0,0.9854233833170957,13.74445393021718,352.28953037636575,0.6204144626881622
1158,0.030283966418044365,0.23985206189368546,9.022741896039419,299.80978987676775,0.6122812333353513
1159,0.9389119920900214,0.3007842464406477,9.121145095233388,257.31704934491995,0.6084592342533413
1160,1.8159394460397573,0.6387209156566014,9.031091404267876,274.77409019573395,0.6519925096439505
1161,2.2817902528627725,0.6626160982202562,8.873584085638411,241.75591659176678,0.6092143277196337
1162,2.9164207649524796,0.18202644538368856,8.721643508649134,288.89103904856034,0.6526725307737459
1163,3.1014865134702068,0.5490015771214556,8.456060589514124,111.04706243622405,0.6555982659858295
1164,3.285637474935675,1.1440231330282131,7.838047848888546,87.86695957700671,0.6445605140763806
1165,3.162129678639956,1.2860650864390257,7.873721178142994,86.61205028113763,0.6451711296408649
1166,2.6303145550918727,1.0299042752857084,6.874770105345789,93.47098721685006,0.5907135600759158
1167,2.5209630936619067,0.828922057981141,6.812235900527504,92.13614933697764,0.6333700596177186
1168,1.6368710153482904,0.7461848868876059,7.024177628378168,98.60975231139992,0.6476822296955718
1169,1.0686533692377953,0.7601403125472848,6.494294072727131,106.57220685509094,0.6505759722195157
1170,0.1837952143893634,1.0837432397304994,7.8903473797207,231.69430029494237,0.6623805497688096
1171,0.0,1.2368984489367514,8.154093610439853,309.4465345351332,0.6480220246816503
1172,0.024955473800147582,0.7296338855564146,8.478289615810692,319.6746173645906,0.6275655059706637
1173,0.022592744852492776,0.8454691117484664,7.874273448021801,252.50795341094275,0.616383465593363
1174,0.0,0.9421493186225149,6.951878533805887,198.92050948533966,0.6117684271695463
1175,0.08100697647941546,1.4422131763492878,7.180389013739458,240.70316439550155,0.6312175706273784
1176,0.058259587649864754,1.3808665612033866,7.485741618700641,273.0396356629501,0.624044967699574
1177,0.0,1.1516559045398715,7.918004057761975,237.33649043443367,0.6645068236342875
1178,0.0,1.1909969370381166,7.666313332232649,204.91566804629144,0.6168356685103134
1179,0.09564612877824513,1.3812448899805876,8.50863315086857,316.1310312573814,0.6058800710911522
1180,0.0,1.0280492050822512,8.723225743259233,249.95365591863344,0.6132809112098471
1181,0.0,1.4334940069922575,9.16567283545553,214.50057134153195,0.6889084634520413
1182,0.1881334968515948,1.4965817025457706,8.463246718341777,302.75618556527684,0.6329444488130299
1183,0.506052314173342,1.8344151956087167,8.991509015747255,205.07901370462207,0.5984506157022429
1184,1.420964009218894,2.045940068074834,8.639910144786235,193.9487666505573,0.6674040602116362
1185,2.247896402393907,2.157850746057917,8.276038576618262,90.49926370483567,0.6233598632349061
1186,2.6588399225374975,2.4795880271432305,8.37769830121803,81.82759264776395,0.6351803970012344
1187,2.7558451148536944,2.8180689053878574,8.025307526157912,73.276542627791,0.6127019437013638
1188,2.8621400599508298,2.6766632158834867,7.176824667872542,51.66742846058038,0.6463190237591498
1189,2.8001438965829957,2.622185756851183,7.376159345703791,69.2874917718191,0.6490772201574907
1190,2.6238909636917707,2.8074774721289315,6.743279005747129,62.401546114718606,0.1602163427337659
1191,2.1993032409524433,2.781032682040514,6.4794139264919925,50.843249761372675,0.18151260663196833
1192,1.6349415659255777,2.5418715214760015,6.167967240104018,57.693715689255555,0.5952422681937535
1193,0.9155577425572352,2.392723957699942,6.157498343615245,75.69475419510313,0.6650938816461824
1194,0.026236558732348883,1.9560017508407792,7.155373663612594,186.76567160297327,0.6054485540333299
1195,0.11775564874704086,1.586553058303328,7.399807145249474,274.1595779727841,0.6078357381160521
1196,0.14685204066774096,0.5049725006743813,6.922975634778355,195.29308138416042,0.6050928201368181
1197,0.0,0.3654101479377276,7.919689518608071,212.55979661913003,0.6030388700295234
1198,0.2615303922157538,0.7080994271812486,6.721970123848482,244.59078487652377,0.6333180667020221
1199,0.0,0.7977182964425986,6.801553643056557,274.42542696578334,0.614078176631303
1200,0.09147173565979441,0.9836692950052659,7.337234466232291,306.4500966677158,0.6458750631036735
1201,0.0,1.1127018671503084,7.408423394837533,200.7240647578218,0.6424349008238649
1202,0.0,0.9941703112178821,7.921909892014327,245.58715957364655,0.6589129720873341
1203,0.0,1.2864921446347586,8.193272991669144,218.85095356343598,0.6647975926536884
1204,0.12959947255345422,1.5238903618089994,8.17091680681013,192.4826560614801,0.6124194728366724
1205,0.10550305879301683,1.6705228735725093,7.413489351881857,257.73434784033213,0.631595785924089
1206,0.0,1.9159877785860189,8.529013983384107,212.0241609693437,0.6067049508661575
1207,0.4839978063871708,2.0124090729938433,8.042203652528332,271.367256456938,0.6242598408219303
1208,1.0021498310585382,2.2832776656569176,8.242488143260807,110.52380701345945,0.6461027750198182
1209,1.062509214665648,2.7206555723786265,7.716548278655519,100.7479155827836,0.6398724771952053
1210,1.2995194631173594,3.2341274481260815,7.623443843619563,94.9286449123747,0.6131417760517843
1211,1.2859536080555618,3.545472035881509,7.272837315548227,70.41252520658131,0.6419925090744939
1212,1.640625412409854,3.9760358190466247,7.144857657925053,58.5001774083592,0.6313158645944433
1213,1.421421864252579,4.243098419539709,6.8023058086622,56.18737076667339,0.1942011020734158
1214,1.2234243188730705,3.8711309492989114,6.377378887269973,49.04922152933004,0.11946232771941931
1215,1.0602021793927727,3.6364100413971876,6.021177737503865,64.62388128419177,0.15641420713690146
1216,1.0196168424289764,3.7289318246374563,6.01752582968973,57.530026921655455,0.205129487376657
1217,0.6450329140945827,3.609462458812245,5.91621291963555,66.79923242981003,0.5897499260706742
1218,0.0,3.9772501157306426,6.952581236144965,81.99378023306429,0.618693370234343
1219,0.04747366376083002,3.893192051857099,6.783497874712001,83.07735097233318,0.6228935046948618
1220,0.2517771128891703,4.025795520353836,7.1705758378026045,73.07639473821709,0.6109886930143329
1221,0.0,4.143009562167795,7.102468782862949,91.16055266260443,0.6202647133644877
1222,0.0,4.148509125008405,6.216618775746805,67.92842540091048,0.6337069998750333
1223,0.06022289252375309,4.136257428836252,6.851553041814004,75.99655307979342,0.625371660148157
1224,0.0,4.2344347918127205,6.395993003095766,79.58070025701217,0.6154827578752156
1225,0.0,4.34217677870812,6.8589027426147995,78.44291260911358,0.6439046574867319
1226,0.0,4.346393833324207,6.870834892077056,81.57301312074277,0.6512717412592041
1227,0.0,4.462056142061952,8.19310019262989,94.3291887662286,0.6507391014361695
1228,0.10486026785985894,4.715838254118282,7.954890667801346,96.9424303357716,0.5815137943461038
1229,0.0,4.677014038061714,8.114214886595716,89.99166977855552,0.6640818416983288
1230,0.0,4.470538968002336,7.937668726713373,85.26575359285545,0.6403758228235875
1231,0.5979918072854988,4.275018532593727,7.76561414415477,83.16159451344997,0.6250329837003725
1232,1.0600222524803726,4.206919361838876,7.42673853165795,67.52634536853364,0.655509736353234
1233,1.685124369025202,4.0895795309574225,7.370643379791382,64.9824688505574,0.650760440817976
1234,2.6304247567631323,3.997783401433045,6.755669976347399,43.421696213303974,0.2023780496856935
1235,2.9157229954623562,4.572440364333388,6.9246368632189945,37.792391065009916,0.16056015619221486
1236,2.655604361840147,4.729577776493288,6.80501113223517,37.17978235460442,0.1371411374086206
1237,2.954892775398984,4.5474854873041775,6.654821548998885,33.53628570072334,0.21816860342546124
1238,2.6878861120998687,4.451439851906694,5.529110604678699,25.70749693308307,0.19442153251343677
1239,2.4981480820885142,4.320479218980208,5.364712401348724,25.110471856515673,0.16874173343768506
1240,1.8086779953378245,4.371463471842597,5.175885417591662,23.428370167581384,0.1693532471218465
1241,0.7734792289242493,4.501454646691781,4.898178068948207,36.30376032985909,0.17506329127753398
1242,0.0,3.955832514966122,6.161549095905041,71.37678987370936,0.6501975641849613
1243,0.0,4.362880197157799,6.394325157703748,85.4875436948853,0.5994501798418111
1244,0.0,3.9925152402841757,6.85343055116682,89.30065355447908,0.6085919036606633
1245,0.07137958916621694,3.8544621613435037,7.138740201027042,90.67087977726335,0.6904768888268126
1246,0.2265597837341078,3.5419067017038177,5.583556797089856,63.604961546140444,0.597401250549108
1247,0.0,3.04309660104441,6.351885286126705,91.32679034597125,0.6425246948163206
1248,0.19238970228194824,2.694188679442177,6.690227611740395,106.56865895628279,0.6357542866082064
1249,0.0,3.3468749631941996,7.076759908083523,96.96151778764768,0.6337691316853985
1250,0.0,3.8156612989142635,7.640949072028905,94.50906628385162,0.6624171513614182
1251,0.061440439294793966,3.627613567971215,7.934982683143195,108.17375716079414,0.6204037147282928
1252,0.0849409366899368,3.3867439692933266,8.177624014958592,106.9202910172226,0.6603177656576895
1253,0.04035081586400094,3.772976967923034,8.179425974781902,107.49405048910488,0.6311187691861516
1254,0.0,3.5772049146029246,8.251955111080905,110.24561406649921,0.6136804083542324
1255,0.8562530796571814,3.699044407601396,8.1049231312112,91.88733108437911,0.6116123921817359
1256,1.0267021185495018,4.293963439000979,8.097808753495386,92.25968892455036,0.6167271240472786
1257,1.6075271163429268,4.534036754763765,7.705514347845956,57.253859885003585,0.6536047961796745
1258,2.0009333281736374,4.925243804477401,7.598414072074531,58.28451795669537,0.20685193318659806
1259,1.8083918254506688,5.037163662130929,7.149222642764643,50.26875337049354,0.1823218769414322
1260,2.298226275142924,4.55031497199689,7.137638049141442,50.73871470352765,0.1604264436901428
1261,2.471247811383868,4.25026214872342,6.410658211752778,39.42223604433778,0.15735081551204572
1262,2.221287629319151,3.7660214294170764,6.137213925532894,54.13317808374359,0.1758019232287961
1263,1.8967225819743918,3.8247315388846674,5.893565033530668,48.240590839524614,0.2145308257802137
1264,1.0956623005880888,3.477728798935772,5.6205005691535455,40.86137003452667,0.1991884274129071
1265,0.5611768756539676,3.524915339452703,5.0996541197846135,60.0761239538039,0.17235658952101662
1266,0.17643383270229734,3.37803259184612,7.086061259009515,91.89033600189569,0.6675324105938888
1267,0.0,3.18017184744977,7.208348989814546,102.61896845751866,0.5896578126860007
1268,0.04587749477439067,3.206843299614055,6.627223061267538,94.01445938584725,0.5787506346369891
1269,0.032277109289292734,2.878803840800348,6.943372907989758,96.3292076229906,0.5913900645743508
1270,0.08522960668025112,2.5611493647085766,6.458729095174173,95.13343648099834,0.6526010330330546
1271,0.0,2.655003131036617,6.116176048150819,90.33645044245546,0.6011528614073408
1272,0.030070151584982205,2.4488645111416316,6.8404017099608945,105.20639038106376,0.6172868579371099
1273,0.0,1.9896574857626201,7.163067150276653,228.21969809703586,0.6300652622736422
1274,0.15110019686080442,2.275288561859567,7.3454129899751806,119.3546070381788,0.6159682570150338
1275,0.0,1.8750705057503463,7.854264932950334,235.43579737934698,0.651291433960045
1276,0.0347860645126058,1.870282650523169,7.659996762072976,280.9183789013871,0.6394228492717627
1277,0.0,1.9344491399609254,7.679794830750421,280.3271633158487,0.6235877586563261
1278,0.005187982271977907,1.74502866410935,7.828110456153686,303.7213434648354,0.6494236412588448
1279,0.6793794252702807,1.4637111086856796,7.927428443255028,199.72151221318347,0.5796374150040676
1280,1.695480630041856,1.3327421865969946,7.904010675826556,110.22504977957759,0.6595602189581732
1281,2.3979576068761443,1.212999915329075,7.798593396359458,105.8392850387514,0.6169597915193441
1282,2.6715160500913435,0.9618021289135947,7.659161507153068,99.12242751850472,0.6065972154532739
1283,2.994708751937643,1.24958194793349,7.252627505833663,84.83174978562971,0.6297497856036891
1284,2.4601657236165875,1.2724282805749005,6.7932062371707405,88.72903897420439,0.6444800625930258
1285,2.054440483921326,1.352092990562327,6.590381763048983,91.86982042778341,0.6305226228298038
1286,2.221811338295136,1.8352168023946889,5.848936466862034,74.11655981377388,0.6398071735356037
1287,1.830136959517859,1.822499210154757,5.735715603465349,76.13881737016588,0.6247982954844088
1288,1.2031583886045216,1.5447864053598592,5.4312302853418855,79.63766168367663,0.61419717096631
1289,0.7247687540117117,1.5555129690019698,5.023424321232226,80.06247312929881,0.6693017687792269
1290,0.0,1.6270867384621084,6.892271028228502,184.8861977296171,0.6567763222327867
1291,0.0636929396650527,1.6565704473566818,6.571337963351801,106.30659799876898,0.593556217904771
1292,0.020455745740078732,2.1699569168496313,6.609610503354943,102.4581015179298,0.6438662551062965
1293,0.09046330528620773,2.067292245393274,6.865678226150161,116.3002032549488,0.6087535063735854
1294,0.02499228727890791,2.3985186847097215,6.334926259126381,96.70360386048111,0.6098106308125901
1295,0.0,2.5426469625639343,6.656372777889493,107.80531075952108,0.6401500769456472
1296,0.0,2.8396087359678415,6.7732085854283905,96.79413277684871,0.6545212647657106
1297,0.042695780030254926,2.811948152639405,7.3233840064094595,110.40537849827756,0.6698096212874673
1298,0.0,2.7628383050050815,7.074164819027119,106.60269078559837,0.6571294436896525
1299,0.1592986578663021,2.6510642959133968,7.467766452331423,111.35068437133447,0.6166164946097586
1300,0.0,2.6343297135214643,7.798019671760346,205.22084604717665,0.6155966553089627
1301,0.0,2.7711187913819404,7.53458589545641,112.42926070184147,0.6114315440513804
1302,0.02237091093012683,3.1868841722444317,7.491235906109564,111.83187066552392,0.6220890300634008
1303,0.6129279020947462,2.788970481127549,7.632394930087162,105.01357107841403,0.6705875508686245
1304,0.9675862959992748,3.1628095841550663,7.736854948965858,91.444257820051,0.6392880607450424
1305,1.3815464698741289,3.412614069232135,7.625935176663568,80.01820531758715,0.636155747259285
1306,1.985137355624162,3.5445774127375844,9.758006979439742,104.92098550603198,0.5506423243734525
1307,2.0500014753360603,3.426638819967338,7.077061376991015,65.21958393952629,0.6373172404099171
1308,2.0326664233519374,3.680692283225087,6.179157760303401,50.152724309085514,0.1626144496230134
1309,2.0194086077729585,3.3238587754538944,6.20153547769618,55.19597893971541,0.17407020931571576
1310,1.8622124248740064,3.7381728130082243,5.737093654863613,53.93291215352552,0.18917854044407734
1311,1.5763445442007036,3.6213895599012287,5.4232042356931,50.44482140464528,0.19771124921623154
1312,1.3545118782181738,3.6428965259402704,5.759689381372639,53.58296654102201,0.16304351221482788
1313,0.5567155533133136,3.6970729948578733,5.396586664833356,57.9413295867453,0.16017413683132256
1314,0.0,3.972827612214164,6.498736148096475,79.92349843012772,0.6323552527286261
1315,0.0,3.8193086706504777,6.714388010693942,96.98152701991273,0.6130564889475497
1316,0.16839280860601297,4.155925857668076,6.484015390852693,75.60835870240021,0.6675357846738242
1317,0.0,4.37078979262213,6.934212033560948,70.84682155833647,0.618908311916474
1318,0.0480882696829656,4.9357213450082655,6.172703867502164,61.92113329884414,0.1360037893687207
1319,0.10484744393823332,5.199915402439345,6.151567113198331,61.032461028177174,0.17928269417020462
1320,0.3952388025426207,5.287577549149117,6.824530393870674,59.347797388470184,0.16437264176749503
1321,0.01989577966248502,4.942439261515965,6.45293508901668,68.73723924024824,0.1759982799484238
1322,0.0,5.072541466432785,6.745875330665449,80.51900669486767,0.6305079115651949
1323,0.05372413566571487,5.679729532158512,7.231364983560604,73.34955590430664,0.2075224868177978
1324,0.06026193786086555,5.746526474740423,7.335893818057747,72.68662438771253,0.6605986779175586
1325,0.16273794232648814,5.94578198403682,7.345814512548607,57.61101646069046,0.1696414748623547
1326,0.08272815723222532,6.0,7.844648002402245,69.52993131626219,0.5842949013884805
1327,0.09858964688449544,6.0,7.62100020083665,67.4328172458004,0.5761400735526981
1328,0.2689499238603161,6.0,7.288070310716438,60.906291394510085,0.22463814805890017
1329,0.9347579611808827,6.0,7.289840257826323,60.78788612523624,0.17645313904823431
1330,0.7100249903374176,6.0,7.363787853307289,63.50143718576554,0.1946977392165779
1331,1.135183231969502,6.0,6.644309892127051,38.43379733572609,0.16849192728887663
1332,1.18618287759935,6.0,6.729051239574546,43.38939523319604,0.18440218234045655
1333,1.5962016526169396,6.0,6.001080609989933,20.440975817819506,0.19809309320987378
1334,1.3423210881468064,6.0,6.034906311126695,34.15171476198942,0.16792809033746248
1335,0.9393976925417198,6.0,5.881378423805268,24.558048640812142,0.1766512159330554
1336,1.0601112271761086,6.0,5.297494041277983,29.101417671385995,0.1918508778308376
1337,0.4217764083515883,6.0,5.5014893870802775,30.42560405774869,0.1493724974351022
1338,0.0,6.0,6.946835526962181,70.54372810370688,0.15599281380085078
1339,0.09127553869047898,6.0,7.178067844204584,69.71303721000419,0.19299161696973888
1340,0.0,6.0,7.389403284457474,65.94058094604716,0.168232609793335
1341,0.0,6.0,7.511304146237919,67.64625473511225,0.6235432503559678
1342,0.0,6.0,6.08065374056587,43.51644409994427,0.14008388675830524
1343,0.2450720900638435,6.0,6.544741485037584,47.41949067552117,0.18989823830512426
1344,0.04079220502469405,6.0,6.753834919515958,52.9910952838673,0.18915394148268386
1345,0.077774310713458,6.0,7.219247324938546,59.33263850184652,0.22886866970510172
1346,0.1380322611109961,6.0,7.812628389289654,73.85667988816728,0.6286164603099548
1347,0.0,6.0,11.67149374010984,286.13386863568763,0.6239792117472834
1348,0.0,6.0,8.203947537859854,82.00118212249808,0.650702443573943
1349,0.0,6.0,7.765531463142897,70.09819570397738,0.6311802149866731
1350,0.059178460535576856,6.0,7.529095665244742,68.75925833017921,0.21912607494207606
1351,0.46267329008014674,6.0,7.656528481890055,66.24943844803563,0.18082345778814057
1352,0.8942338712170617,6.0,7.778873552821714,60.245077442296285,0.17755105326799123
1353,1.546193787620142,6.0,7.4359279393239515,40.43003727740094,0.20067146026577135
1354,1.4211159592347862,6.0,7.140130039533163,47.8020608825356,0.21138403828580898
1355,1.8423149802381673,6.0,7.194890356674872,31.719213718977475,0.19370846003661593
1356,1.9881969399143529,6.0,7.20137444861872,37.764452847654795,0.21455556007529214
1357,2.0513185529682305,6.0,6.651035404565648,28.550896483423582,0.1493704907780753
1358,2.44151775901993,6.0,6.54105171603019,18.10928982440027,0.18196409456117665
1359,2.040524873018098,6.0,6.715817163387609,27.676805732094916,0.19266349642731467
1360,1.25643722852775,6.0,5.90338213404036,28.85998136411347,0.22227944283585127
1361,0.5899159311938141,6.0,6.1340721311461355,49.92172511463196,0.14950953268647618
1362,0.0,5.77703565006067,6.901921758153368,62.839995229973255,0.22169660129483454
1363,0.24949996473152325,6.0,6.950998392613599,52.61023805607241,0.17999154387676244
1364,0.06440245034301229,5.899383390654934,7.382290038737097,70.99100441052714,0.20273312284012177
1365,0.049839055575522526,5.375248020611869,7.942026749005695,87.5906806409009,0.6404533776400951
1366,0.25609627165101434,4.924466366571731,6.787618894823835,69.03348060297688,0.5800744346146592
1367,0.03048065213666684,4.321418294407817,6.906877677402474,87.39728322450982,0.6162543359249267
1368,0.0,3.6969364887449614,7.436814671813743,105.86969990122807,0.6354263011460671
1369,0.0,3.5191057928627787,7.839975934184073,96.66343261241869,0.6154527273041612
1370,0.0,2.8992090435098694,8.18075056467518,244.87936510962368,0.616765007216634
1371,0.2514293699149849,2.903971010146939,7.82088632951558,109.44561702929302,0.6352940018334956
1372,0.0,2.391014544002833,8.449973910181903,284.1458465294172,0.625292847997745
1373,0.03720217360830483,2.1730708354706136,8.292558184550872,205.49982467032407,0.625048735297905
1374,0.0,2.4969953550010873,8.606067982689398,281.96822874247437,0.6453371653297784
1375,0.8202218527746759,2.291306735554405,8.776294182522433,224.49134836131145,0.618417979511722
1376,1.7200424926474038,2.165350835226741,8.135401749992482,104.02205286633256,0.5958509243444098
1377,2.457420349567822,2.3027204149233715,8.799612146729643,97.0708719669849,0.605407578976555
1378,2.945114642392556,2.0169677636708703,7.53933263336571,83.27918090529751,0.6365823938386876
1379,3.2260372047488284,1.9828167341765324,7.707056737029725,83.0717193516157,0.5968145721119748
1380,3.304046730623069,1.694751322472699,7.0402115962090726,72.56757358945369,0.616875287739191
1381,3.153595810313678,1.527416084493308,7.050984118673327,79.24945746058586,0.643110660070211
1382,2.5157712102298095,1.5785327416174564,7.377498416286556,100.63037114596615,0.6127592663885459
1383,2.1731405808782824,1.5931014751106145,7.243625329812284,90.92116751621549,0.6156092557200933
1384,1.6569543289613475,1.3462947503532159,7.287064046980209,113.40742930074433,0.5952797812867321
1385,0.8858490074396818,1.3945735534188537,6.673898651147013,114.71197849773603,0.6511131479019286
1386,0.0,1.4726939904102645,7.8749922263960075,274.5863325775962,0.6481132090076585
1387,0.23854853289004543,1.5775780160292243,8.002651580833826,254.5745509823496,0.623240688749837
1388,0.0,1.5902708310314309,8.993501516372271,313.54604219393894,0.6472183947506258
1389,0.0,1.337681928545537,8.712222275080185,231.80165149318913,0.6139458817731437
1390,0.1264692167453467,1.4944119401201275,7.095357077264764,225.1717719055522,0.6003322761254215
1391,0.0,1.8286409357001123,7.5263162002510775,203.35676088525025,0.5937040018874622
1392,0.01413133111052006,1.697637851801113,7.805769934491717,219.20171650745743,0.6448121877440565
1393,0.12063618802692164,1.2595001480373393,8.191518897365015,250.26212551958847,0.6094962280284976
1394,0.0,1.4096451494641098,8.069983963195158,258.4709297152111,0.6400120106109708
1395,0.0,1.8361468415450688,8.026744081735576,253.8280245319161,0.6236258758984419
1396,0.1192321165063557,2.188499104395254,8.523991935887103,263.3342697169329,0.6552108735057738
1397,0.039868415945640175,2.0303090295138198,8.998390487426486,223.00224740985507,0.6355791270036564
1398,0.0,2.3500073922793527,8.899127412002052,296.25135241159626,0.6036289548558252
1399,0.5341922096439886,2.1832645454821016,8.695809238093483,268.6603777408839,0.5935771185141661
1400,1.4257896089303606,2.406276593243601,8.386521743098431,104.37742666853974,0.6257426165380485
1401,2.0881611001082088,2.2142681417805927,8.788694248773783,118.26072121764608,0.6539442440534158
1402,2.588320040035417,2.4076786334116083,8.492648483421947,92.13924097854395,0.6302860307164341
1403,2.8769767865875795,2.4729221620073214,7.899798999285831,79.96329028497439,0.6640530190219295
1404,3.4966626137058654,2.274985027615022,7.697811112063342,79.10299268056946,0.6580514245827551
1405,3.3886945280453116,2.3321183758944284,8.01986049771021,79.69184546777885,0.6214355478775593
1406,2.947755904215481,1.9772337643861628,7.305843845205331,80.96103560306712,0.6158690135029574
1407,2.4177535312471115,1.6703757151473093,7.469916764644505,96.34066494807877,0.6194975357636244
1408,1.6103715920197512,1.3079634927128145,6.9773145732130875,113.95061876706086,0.6267660123810702
1409,0.7311620649949857,0.7871007026625578,6.788631961468717,203.60642566187482,0.6392258579786251
1410,0.0,0.7651457048841819,8.040923756062204,222.60130734906275,0.6363430297363795
1411,0.06775815376265772,0.7555219466830478,8.332186843854686,305.15430933027335,0.6034590629149619
1412,0.05590407725072714,0.5375474959918909,10.651813729926038,292.38093699104076,0.6326711917095506
1413,0.07081937205274177,0.15046867371586367,8.441372421583985,232.27827772076103,0.625701240740587
1414,0.0,0.13819210778679566,7.957877222968508,273.7114829893861,0.6491838275721252
1415,0.0,0.0432788557930307,7.720564156903696,243.6069425585173,0.6010983928567667
1416,0.1130248256605374,0.02538133834662018,7.952938558840598,220.58937357169307,0.6672687650307012
1417,0.16220496508153892,0.0,8.678853774143251,280.1484891942557,0.6329104919284954
1418,0.11121224271226597,0.0,8.517753370985902,259.0443794348348,0.6208537921595022
1419,0.11025223190472777,0.13315435238312961,8.872679482142356,311.2470840163595,0.6242252704903597
1420,0.13457401026515428,0.0,9.151580205904336,357.66703536991264,0.6127629315031947
1421,0.33236199455536153,0.0,9.40926631641228,284.2132866992799,0.6396832268314773
1422,0.03850935712178536,0.0,8.87125904477396,287.1782213810843,0.656195999336515
1423,1.098453739344821,0.0,9.032898171275066,264.84974909409016,0.6383957381592023
1424,1.8498171912364418,0.0,12.028746155864233,348.2392806991305,0.6366854989698244
1425,2.5585255294359457,0.0,9.289841283338632,242.24549717403227,0.6535749254676095
1426,3.0139178455970215,0.0,9.05330747879477,218.35909249869036,0.6716897484387959
1427,3.337206284431572,0.0,8.896121847986544,228.94742593148857,0.658897979809941
1428,3.359129644194919,0.0,8.460484495772036,186.5127395400843,0.5800836816458409
1429,3.4213407535403877,0.0,7.906520171860563,106.23158578290452,0.6364918673861957
1430,2.9554447292106225,0.0,7.896566837314699,117.61300687173694,0.6409111216407255
1431,2.3247388112846004,0.0,7.295102502773698,121.5268753033341,0.634682915067965
1432,1.6548157441514384,0.0,7.103900641615238,205.6519439941266,0.6400356931176513
1433,0.7209683248882028,0.0,7.134328818528797,280.51325559466056,0.6743423232796176
1434,0.198954668730787,0.0,8.722428388430476,316.1127914319478,0.6412825646357004
1435,0.0,0.0,8.203763593017522,319.49380296199047,0.6337135730365457
1436,0.012901227043661116,0.0,9.268697710542185,279.60726398354154,0.6305100611117301
1437,0.0,0.0,8.624005450820686,288.574416322595,0.5948176656047447
1438,0.0,0.0,7.344080712011274,317.08987453439977,0.6005009942323472
1439,0.13024060770604165,0.0,8.040728085572633,337.36217549056994,0.5913548198775656
