time,solar,wind,demand,price,carbon_intensity
0,0.32486907273264837,2.634147127735833,5.005659003562486,51.48646609316411,0.4
1,-0.12235128273001508,2.1077819679412935,6.233733576812913,60.94109851940778,0.40199996666683335
2,-0.10563435045269115,2.172436338146776,5.51740682643622,64.2169710709002,0.4039997333386666
3,-0.21459372443123412,2.185689110277943,6.956821666456246,59.66675219938014,0.40599910004049916
4,0.17308152586493572,1.7776995176164878,6.0047150564274805,62.05917584885258,0.40799786683732686
5,-0.46030773937605657,2.6979592351444537,6.452702463540033,69.11633192920151,0.4099958338541357
6,0.348962352843296,2.3589107920151937,5.92195703339725,63.86892081665212,0.41199280129588894
7,0.6242157551285417,1.999810557407246,6.431613163622976,61.872847840719636,0.41398856946750656
8,1.5638078192114195,1.8120985435955732,6.195626553857539,63.71420372969796,0.4159829387938346
9,2.071446268464161,2.267654433353572,5.505967260421473,64.63778681983305,0.41797570983960225
10,2.890497798762311,2.360679045851439,4.8270017239276815,51.31924841483914,0.41996668332936565
11,2.4857493369676744,2.1549484882768164,5.836432038828366,47.15826090270931,0.42195566016743496
12,2.9355165591972985,2.179524334761268,5.247568789108431,47.16998849741039,0.4239424414577839
13,2.820966607933522,2.077332193167928,4.26360217377856,51.007194634673255,0.425926828523939
14,2.8248300998204035,2.142950231449372,4.196603181765307,45.02872297261078,0.42790862292884735
15,1.9013420900968367,2.55426165560578,3.5767379053882964,36.733407843934856,0.42988762649471984
16,1.4655143584899126,2.583782714139483,3.631924566150298,33.45292263968939,0.4318636413228492
17,0.6008854517232888,1.7233513712321187,3.6761326049407477,35.96401135842443,0.43383646981339924
18,0.008442749343118934,2.224799926903875,3.6765578285350573,28.139213231526565,0.43580591468516483
19,0.11656304274316445,1.8315582045535443,3.3006228237583817,34.56683337338867,0.4377717789953001
20,-0.22012383544258426,1.8016486462709802,3.5960597058297514,31.421474134265377,0.4397338661590123
21,0.22894474196792283,2.3876239645578208,4.197398270453502,41.688113042151834,0.44169197996921994
22,0.18031814411855912,1.9687562337236828,3.920336774501646,36.002469488645765,0.4436459246161739
23,0.10049886778037365,1.2845126913683866,4.333992874617515,42.838296758580405,0.4455955047070377
24,0.18017118985288239,2.433258565240675,5.040925104298667,58.68447895131048,0.4475405252854269
25,-0.13674557183486663,2.6334441229677714,5.635609691950784,55.56653975443674,0.4494807918509046
26,-0.024578045103729636,2.8694155375648878,5.538025124379937,54.51184417217989,0.45141611037843105
27,-0.18715388685181378,2.147763349215217,6.4589255711063664,50.30373709858508,0.4533462873377663
28,-0.05357761592520319,2.709038140347354,6.264006047678626,75.94800532697057,0.4552711297128228
29,0.1060710933476372,1.497734739475959,6.112517474281521,69.26332115469161,0.4571904450209671
30,-0.13833215034506183,1.9795287543991253,6.547207703623101,72.23434350108447,0.45910404133226795
31,0.6971064299363667,2.4566228845024907,5.72054359241957,61.92330902270324,0.4610117272886887
32,1.36256545997608,2.450645181961054,5.381088585031228,67.40715106633027,0.46291331212322356
33,1.952279215259899,2.7134289138271805,6.230172736585105,62.247952559247764,0.4648086056789737
34,2.463826985185952,2.6122913118007367,4.861838330116403,60.95295237106033,0.4666974184281629
35,2.895244559083425,2.3086532065319934,4.987255026052951,55.57968559587157,0.4685795614910903
36,2.7765379302729443,2.7995937390320975,5.499335294449693,60.40426748477647,0.470454846655018
37,2.9446606184306234,2.5543114199074166,4.7776184644769435,38.196832588445275,0.4723230863929924
38,2.93003664677529,2.8708893003164295,3.8250165659685953,36.177767299153125,0.4741840938825966
39,2.26972917567511,2.1217212298133923,3.931844613889214,28.523501857012977,0.47603768302463234
40,1.461632889527677,2.460164529494075,2.9840140302818425,26.81416671087749,0.47788366846173014
41,0.5989313424905959,2.2481332005478967,2.981516103528584,27.624910367565896,0.4797218655968846
42,-0.14943165875016717,2.6255457433195906,3.416090951714726,34.52152597396708,0.48155209061191406
43,0.33849092020554933,2.3244993878139653,3.8448360362796943,28.510831164710705,0.4833741604858422
44,0.010161550955205795,2.321233242449446,3.6840971338230166,31.917201369408456,0.4851878930132
45,-0.12739912931387068,2.00509365979731,3.897192694667366,41.13538662637679,0.48699310682224606
46,0.038183096933493206,2.5015785223180553,3.924827834864825,41.573935764738046,0.488789621393104
47,0.4200510272957685,2.7496632605899083,4.649030553611275,43.93725012054591,0.4905772570758137
48,0.024031790496325832,2.723194175677027,5.3980089077369175,57.56175369083371,0.4923558351082966
49,0.12344062194148385,1.5214623365975952,5.94010257938456,51.7980255146555,0.49412517763423164
50,0.0600340639911655,1.9457296566028464,5.921386705510424,66.16369546009983,0.4958851077208406
51,-0.07044996929870373,3.0383296252475134,6.121649266250145,65.16437694216994,0.49763544937658155
52,-0.22850363960442804,2.385474094647484,6.476624444578527,60.137304927001736,0.4993760275687474
53,-0.0698685444825755,2.4018624323907587,6.711568843438122,70.36954104246757,0.5011066682409694
54,-0.04177884667495563,2.80073442939131,6.259111812967137,62.96406633230929,0.5028271983306226
55,0.8937817735440018,2.5145205839376024,6.264332781455357,70.34266316076445,0.5045374457861319
56,1.6677966827749007,2.2699454469100067,5.967315618665323,67.30517347003824,0.5062372395841768
57,2.307540759820354,2.4007643741343583,5.74626045854479,72.08630555930624,0.5079264097467939
58,2.655193676404168,3.0366613745611195,6.69151476816143,57.73299472991251,0.5096047873583748
59,3.0748057117213508,2.0566876256992526,5.780697428801411,53.72313497346859,0.5112722045825568
60,2.849120411800669,2.864859760996542,4.657630147163195,47.74197968589703,0.5129284946790071
61,3.148351109913863,2.3839560777682345,4.632929821966742,42.83110749964792,0.5145734920200963
62,2.7006621754369178,2.3992791842761734,4.403744601325128,36.90360238284859,0.516207032107461
63,2.0617017765391,3.0422872052801315,3.894360611959548,31.213402199307033,0.517828951588454
64,1.597703629307499,2.2931068722057666,3.219084697368076,36.60470762647537,0.5194390882724784
65,0.7613427927033519,2.7388312162286303,4.274375581760669,25.070430950368028,0.5210372811472079
66,0.22632587749028577,2.3815304932731705,2.905787697483921,25.914683217810722,0.5226233703946868
67,0.3039633632844398,2.062746382840395,3.985281451146496,25.62371892086468,0.524197197407312
68,0.4371150813066323,2.4442667989455793,3.7279803724955793,26.87002047083271,0.5257586048036937
69,-0.27929926709762753,2.8462425077752425,3.5326039257720696,34.80910956422217,0.5273074364443936
70,-0.2888227610859179,2.44107369679242,4.169247942725515,38.09417170307745,0.5288435374475382
71,-0.10089317258929026,2.662729017627749,3.686521865955711,36.55348430800762,0.5303667542043073
72,0.03200741388956609,2.555313487886076,5.137486284720252,43.83570402464685,0.5318769343942946
73,0.17523378422324498,2.5134254620327967,5.752460870938861,52.65670279275871,0.5333739270007396
74,0.06312698944832106,2.374538533904847,5.484969522817664,60.659161052431486,0.5348575823256291
75,-0.40444024316480065,2.5395174829943814,6.209589135783164,68.62087812027401,0.5363277520046669
76,-0.06124080252567437,1.890092670781498,5.049590968321287,67.58371342384987,0.5377842890221103
77,0.16559492852144925,2.365225134250338,6.18319096871549,71.29610454647975,0.5392270477254714
78,0.04601894707287668,1.9580825826751451,5.8312992049341466,71.63935277096483,0.5406558838400821
79,0.9288593713699672,2.5795026763130804,6.911535041181816,75.5304514949533,0.5420706544835217
80,1.4555343714779279,2.6041021247946587,6.396194699297164,60.85127167381976,0.5434712181799046
81,2.081168729773643,2.2577793510940887,6.037041382529461,65.77397663842679,0.5448574348740285
82,2.635388489550973,2.7356706256141154,5.655385650978134,68.19893110282497,0.5462291659453792
83,2.9797878083088563,2.6124919687682384,5.266784374710623,48.182417193263994,0.5475862742219926
84,3.0396599440253538,2.5800645996114455,5.392531239074388,48.43826305795355,0.5489286239941719
85,2.921579208028697,2.38160845439242,4.090895029903438,43.7466871294187,0.5502560810280586
86,2.46394375409551,2.629691474003138,4.7161265636276735,35.87315963164687,0.5515685125790555
87,2.196833100823827,2.8017279095894554,4.289134275660472,30.695277992223442,0.5528657874051011
88,1.5243642541982871,2.284734369650704,4.216339059854667,38.50588459026369,0.5541477757797939
89,1.0023539168899471,2.235005956847978,3.3771429263526613,30.438099369564338,0.5554143495053648
90,0.23978357598030178,2.833746117922364,4.040742960255102,25.253101280201705,0.5566653819254967
91,0.03703128349678877,1.778290911320311,4.0515042234536285,35.365387293374845,0.5579007479379902
92,-0.07505699001802285,1.685203346764951,3.9257607402803205,38.38590208301175,0.5591203240072733
93,-0.1277460814908445,1.922339014161009,4.500774701117867,41.007723103698794,0.5603239881767554
94,0.08469887081282258,2.517443636492688,4.029349178158682,37.570931027096414,0.5615116200810228
95,0.015468013669711884,2.504596863404054,4.5751974863643845,46.17945750343807,0.5626831009578748
96,-0.06877073511421512,2.6036002249203247,5.673799789814464,51.21795523914166,0.5638383136601997
97,0.008719371366849388,2.473008689710492,6.396923757763686,57.962475709205,0.5649771426676901
98,-0.12400016878962586,2.906800835107236,4.926682609210696,53.39983054924934,0.5660994740983941
99,0.13960640681444378,2.913499926656838,6.5291818902261145,58.430504846831894,0.5672051957201041
100,-0.08942571295719964,2.7834547873795197,5.6699801459092845,62.784711543585054,0.5682941969615793
101,0.24490154096109978,2.0838090956405413,6.5540344901587595,70.36882762159351,0.569366368923603
102,0.08069832835816,2.534233260706359,6.2060509487493025,73.49146768012609,0.5704216043898727
103,0.8951728399549757,2.159725283991189,6.551733259792509,66.94013286599254,0.5714597978377207
104,1.2810176308517913,2.263617066384922,6.149918780978594,49.944623600822496,0.5724808454486677
105,2.1551968301713766,2.100885996183094,6.2576968976499705,60.17101168073608,0.5734846451188034
106,2.746187501572571,2.4049958339754296,6.074872345312725,60.409871740293504,0.5744710964689973
107,2.707037358505618,2.558732402133947,5.214150659840725,42.35245076015582,0.5754401008549364
108,2.9467562987992757,2.4126442133961663,5.334281698006073,55.398906812949306,0.5763915613769895
109,2.904300388205877,2.024398566138207,4.467983619094061,51.09186697464568,0.5773253828898974
110,2.323452747303965,1.917805221454866,4.5924097284209795,39.54551224395271,0.5782414720122871
111,2.1843522219681013,2.14003391909377,4.528067025165332,36.33545349660731,0.5791397371360095
112,1.6692321295170065,2.128251433656378,3.783504436213452,34.421704583196,0.5800200884353011
113,0.6045539471411658,2.5895515571994867,3.6676675787497413,27.86833603644729,0.5808824378757652
114,0.07010919573282183,2.25105825835214,2.5986389747877343,28.12645252490726,0.5817266992231767
115,-0.26245668224748636,2.2826649893727007,3.16516602143447,33.35211127776753,0.5825527880521042
116,-0.007739101853210223,2.2844595009560704,3.3896336050955185,29.510174226370278,0.5833606217543534
117,-0.32315447094065897,2.652725703040415,3.8640100211509893,36.8246295033679,0.5841501195472272
118,0.22428354164713282,2.8064965557281036,3.549988556551614,43.19464798594362,0.5849212024816041
119,0.08178010758736556,2.4356333394995464,3.961238392967477,46.66233168971796,0.5856737934498334
120,-0.004923391175155671,2.2247443220959013,4.961446521566297,54.757944119452695,0.5864078171934453
121,-0.15503232383383192,2.711576951572414,5.492141201310279,63.20056197775261,0.5871232003106772
122,0.25475118603175534,2.4137631110153803,6.2430979641366475,49.42873659992446,0.5878198712638135
123,0.393420349850947,2.1473033094429885,6.777038385090893,63.82437707974825,0.5884977603863395
124,-0.37159637288935043,2.568027410448486,6.5631673554343015,77.72194279213366,0.5891567998899079
125,0.24723280609056408,2.3181322525608796,6.26502275202161,71.02803558912939,0.5897969238711173
126,0.3255301506297813,1.8167509306194192,6.845860429684748,68.79354531858823,0.5904180683181032
127,0.8440594746224573,2.4259217379557545,6.04971536530117,69.75144993264882,0.5910201711169385
128,1.2601463935329624,2.318583873850493,6.405946969300641,68.4429645639313,0.591603172057845
129,2.2939894070684472,1.6623311228820965,6.9556481365496765,56.415912515838826,0.5921670128412145
130,2.5618921509376857,1.564602650149681,6.486786966087843,50.42816802744012,0.5927116370834387
131,2.7769933533085536,2.2413068395788196,5.237035866521205,48.481394496596735,0.5932369903225468
132,2.7539883728666075,2.3958373723999467,5.485181852234612,52.86551671457375,0.5937430200236531
133,3.007884978062448,2.3637356463824593,4.417812922083202,49.585179722678184,0.5942296755842089
134,2.7566375845371853,1.7631202081543935,6.102771856878023,46.2108317807446,0.5946969083390639
135,1.9966141976236844,2.0574892687663677,3.134671144359822,37.62121911938571,0.5951446715653319
136,1.604115267414674,2.3516772093925047,3.9694069758779245,35.36662304164682,0.5955729204870632
137,0.5475888573829346,1.6810167114965393,3.7040816526493416,38.81036786692357,0.5959816122797229
138,0.16037220637426933,2.157307891335454,3.992247008585869,40.00767090894734,0.596370706074472
139,0.009313459684829108,2.1856452306768817,3.9540723342846134,39.51848421154485,0.5967401629622553
140,-0.037313954381469755,2.3886438977239637,3.551201727401152,34.38018099881233,0.597089945997692
141,-0.020349174505829043,1.3651717852810537,4.37089063310207,32.81484313166765,0.5974200202027701
142,0.1737772314011736,2.1346138373481387,5.190365377312055,41.906042121740114,0.597730352570344
143,0.15008232797300164,2.686292923661185,5.762413313285645,43.99965680962561,0.5980209120674356
144,0.10589306487054184,1.8841978023926114,5.386227902282828,59.62454382093121,0.5982916696383374
145,0.027540241999477216,1.965361217917035,5.532466511786481,55.1383230392413,0.5985425982075178
146,0.015564225582541183,2.336077555592345,5.944332043471159,62.91551004584032,0.598773672682329
147,0.1236760523997049,1.810562328048892,6.10235500610616,57.82195554252221,0.5989848699555163
148,0.04649891183574758,2.3761996499057143,6.011253664015164,58.59994161563141,0.599176168907528
149,0.13651028137289703,2.1808685735785405,7.237534440366282,71.5314347122308,0.5993475504086287
150,-0.062023354703612005,1.536073918574554,6.881253234987672,68.90250545875669,0.5994989973208109
151,0.28948958248613443,2.028057691787283,6.522137089283763,61.86743889006828,0.5996304944995097
152,1.7077649203718825,1.549769719406322,7.042848589849814,72.18612115851224,0.5997420287951166
153,2.5587162729544946,2.2628187338930585,6.480525909502902,50.59128007106106,0.5998335890542952
154,2.6863491000670323,1.4624520864660369,5.121860893932865,52.92224171536471,0.5999051661210959
155,2.8777464322105053,1.4127428261964312,6.006547950980922,60.562047053040985,0.5999567528378714
156,2.9727110512207933,1.6047111093527122,4.7952843690425135,59.38576048314948,0.5999883440459933
157,2.873966641312243,1.694637604009349,3.952980413242183,47.46553979915523,0.599999936586367
158,2.601558093013317,2.319726579228394,4.394929700746411,44.96997275668963,0.5999915292997481
159,1.8969165978102651,1.9094844663965387,3.784241378053452,42.76002049915307,0.5999631230268582
160,1.3965811084159543,1.9920173812733748,3.3287254917952156,32.75386975116228,0.5999147206083011
161,0.5770517697775105,2.216981589138235,4.342884906403035,25.040145474359576,0.5998463268842782
162,0.04975983227755447,1.67501012376097,3.5298610877181384,26.92255295994884,0.5997579486941048
163,-0.05932823047417255,1.7007470000716052,3.524999266487908,29.139155003781585,0.5996495948755265
164,0.09904226479559208,1.6099551545138733,3.5752793215098357,27.470848147498813,0.5995212762638348
165,-0.03494063194850019,2.0896674535592856,3.74284866176877,30.665870914873597,0.5993730056907838
166,0.1972670375642484,2.334247346362579,4.344389601829474,36.22961834587284,0.5992047979833074
167,0.04270678026708836,1.9120232470237397,4.451199560764306,48.06994608101696,0.5990166699620361
168,0.4381399457939467,1.637624388041735,6.619171598376188,52.60027861659456,0.5988086404396152
169,-0.37927218457821854,1.6587840875183915,4.8610410496984215,53.01032876503531,0.5985807302188237
170,-0.12938333765098162,1.4715624570380086,5.808621591055999,61.22836454686586,0.5983329620904938
171,0.18029737832974221,2.015049224333524,5.825523532996865,56.7345807235475,0.5980653608312316
172,0.5056651413612796,1.4673645203518375,5.94776783498104,62.170181676332376,0.5977779532009403
173,-0.04972695554309201,1.7004835380768664,6.1149194811988785,68.08135168472909,0.5974707679401433
174,0.008733798635677822,1.4169122025444256,6.513827526845479,71.17130810612659,0.5971438357671107
175,0.7311942868048412,1.188589688509718,6.914486094766335,66.07637742264923,0.5967971893747874
176,1.7662914225175181,0.9873748547141253,6.8962913120224725,69.47815656389548,0.5964308634275237
177,2.063858770864439,1.4734146600663633,6.408980934146044,69.24558404998989,0.5960448945576091
178,2.7340901793289367,1.796980968140102,5.538159114779349,57.451146651586434,0.5956393213616089
179,2.833817159087471,1.6274835618743284,6.349097651612201,56.91383828701783,0.5952141843965049
180,2.7454882489508012,1.6471468743922622,5.88886679822907,49.875801694693976,0.594769526175639
181,2.9604870229598914,1.384320517631184,5.493350574121005,44.41946303796991,0.5943053911644631
182,2.6987131740403814,1.4178728690072195,4.014273420148357,43.997366802392385,0.5938218257760913
183,2.3799655200660954,1.3688408325857573,4.2500571495910675,34.98988496744341,0.5933188783666595
184,1.4779105947165365,1.7444307435895858,4.056089035560558,28.975483253612566,0.5927965992304897
185,0.6529847225650909,2.287404629704797,3.843577627108204,32.754204335861,0.59225504059506
186,0.11255221932380563,1.6243858339541823,3.7843773980094393,31.736016656679126,0.5916942566157829
187,0.04814741844754645,1.2468481385269228,3.8256226144335814,32.18891034781166,0.5911143033705888
188,0.05613301542452781,2.0319025244238635,3.549746163895708,31.681235812010318,0.5905152388543191
189,-0.014622540749455555,1.3431807196319703,4.542998343470282,39.2395146749879,0.5898971229729262
190,0.23206771399875392,1.8028006060510697,4.938833308115746,34.459930231417104,0.5892600175374829
191,0.07389854327514475,1.4956925399953946,4.929913397355181,45.3174177776805,0.5886039862580021
192,0.38093174166819627,1.6459237140854135,5.027648676749529,57.493590454747746,0.587929094737065
193,0.22221133971210094,2.6446716020467402,5.591137126110338,56.20459818675443,0.5872354104632612
194,0.13180995922004204,1.3840556620519693,6.374228641493599,67.90294865529721,0.5865230028044401
195,-0.3254876681232515,1.4259203774883304,5.996919366318856,64.278527282744,0.5857919430007739
196,0.1204638560591258,1.7082788810715965,6.648755938977302,72.76724012326171,0.5850423041576337
197,0.08405644072941192,1.5830834204397548,6.081263509419449,74.45407347155191,0.5842741612382791
198,0.16219033456071116,1.4619834723623597,6.689608049680466,72.43639903048891,0.5834875910563619
199,0.9853455542490139,1.3716004066714556,5.81155782917359,68.38316346973339,0.5826826722682451
200,1.4198243616422144,1.7497718562406717,5.730581194641923,74.45939199078822,0.5818594853651364
201,2.2861214672497243,1.8905231799053734,7.104901074054365,60.19239090879859,0.5810181126650402
202,2.485615125149498,1.2765592939554646,5.815823408620112,66.15228330478978,0.5801586383045255
203,3.288753093869012,1.2163189080964112,5.9400859766688825,49.46618193409223,0.5792811482303121
204,2.7336096666965504,2.101477192299855,3.6615793118262547,41.28571719911578,0.578385730190676
205,2.545639766787448,1.1204091696973029,4.492922200511735,37.287612209383155,0.5774724737266751
206,2.267931958188496,1.7582029491450188,4.162108370120831,34.61013571011475,0.5765414701631948
207,1.9432092267270331,1.6711861012650644,3.660220557945121,37.767519539547195,0.5755928125998157
208,1.2761769202880542,1.2046018846873077,3.7707896784405874,36.04230113905498,0.5746265959015033
209,1.1676729160482915,1.7595872890862085,3.117938634680649,21.72244528109051,0.5736429166891226
210,-0.0652998996156365,1.197223999967593,7.1330864240553655,31.145580334400883,0.5726418733297748
211,-0.2685351578754872,1.1979780386874925,3.8805777045630636,23.777588713945704,0.5716235659269618
212,0.22287659535595838,1.1048389847800577,3.1287840243242373,28.62142316755094,0.5705880963105753
213,-0.1173047877643185,1.7690572922087575,4.181667187057183,34.815404315016835,0.569535568026714
214,-0.2473706753082795,1.381245709301103,4.407259951549137,44.153613742853764,0.5684660863273292
215,0.1751677855298599,1.8391120329901653,5.41721217103756,43.1772888457853,0.5673797581596995
216,0.12467243531560655,1.2681929319743388,5.527934301091525,53.01053380281148,0.5662766921557366
217,-0.08699133659104555,1.6935441512329774,4.829068649214006,54.61557376132891,0.5651569986211217
218,0.2815080000482457,1.9294920248570926,5.361412339027384,59.245064672270566,0.5640207895242748
219,0.02582031594214509,1.4798021148688034,6.557877672957774,69.17682514745819,0.5628681784851592
220,0.32338991977146003,1.1665222401535558,5.6382814165009085,64.77666629355792,0.5616992807639181
221,0.10054817639998087,1.4001538779565872,6.748839760321155,70.49040905939927,0.5605142132493495
222,0.3117611081239719,1.87892923502116,6.160825966503029,66.48320677876356,0.5593130944472173
223,0.7983376745926478,1.7228351556834998,6.703361275859764,65.85979831999134,0.558096044468401
224,1.256051120604193,1.3847261133924125,6.5681705153425405,69.91917914227157,0.556863185016884
225,2.611194073371922,0.9768431449757208,6.247927000318722,63.89410751858482,0.5556146393775843
226,2.4889213777568027,1.7146651475796304,5.376591379672027,61.09970520725926,0.5543505324040252
227,2.8580099062894258,1.9893422472626001,5.404997501311227,52.71028413370428,0.5530709905058507
228,2.859920299015749,1.9949318286276363,5.610111239138342,49.64957716063176,0.5517761416361844
229,2.8570985890742935,1.6306907524472631,4.51947151605055,51.887790821493034,0.5504661152788342
230,2.646610099569675,1.444261663708559,4.473337181149353,42.6976588568103,0.5491410424353441
231,2.161686379334444,1.266667081088626,4.763713725757106,34.7255769100955,0.5478010556118942
232,1.6322040575197383,1.3318718835067336,4.655726240099631,29.83922736519664,0.5464462888060503
233,1.1348887771026765,1.0100917248764245,4.328455997907647,32.7446777409523,0.545076877493364
234,-0.024092914357701122,2.1469614998165785,3.571388836567055,28.39133141428684,0.5436929586138253
235,-0.24662414708928534,1.500300074702027,3.60251293901756,38.83536960761506,0.5422946705581689
236,-0.23646362530192674,2.2257176573140405,3.612661832089028,42.54463084100863,0.5408821531540353
237,-0.13315090363982532,1.4902661094484662,3.683306037009865,40.59297105929063,0.5394555476519876
238,-0.33483916152378645,1.0295507036966347,4.168024893387869,40.21890074524255,0.5380149967113873
239,0.16500596488779717,2.076156838840059,3.906288446540566,49.04008641732025,0.5365606443861279
240,-0.09964271272621562,1.262589755508179,5.289012471867586,53.225770113827565,0.5350926361102302
241,-0.06219699566057018,1.3922240462347457,5.245910991275917,57.35277927644829,0.5336111186832982
242,-0.0003782965676007403,2.0214272482786892,6.3156324354001185,55.27745873473189,0.5321162402558401
243,-0.2793240849190864,1.9679646438920158,6.585661890911427,62.31415343552042,0.530608150314453
244,-0.17226327215520842,0.9261453565841188,9.718891551233035,64.14044513582034,0.5290869996668742
245,0.13494230513759448,1.538200559457903,6.0604840434680884,67.39853623096984,0.5275529404269008
246,0.12370782615725864,1.215101037956435,6.3866623204606245,65.18989935754145,0.5260061259991785
247,0.6878227491674347,1.7079792113443821,6.083782328099163,69.29931124369314,0.524446711063861
248,1.8621069828250911,2.0943640157381402,5.519490524439763,64.25074492075672,0.5228748515611423
249,1.8601749590480954,1.4001320819592196,5.725558687228185,70.06564702076737,0.521290704675663
250,2.5290787693223202,2.0082069802046214,5.353629691921579,61.43015154084525,0.5196944288207913
251,2.851609530240111,1.2866988297965798,5.9535311563354805,60.4559417154658,0.5180861836227826
252,2.441382999970692,2.222213908033141,3.630429130518106,49.00681628097882,0.5164661299048164
253,3.285283241590421,1.3282636208567555,4.866928921426211,50.385586572096614,0.5148344296709145
254,2.6713426142613277,1.442569471208439,4.123190339583863,36.74139232725333,0.5131912460897405
255,1.9124024671780844,1.67645074861052,3.710508494379133,46.472553368268635,0.5115367434782834
256,1.9102346885714887,1.1731569702156146,3.547943645954597,32.37915307659126,0.5098710872854253
257,0.8935895353420396,2.064366223502814,3.7839900384452037,32.294764369261515,0.5081944440753977
258,0.08590522800439326,1.2848005885937186,3.4510121747289793,32.95353273743086,0.5065069815111243
259,-0.12139967964000922,1.796484306454782,4.7402310709506725,39.83323668444834,0.5048088683374552
260,0.02124454480704356,1.232221269774684,3.799384776690448,30.26682024821024,0.5031002743642928
261,-0.30513606324587156,1.6587219856777988,3.7039181732815174,37.94624645191933,0.5013813704496107
262,0.15900521888496896,1.6296184823628879,3.9851623155876688,38.446817917342266,0.49965232848236774
263,-0.07488766376864413,1.523452675544082,4.503683591637898,39.77851960871256,0.49791332136531996
264,0.02680963931092463,1.7939955953417517,5.795278364956718,52.04515240577295,0.4961645229977297
265,0.24041097243994117,1.3196381561298822,5.659785428377135,56.73463197854736,0.49440610825797654
266,0.05694962216981159,2.118855429038562,6.438518728327856,55.61873637091173,0.49263825298606906
267,0.05249348909265372,1.730784339596033,5.428554684784993,66.08578678838114,0.49086113396606135
268,0.05529986096443673,0.8405145568569844,6.055466982311396,73.75600000031261,0.48907492890837423
269,-0.14665432077906257,2.2876536512704924,6.483703007556374,75.10161510095895,0.4872798164320253
270,0.16720094388685378,1.829972961671293,6.399745916980174,73.32781959080731,0.48547597604676596
271,1.085128957468459,2.1685348767080095,6.800375209908269,74.0676437216194,0.48366358813513183
272,1.651761132019586,1.657819911960234,6.8247884643694245,65.0301062382835,0.48184283393440347
273,2.2983021064526197,1.0406773226233106,5.87759854172875,61.14468766949354,0.48001389551848395
274,2.422619907569678,1.6022293578675828,4.313974874856367,52.712092152349484,0.47817695577969044
275,2.7242200342926197,1.3691245172599054,4.926818974069755,54.195479333840005,0.47633219841046637
276,2.711824795141632,1.7343157225649368,4.3997458480331,49.65569878235901,0.47447980788501115
277,3.144228093032892,1.610067657788994,4.9030317106705175,46.06457173910617,0.4726199694408337
278,2.547240237831842,1.8267210383278951,5.271734989965581,40.14713289754873,0.4707528690602286
279,2.40128913205584,1.2439289872447157,4.110877237527591,33.83374992718004,0.46887869345167804
280,1.3436176634626396,1.7987186015155854,4.610848437428258,31.20993437224691,0.46699763003118105
281,0.6889553387418469,1.654136160211594,3.7201197164582345,34.04239244808356,0.465109866903512
282,0.01908501743825191,1.9915804712369545,4.061487378102311,33.24752776357077,0.4632155928434108
283,0.1842900137319023,1.3034402845162685,3.71316779175443,29.657346029508044,0.4613149972767046
284,0.01215003915990135,1.6932949670188489,6.259466271541404,31.253327686394584,0.4594082702613665
285,0.04222495100154335,2.3280990401697927,3.4758435911988608,37.829500564271925,0.4574956024685089
286,0.003305513461123122,1.4860968780451205,4.094952611238934,38.414918142796104,0.45557718516331736
287,0.03543754405519208,2.0717376236066625,5.365827218166346,36.65234994654287,0.45365321018592364
288,-0.2232940035769489,2.259444085458994,5.464854602343294,53.16430471273486,0.4517238699322222
289,0.01618542019465572,1.8672966881459758,4.71063335409595,53.72436601810547,0.44978935733463055
290,-0.037315798702293256,2.1769644601870253,6.2875578459186405,52.39555044834094,0.4478498658427965
291,-0.01136489617716946,2.202982709657262,6.676494844048193,63.900007565961545,0.44590558940425284
292,0.09846731118732976,2.371664526407127,6.161236973858804,57.59902163616097,0.44395672244502343
293,-0.13613562820177716,1.800618348075036,6.615910523966672,67.33687545562033,0.44200345985017986
294,-0.016901605480925962,1.8875470594797266,6.212969819512002,74.373768226596,0.44004599694435415
295,0.7169847587528615,2.1727766000001587,6.603087370468946,69.64412981271808,0.43808452947220544
296,1.5834604009949722,1.718179202568815,6.377596269889189,64.87615771047554,0.4361192535788466
297,2.2782744737627607,1.9666455303186718,5.8680087144983775,66.66888799811164,0.4341503657902291
298,2.4069911588785784,1.7530377531715153,5.729736298434746,61.54590145897429,0.43217806299349115
299,3.0149595650877283,1.2742914766927051,5.1169598842008615,52.733372473905554,0.4302025424172688
300,3.413156664043767,2.0838849348563393,5.3444848923694215,51.678087761657075,0.4282240016119735
301,2.6035460937006802,2.504553184194407,4.289658272538433,45.8056447385372,0.42624263843003685
302,2.432041832290293,1.8926212245996081,4.427021252162188,43.30172129721156,0.424258651006126
303,1.9452048235908086,2.039944464472086,4.079744975886224,42.222820144654605,0.42227223773733
304,1.4441804556913418,1.8891320195277066,3.3068876849430495,29.94201598527302,0.4202835972633204
305,1.1010269524983634,1.8131718820373637,3.3517053223626037,28.16541915121007,0.41829292844648747
306,0.0026705352694356864,2.086674213410731,3.6562567961557932,29.161598591829538,0.41630043035205383
307,-0.13893871905744526,2.3780842967087557,4.238323602933788,21.498308641903435,0.4143063022281688
308,0.12436070086111449,2.731295667493973,3.380710666199276,30.698099202385684,0.4123107434859827
309,-0.1199609062141695,2.324794452968829,3.8774124024874497,36.20061767625142,0.41031395367970697
310,0.22468243240438707,1.7987178097153658,4.156873778194394,45.69408282258579,0.4083161324866581
311,0.06105340804880215,1.6692599123568435,3.735067975824343,52.53517992806425,0.4063174796872908
312,0.2777558792740537,2.4996091697741423,4.926056515533934,50.1202356706794,0.4043181951452192
313,-0.13226884863060373,2.212723202242383,5.764189008347393,56.25141423233961,0.4023184787872317
314,0.6061714224744061,1.9446673554851726,6.140659421494291,58.91754653756039,0.40031853058329736
315,0.1649169250066915,1.8209968418428382,5.820642803574477,63.07558081814997,0.3983185505265703
316,0.1309160305173401,1.9055140990960615,6.5668929878566065,69.9822693996703,0.3963187386133893
317,-0.010237689521532842,2.5277764478774616,6.324462828578193,63.11126358294542,0.39431929482327926
318,-0.1451194238268855,2.160890864503188,6.67876588128652,65.75198244049511,0.39232041909895293
319,0.6029033997828441,1.7572346441451152,6.916876193415764,63.66566082587854,0.3903223113263172
320,1.472804534779882,2.4488493122051276,5.9671621031345845,74.13015189483629,0.388325171314484
321,1.9618663864610169,2.28972517905145,6.3005286313677615,67.72883956227912,0.38632919877579047
322,2.6546113538030003,2.1188881661542744,4.930080619360598,56.422175584953116,0.384334593305827
323,2.732557992497741,2.3979863037509888,5.875897874189695,54.40686471827111,0.3823415543634785
324,3.1242165401678017,1.9767168497084078,4.227099576424884,48.989893982216444,0.3803502812509783
325,3.0890018196921445,2.5234460615217027,4.579905904988963,43.9160641065825,0.37836097309397837
326,2.456908109872859,1.8159673791495394,4.1551781705389725,39.79077107783729,0.37637382882163656
327,2.3598575571105815,1.9814381494222884,4.370175023274799,30.324440343598617,0.3743890471467241
328,1.4524116128495632,1.8483417972630782,4.595554607050634,39.53015809820771,0.37240682654575463
329,1.0075147125252082,2.1452612801677162,3.4571036378563926,28.522265237897138,0.37042736523913633
330,0.08763326945824787,2.0516986940245223,3.5042943052258084,30.167047783701598,0.3684508611713504
331,0.22446566433141846,2.1787241736036416,3.0217877690964148,30.732085177916844,0.36647751199115636
332,-0.1994039591059365,2.297407457692075,3.9835492488717277,37.621452307325534,0.364507515031828
333,-0.021358797355845022,2.470583571416877,4.4383284470987805,32.712556550212156,0.3625410672914194
334,0.2902858521181871,2.3564660592936035,4.838285501319888,32.03576058490209,0.36057836541306604
335,-0.12360736953631578,2.3961273448911338,4.1137290689063235,36.43656879168326,0.3586196056653201
336,-0.407440245136159,2.809790482294297,4.563255445624252,51.49447282246304,0.3566649839225241
337,-0.38851783629529113,2.2563274264718687,5.840538329510079,55.93252618969195,0.3547146956452234
338,-0.5012881305352123,1.9064091610826064,6.219586335945163,63.50899452547983,0.35276893586062064
339,-0.42283278438336525,2.6368105737143477,5.035663557526312,61.86943742804782,0.3508278991430726
340,-0.08232783263769651,2.9094904705891587,5.890757373088216,63.32627259190796,0.3488917795946338
341,0.2557056165683444,2.422094099143154,5.351442415915464,66.62101755182212,0.34696077082564536
342,-0.08844585590263457,2.624786833440108,6.404408205337731,68.55520501702807,0.3450350659353752
343,0.8411626060278486,2.183098781528593,6.51973326081275,69.73246485295954,0.34311485749270754
344,1.4780017019672784,2.442178784116907,6.473605081922327,67.66431098007138,0.3412003375168865
345,2.1230301326468477,2.5841084286146936,6.2866947817699765,66.56308506725438,0.33929169745831417
346,2.564436443404373,2.512927593893151,6.078631156151857,65.25272243000673,0.337389128179406
347,2.862941410005607,2.2436263880288894,5.3378647633321314,52.718290617327455,0.3354928199355042
348,3.0922328199954037,2.9007293771474636,4.244059097623473,48.13803863457502,0.3336029623558532
349,2.662580944578942,2.469211406847743,4.7186558344494305,40.786576679596735,0.3317197444246358
350,2.800101646820261,2.702071043251585,4.6255835393886136,46.05987826029937,0.329843354462076
351,2.3053239302091955,2.550206685414611,3.2331104056530973,39.13467549385861,0.3279739801056064
352,1.4609885318248195,2.695850701609505,3.217069968120221,37.71754052470068,0.3261118082911046
353,0.9375358201539994,2.7188116171083174,4.151715632158414,24.88474988968807,0.3242570252342005
354,-0.14026888525143502,2.3788858166721782,4.315075966711004,34.660075290677504,0.32240981641165395
355,-0.10744460477506768,2.69854015350529,3.318581964215819,35.578587743479325,0.32057036654280807
356,0.03125277005401666,3.1010827489966624,3.0488081375763914,36.70392401832392,0.31873885957111664
357,-0.0380442050169723,3.0569565723514955,3.640161099221831,39.858350607762716,0.31691547864575087
358,-0.08974760653432456,2.6905858755245555,3.8355223412775685,47.22735793803881,0.3151004061032835
359,-0.13448960775731927,2.9714642561341194,4.383157592112931,46.010422728126315,0.31329382344945644
360,-0.11149894435720867,2.0766085852882634,5.411380519398551,41.65769446129166,0.3114959113410295
361,0.18783374883929757,2.914227627945429,4.427184955307491,54.427646955160625,0.3097068495677154
362,-0.3886646811336706,2.49827523833381,4.728225437092429,62.81270804665134,0.30792681703420033
363,0.07049887287386661,1.9428289525404812,7.032137118559045,66.27000454133022,0.3061559917422546
364,-0.04728739036259735,2.531362061800357,5.896820023343986,75.8147493437977,0.3043945507729314
365,0.14556269999992977,2.777367980896704,7.0407176311519,60.48568272089978,0.30264267026886016
366,0.10301472272787314,2.2781407259361766,5.577374533696728,67.99199123450961,0.30090052541663104
367,0.21995024177697764,3.070347095604977,6.878190707123522,63.13681037917526,0.29916829042927773
368,1.616929322095485,2.8960221969719995,5.592068034656351,65.40528821224422,0.29744613852885526
369,2.186175192249327,2.110552796043683,5.5669847316449985,61.718035064316055,0.29573424192911874
370,2.6024487786786263,2.797433090502936,5.05166990310215,53.613033932403034,0.29403277181830134
371,2.8040427156116268,2.529702165821848,5.660591482885094,51.22228855923124,0.29234189834199653
372,3.1706562443911244,2.331795316412285,4.4794032195821725,39.929454591112346,0.2906617905861426
373,2.8151716169249985,2.403283092820373,4.112560104925051,46.32096748174953,0.28899261656011527
374,2.9650197366832534,2.3655310245005454,4.586826680108963,44.057216220179086,0.287334543179926
375,2.2341969146585057,2.1346885734178933,4.723287477025501,40.382872468244386,0.28568773625153127
376,1.9275656134878962,2.365396483690336,3.915622486607059,37.31616228126706,0.2840523604542515
377,0.619350335923516,2.70780666493108,3.681631928782067,31.311938224405797,0.2824285793243035
378,-0.35118512804657,2.9276721693874896,3.889924702043208,24.499701083779847,0.28081655523844723
379,0.14295791949716308,2.93706367375344,7.872737616367494,26.884305389410045,0.2792164493977479
380,0.17054081234505727,2.3270097495225155,3.576802397426421,30.52214934618898,0.27762842181145625
381,0.007072019410951468,2.4630828809065375,3.450416335591574,35.976656062728566,0.2760526312810074
382,-0.30775864914892864,2.2394687550791392,5.171547252486697,36.09441180937041,0.2744892353841414
383,-0.08957903694322372,2.8050880372414686,5.3192220091059506,52.515631723312374,0.2729383904591449
384,0.12359710678406695,2.00023324772941,4.39293539373999,51.3354425983531,0.2714002515892182
385,-0.03683526513074907,2.084073292123311,5.794859298016178,63.64596604606277,0.2698749725869666
386,-0.023197037094479248,2.3004653932144388,5.953758003304435,59.887672674549236,0.268362705979019
387,-0.03509179373235052,2.5646113845290364,6.025154739821117,70.90129775201086,0.26686360299077616
388,-0.18678293112530028,2.3905626001623954,5.722850670861533,67.48707292803967,0.26537781353128764
389,-0.10660406521671986,2.4943524853707855,5.743472774391119,67.94890638102918,0.2639054861782612
390,-0.2853110841041064,2.4960097698651245,6.226218211176314,71.01158447687729,0.2624467681632052
391,1.1300491249697675,2.548840285844368,6.41286893085831,61.384268088493315,0.2610018053567056
392,1.4049254249724035,2.165416628431516,7.119562705038055,69.48085590626238,0.2595707422538389
393,2.2168423799231545,2.370640263037206,5.361197678453284,67.20318754609325,0.25815372195972275
394,2.393699022425054,2.642219518139886,6.25911157936927,57.48560094748382,0.2567508861752059
395,3.0566831267874215,2.549288663510516,5.494682961048052,48.43260099610462,0.25536237518269755
396,2.6253678044729396,2.7892940950248692,5.4079627539907165,54.971391451536086,0.2539883278321401
397,3.0819005024781965,2.233316800133542,5.6230593194498,45.74024021324544,0.2526288815271234
398,2.591002626377574,2.724746061006423,4.028214059539664,53.39130942944283,0.2512841722111451
399,2.5434413542797847,2.888342063261031,4.0082936727935605,40.288963911659245,0.24995433435401623
400,1.238693185431196,2.400869966498454,2.860112306438915,32.403334298302354,0.24863950093841436
401,0.7917332313394815,2.5185259620453904,3.2161935850776717,27.487354279072168,0.24733980344658535
402,0.07344636277677331,2.501213192249732,4.280860035621679,29.484668925015438,0.24605537184719525
403,0.24657983847524745,2.5890787698961915,4.563444212285123,35.792383914611484,0.24478633458233356
404,-0.08457139227815508,2.539289237630695,3.7845514517812173,27.44997426592887,0.24353281855466946
405,0.017292881304857483,2.8581109762692543,3.9132398932930332,38.22205676539656,0.24229494911476102
406,-0.4284933458154737,2.5654448074734657,4.480414492204872,40.66697388542408,0.24107285004852064
407,-0.1660337728045416,2.66477793280663,4.7602847319309785,41.2226742892182,0.23986664356483647
408,0.09032319011104832,2.4987015754619577,6.126276530380432,42.558548189040685,0.2386764502833519
409,0.22083486526064272,2.0803553297410753,4.883023593303631,48.214890947285106,0.23750238922240316
410,-0.05634725381312257,2.5163668605647644,4.907522942256982,49.01061302221559,0.23634457778711795
411,0.4112711046396587,2.310676604358882,5.688166921766528,71.23696672242065,0.23520313175767485
412,0.35204984528981864,2.1822770631210737,5.610160557269045,80.1675430128694,0.23407816527772585
413,-0.01213049835496198,2.097470172304445,6.505666241757675,68.65080821656781,0.2329697908429813
414,-0.4827006002347576,2.33748156432547,6.528171863906211,68.11709118869322,0.2318781192899611
415,0.4209438601463647,2.169025143938221,5.702251583936105,69.3703081911247,0.2308032597849107
416,1.3444282346745173,2.955677287268518,6.2825671614340175,70.81509862727316,0.22974531981288512
417,2.3444885651444767,2.8151692072351344,5.913771698612959,72.67702172381897,0.22870440516699977
418,2.6601306689100697,2.2482746916105767,5.869935749480739,59.35090686370374,0.2276806199378519
419,2.4789279156226427,2.533174564837222,5.067759840014906,50.52893563273761,0.22667406650311117
420,2.9542468342259673,2.6594507259945654,4.799746317888073,40.30555055572275,0.22568484551728238
421,3.2204497537798282,2.252309160039052,4.4678323687040775,53.818420480756835,0.22471305590163973
422,2.5231152738927856,2.850297967192823,4.914456159933169,48.68520085151149,0.22375879483433495
423,1.9713264201045095,2.563999659532625,3.371810727405657,36.33876966977927,0.22282215774067948
424,1.910924820503623,2.24826768669652,3.4097151114900877,28.893827012070417,0.2219032382836023
425,0.7871390426672327,1.730283559623646,3.5835318843879613,29.469704182530645,0.22100212835428332
426,-0.09583141975721562,1.971462398609573,3.463689954986608,26.603188836824412,0.22011891806296446
427,0.07003343176565578,2.3479190012988105,4.129275832277221,25.939583198477585,0.21925369572993894
428,0.003432945274817713,2.1117848250184443,3.5492950343860046,26.19441095206689,0.21840654787671893
429,-0.08582845564701876,2.2278852229864214,4.112580822911589,36.845372089429816,0.21757755921738395
430,0.2416912657103926,1.9886627235272891,4.266379151957385,35.706645169052905,0.21676681265010903
431,0.22314036055689726,2.2895815995498756,4.184830895294841,47.96571835006558,0.21597438924887527
432,0.16817231162822077,2.068568631219452,4.846303298024252,46.76641672398907,0.21520036825536243
433,-0.02057744351470752,1.7307125104015595,5.373856514811565,58.40263391748024,0.2144448270710249
434,0.2293800752798966,2.084411033747322,5.350482066962103,52.14121375510362,0.2137078412493515
435,-0.009940515831735169,2.005594860679154,10.517023119174656,70.34737140703226,0.2129894844883102
436,0.09332865344576816,1.7019270447110864,6.4107613362815306,59.80601746820655,0.21228982862297843
437,0.20673737358790023,2.584526537807455,6.971672428768938,60.87333396635539,0.2116089436183598
438,0.16176887205313642,2.124838748753126,7.332885047137868,70.28325677666697,0.21094689756238735
439,1.1344080719488165,2.039610788038519,7.451077041324398,65.93486559390435,0.21030375665911488
440,1.590256803208034,2.352739877446008,5.397485906244552,78.8578686233844,0.2096795852220968
441,1.7845083463859954,2.09275029280678,5.740152986112497,59.52740343860173,0.20907444566795674
442,2.3660421903568607,2.3375673739916314,5.049363042586033,63.81426266278718,0.20848839851014578
443,3.1677988426035504,1.6529867179042017,5.14290655869277,52.94417774043764,0.20792150235289134
444,2.9337433660134744,1.775947982421676,4.8217196979654915,53.539256433879316,0.20737381388533668
445,2.9750853078938233,2.2402369239190145,3.8758780834296895,40.92602954635872,0.20684538787587226
446,2.4277850800471508,2.5139284837067173,4.805168938308937,40.943513066315035,0.2063362771666586
447,2.3214966282957032,2.0650245613770832,4.576719018512102,37.5382348542524,0.20584653266834235
448,1.4230335502334417,2.1105888970821547,3.347353015490377,32.2422086991928,0.20537620335496523
449,1.0680787830294671,1.788243144379506,3.891365287993286,37.340277422903654,0.20492533625906673
450,-0.10644680417963515,2.0158979400999644,3.927025420297279,40.921612360458326,0.20449397646698061
451,0.22362667934353914,1.8017892789136987,3.8818891487203286,34.31032495532387,0.20408216711432664
452,0.1348792209641738,1.9559841678423364,3.0219111638424203,34.27093895919765,0.20368994938169693
453,-0.14447838108283018,2.2103231890625192,5.162028849660873,32.475699173297144,0.20331736249053786
454,0.21979926654943585,1.3835962787978466,5.293606871210848,40.83594474349824,0.20296444369922811
455,-0.1803268980951996,2.036726770398148,4.367153737976598,46.48886018842725,0.2026312282993527
456,-0.16449343778085035,1.7210619641630627,4.7684079323124555,46.52542531098772,0.2023177496121739
457,0.14434225842253853,1.758071470691124,4.722843959903788,62.61582636093038,0.20202403898529922
458,-0.1250684002931976,2.283140474182852,6.057417886199438,54.338152454897845,0.20175012578954662
459,-0.11876861345090194,2.019988358722255,6.059063886365431,66.8688883234761,0.20149603741600738
460,-0.06878014184207848,2.2011429558393076,6.540041200617831,64.05584361174846,0.20126179927330712
461,-0.20003383797450316,1.381653524191633,6.238338125045508,66.24430842374257,0.2010474347850649
462,0.2089988819347795,1.7774914846560832,5.868826558151444,63.600180724601685,0.20085296538755093
463,0.8981600750045322,1.75427014420828,5.968428555498252,77.0232593304827,0.2006784105275429
464,1.4861342606619032,1.7034027120595099,5.990400669940024,67.3590665038991,0.20052378766038137
465,2.099641930124935,2.0022152774851016,6.135273862799611,62.63668565337527,0.20038911224822412
466,2.6881073139067517,2.1288910419291596,5.636219852862086,63.27422980569852,0.20027439775850023
467,3.2508444989710195,1.5181113199746976,5.777691481905,50.604093550883796,0.20017965566256304
468,3.1741939605064484,1.551441633874865,5.339081615935493,45.58080323961163,0.2001048954345432
469,2.796086052012125,1.4548179333112525,5.0787824035895905,45.567967065704046,0.20005012455040122
470,2.7535600524030888,2.1649255314679623,4.398307058233743,39.97196317054058,0.20001534848717983
471,2.097566109139025,1.656539261392856,4.867325291762258,33.165924641921634,0.20000057072245642
472,1.4602003632392548,1.770943758337804,4.772954850998301,35.02248719239345,0.2000057927339951
473,1.1497514103379882,1.6921792565902576,3.30541575745294,29.51844893375112,0.20003101399959913
474,-0.08378757953562425,1.493320295545089,2.971195364966487,32.87575919596353,0.20007623199716293
475,-0.09583698302548117,1.8850648072452563,3.9345854942002116,31.67546581562003,0.2001414422049244
476,-0.39042105744904654,1.878762303405471,3.9946334172129627,35.76283115534621,0.20022663810191718
477,-0.2804658290906274,2.0371221352826816,4.34060316860123,42.90219309428802,0.2003318111686225
478,0.09022458774691972,1.6780751051971488,4.001118175619128,42.88638440078744,0.20045695088782134
479,-0.1389841802370478,1.647661942305625,4.099621226155611,52.85931409764488,0.2006020447456461
480,0.1030827603566482,1.5523329205220013,4.92167575796034,50.60214515604898,0.20076707823283188
481,-0.22297421047318738,2.1657512463366206,6.2565068798813845,51.50572139383858,0.20095203484616747
482,-0.15346196526634695,2.013020027055258,5.648906179759217,57.5801104632744,0.20115689609014575
483,0.13491414139120075,1.6902010622256571,6.408701356520667,56.54268687865523,0.20138164147881293
484,0.2921784760926156,1.888704597732521,6.017586075531089,65.82054125936139,0.2016262485378175
485,0.11849456028480397,1.5100880853144993,6.009015637299473,72.05058476493906,0.20189069280665736
486,0.23956616834425024,2.294148680432251,6.09973807985835,74.82488063435592,0.20217494784112605
487,1.1173759695820435,1.49244125504541,5.323098519830987,80.47030238859429,0.20247898521595695
488,1.708017830630819,1.5482525843360115,5.971297288690139,59.40782877313904,0.20280277452766593
489,1.9376323358996377,1.543244583405701,6.502381261139968,63.21992692594721,0.2031462833975917
490,2.5770072688518075,2.157469223900166,5.771660223403692,64.1615396812755,0.2035094774751335
491,3.023816613004187,1.6840773240286289,4.965224790251209,56.06642009743028,0.20389232044118621
492,2.917030619742353,1.9579763538274664,8.203506286846427,44.143796055583216,0.20429477401177232
493,2.9881666863314496,1.5926353228638717,4.741678206350078,45.66084604253864,0.20471679794187006
494,2.282244954274423,1.2549480107360993,4.666166172739169,38.55923313406795,0.2051583500294382
495,1.9555947477883617,1.8448260738066868,3.5736732214263416,37.655081184660176,0.20561938611963584
496,1.6057759491170347,1.417754894989373,3.697168351952129,30.881220766985287,0.20609986010923825
497,0.32903983308506896,1.2038160772066828,3.7175548885142025,36.173190400083435,0.20659972395124682
498,-0.22154250045691012,1.468405016150599,4.026737976559391,35.622518736105405,0.20711892765969392
499,-0.003543663582028452,1.7767562025673362,2.9257722290357697,33.29686659216739,0.20765741931464132
500,-0.34387889492390467,2.110755117333668,3.5480547468124515,38.349826647765425,0.20821514506737232
501,0.011424199216418416,1.1596183940106863,3.0399205980130617,37.824021573429036,0.2087920491457764
502,-0.15990949813835198,0.910720632851168,3.830175152288712,31.985625931708135,0.20938807385992647
503,-0.058318919100166546,1.8442478202258412,4.780338553535646,34.60183894164,0.21000315960784785
504,-0.05179657068010647,1.6501674976989664,5.854603848649726,50.52680221258074,0.21063724488147823
505,0.03785863951173152,1.3862525451410803,5.269136057879591,44.49358770492885,0.2112902662728187
506,-0.11275774691646055,1.6761382991965132,5.549202777345304,65.49441416499275,0.21196215848027428
507,0.017937281464518035,1.7649929843619718,5.560929029167003,57.71653870531848,0.21265285431518421
508,-0.1202313601298767,2.1155079962252734,5.615643255074409,71.85783027115623,0.2133622847085405
509,0.11121470201547706,1.4987109290302951,6.018030780973506,76.63617414186663,0.214090378717895
510,0.33876182265761623,1.917880291175116,6.810358754028027,69.24760587771922,0.21483706353445353
511,0.8158310911576205,1.394742463744244,5.400955387543153,71.75488140627158,0.21560226449035674
512,1.533973851069514,1.373901499396822,6.196008908536934,57.28740958170016,0.21638590506614663
513,1.8885187493274023,1.6506723995927772,5.719081149988805,61.32661541628898,0.2171879068984186
514,2.736749456485393,1.1859951574639145,5.227245459911373,55.54114775075432,0.2180081897876579
515,2.7461640131559584,1.1270508542309043,5.507170406849466,62.32444752432213,0.21884667170625913
516,2.8382305607055742,1.8039589951817874,4.603866846794155,61.115413411804425,0.21970326880672905
517,3.0092653694388116,0.9236515450550107,4.067970039669251,41.18278029224034,0.22057789543007153
518,2.63428396022489,1.5443630901350476,3.9582119272249585,34.858136721685376,0.2214704641143531
519,2.3427554337494554,1.4109329927906473,3.1670962626438346,48.742300270060845,0.22238088560344915
520,1.7885753856992617,1.394660052305546,2.878652489542913,31.846190407178966,0.22330906885596938
521,0.6685208228670646,1.1052991162110344,3.1527800523994443,35.13459757096922,0.22425492105436204
522,0.02567539803118924,0.8928594080436597,2.9274149446961646,34.36336274775859,0.22521834761419554
523,0.35208303671506447,1.30421246052338,3.9966718559053565,29.406052678725594,0.2261992521936168
524,0.19330785004581147,1.151990395046399,3.660005487123719,29.75350371796231,0.22719753670298515
525,0.14260981006065385,1.3732172113336532,3.3573115459221063,43.330565554762984,0.22821310131468162
526,0.26124121302708975,1.526757510935237,4.196985563085788,38.96573340410535,0.22924584447309135
527,-0.12092059383287519,1.2775392315452558,4.962337895934992,45.96137314919689,0.2302956629047591
528,0.1273166818829262,1.1782473061273608,5.288200945433921,48.90130457498305,0.2313624516287167
529,0.28185067787280166,1.5871719056745237,6.245556114290445,56.15894076675955,0.23244610396698046
530,0.3241824571243495,1.2719806256540427,5.3486741404188,56.38690943577824,0.23354651155521977
531,-0.16123696347644484,1.2132597979839705,6.70212639919846,60.13797265035084,0.23466356435359276
532,-0.05033484152628488,1.4121781958497144,6.114486452703327,65.37726555915391,0.23579715065775061
533,0.07654303474487278,1.588592611135757,6.4870590582602174,68.50833487870781,0.23694715711000733
534,-0.05779946860196318,2.136806440262048,6.07077555944525,67.10392524985195,0.23811346871067612
535,0.6980938873459526,1.989702298605224,5.929803584616949,72.36940219085375,0.23929596882956883
536,1.6368002656363905,1.1282860338608152,7.207427065410268,63.593283103786376,0.24049453921765915
537,2.05063834698624,1.1119058715442889,7.006303842577624,74.58304657425859,0.2417090600189068
538,2.2404936331133727,1.53068919040489,5.897936826255199,63.49800441064177,0.2429394097822439
539,2.9701469420351185,1.6806791158474819,5.805406738781475,58.12118989454554,0.2441854654737194
540,2.9151014418858145,1.4765843324720818,5.107390991065977,41.55400957872267,0.24544710248880258
541,2.7514712825211385,2.1705224277504906,5.402761339908999,42.9872403084013,0.24672419466484316
542,2.284928581222135,1.8748790793783192,3.3596060404343397,33.924008922800105,0.24801661429368782
543,2.324084836953984,2.016918210844575,4.754415895743234,39.54641296105103,0.2493242321344507
544,1.0545774736299969,1.4028890011576858,2.860901387441083,32.842115004560945,0.2506469174264375
545,0.4365904143631039,1.262740241627467,4.350636641772329,33.487912693538576,0.25198453790222114
546,-0.055169212512228304,1.2144747638021538,4.56995921908315,25.292393365047815,0.2533369598008687
547,0.24579111713013946,1.5053854877427355,2.9245516369924687,32.81806255975855,0.2547040478813174
548,0.2619411811365307,1.166173541508937,3.3465481458306687,30.681888002470295,0.2560856654358985
549,-0.2309965269858729,1.3578975092777625,3.933185980215774,39.37845387461444,0.2574816743040077
550,-0.0355264391967102,1.4233569704771893,4.667322952589709,36.09542926100523,0.25889193488592166
551,-0.30209127501751376,1.8406202602220887,3.52718221386052,41.81912148757998,0.26031630615675727
552,0.2022414127549817,1.4204112449469202,4.921482261338183,42.95880098102121,0.2617546456805746
553,-0.2953125321040361,1.1452837291095033,5.721334140005718,58.31519215503586,0.2632068096246199
554,-0.02863914900144753,1.4384777823828487,6.1428244561355845,55.591695287699075,0.26467265277370866
555,0.20659675578995024,1.634796884641769,6.385757526666092,68.1689612489343,0.2661520285447476
556,-0.04448280570598172,1.7521827319213714,6.072775701124179,65.29841575201438,0.2676447890013925
557,0.29403206876514804,1.3132754907639494,6.243410315685081,68.81239258727416,0.2691507848688417
558,-0.17400164463817042,1.7900296779777423,6.218032362945097,69.25074657299122,0.2706698655487633
559,0.850295229216937,2.0180841777511,7.713452685560214,68.84393351345007,0.27220187913435523
560,1.6706564371647463,1.755283562324241,5.783676099744744,69.25821165450361,0.2737466724255357
561,2.0933779974714284,1.6866293581791925,6.181947263453944,66.40782152701904,0.27530409094426295
562,2.8753390642025796,1.4872861818648382,5.5914942736679984,59.50961187742385,0.2768739789499828
563,3.0074033958048436,1.445374523818369,5.306360837167043,52.75398707542146,0.27845617945520285
564,2.6725100813983316,1.0266839913308285,5.160536435957017,53.33778832418655,0.28005053424119125
565,3.6894980196747977,1.8252641000274452,4.320933626260701,41.541282599795,0.28165688387379817
566,2.7278049401714495,1.5440150655870715,4.26879606285843,39.4889372194021,0.2832750677193986
567,2.1427890023243608,1.7035415808554863,3.7148327336433438,38.68962652699223,0.28490492396095657
568,1.2202374362667046,1.8158175248933288,4.067609119537607,33.40918256558651,0.2865462896142063
569,0.7928106990686864,1.4373273805554796,3.3507850813807245,33.216265223829254,0.28819900054395026
570,-0.09198856616813708,1.986301873272017,3.5287993971070035,27.966166225049115,0.2898628914804725
571,0.12887073320606446,1.7232296596148449,3.553718231572213,32.06053327869268,0.29153779603606605
572,0.07433405824237307,2.146623225912088,4.643444560312335,31.924686640421534,0.29322354672167117
573,0.3706018970138758,1.7565653964866585,4.866312381269779,47.73315775710796,0.2949199749636242
574,0.028450274505263558,1.8099585990969487,3.650302100079341,38.31694089944618,0.29662691112051426
575,0.10270109599770949,1.6409691097070547,4.212513773878206,46.56984268569398,0.2983441845001484
576,0.0744913703022885,2.1746377388531912,4.26944025577609,50.94756272012757,0.3000716233766195
577,-0.029697960611878734,1.1095134357972927,5.193741776765439,47.39567258268176,0.3018090550074797
578,-0.036680039464004784,1.5896720108823374,5.686123488881238,50.22315366117875,0.3035563056510137
579,0.22020004053369635,1.667074440566387,5.6949310921200516,62.2911213262243,0.305313200583613
580,0.1560054270677259,1.3086382323304386,6.4549755541962845,63.034414226973865,0.30707956411724857
581,-0.12588832081075602,1.5386282644783582,6.1738166248723685,78.26361291814902,0.30885521961703893
582,-0.22268722059459806,1.134773621751784,6.454517632070449,75.06842189055025,0.31063998951891403
583,0.7629751303181913,1.8529906814102841,5.49753033842812,75.08193955167762,0.31243369534737064
584,1.7322879963348785,1.3838589152699448,6.5990542251516295,73.69932048602827,0.3142361577333208
585,2.1158144663060474,1.9260224358287747,5.555590849182205,64.86737078905138,0.31604719643202805
586,2.9473632291989107,1.7462471644746032,5.505457812028172,57.31296551783556,0.31786663034113183
587,2.7427634214525183,1.5847610458482733,5.677580904252446,67.48845369090364,0.3196942775187571
588,3.028328107533161,1.378305539510291,4.265840670027583,60.85410384587032,0.32152995520170924
589,2.394516706674055,1.6495187067787809,5.107087060911704,50.36963213345798,0.32337347982374975
590,2.478942635171258,1.9575561476348438,4.3661167406225445,46.88699895779122,0.3252246670339528
591,2.0594960798312703,1.8367896503578272,4.050014119698573,35.00054192038314,0.32708333171513976
592,1.6021875548984177,2.084406256835245,2.980829336249493,31.78762233811855,0.3289492880023915
593,1.1185895030417903,1.6581934590462875,2.8652355824076285,30.771060818258015,0.33082234930163423
594,0.006988717872748378,2.386695723336187,3.5172372415462223,31.31228715822656,0.33270232830829916
595,0.2907835163217635,1.8437580447820787,3.383370969268921,32.22893802074907,0.3345890370260519
596,0.1323362152931965,1.6718686722958422,3.3929406644948834,35.44994803864167,0.33648228678559305
597,0.19727043604241287,2.328790667208404,3.8597808117122803,19.640949442232237,0.3383818882635244
598,-0.0932309713651856,2.353356326314269,3.7846656739106077,44.67367377335066,0.3402876515012813
599,0.27699826872972777,1.9294024720940315,4.520044194348503,37.17958840672663,0.3421993859241278
600,-0.214592855742329,1.8215484163244455,5.2510094863913555,56.031759182789784,0.34411690036021486
601,0.09903172224006332,2.250261619360927,4.924409889365517,53.20591566079417,0.3460400030596968
602,-0.19041242014125181,1.7194081920371833,5.310810463554913,64.7354700379383,0.34796850171390625
603,-0.10362911047975097,2.278622160190601,5.98139762133595,60.72678693347291,0.349902203474585
604,-0.29228072094442126,1.59232679677568,6.0483100325299395,66.26080108588124,0.35184091497316816
605,-0.10326958172920445,1.9938755451681127,6.389412504719909,74.20161160528015,0.3537844423401216
606,0.07022337930219306,2.0328245534533376,6.511884567844047,74.52653806365547,0.3557325912243281
607,0.7627030426918345,2.4021193982507127,5.565277689182875,69.69178515286345,0.357685166812523
608,1.230447011749267,1.5012981026483174,7.06975285840357,57.857902083306215,0.3596419738487742
609,2.415468314897917,2.1307477138507687,5.938667915949508,55.844806332653576,0.361602816654009
610,2.6655203990150076,2.034530040138297,5.7683561642877885,62.92087028856852,0.36356749914558084
611,3.0993905654823575,2.0819114458344736,4.767288598199847,54.75291634983299,0.36553582485687797
612,3.1570453839269375,1.8260679035750287,4.849673281285304,61.11439548460604,0.36750759695696916
613,2.764803925473762,1.7109521006818222,4.4382917486874645,47.50843330545726,0.3694826182702878
614,2.209066819630908,1.9727563526722784,3.707323277327234,33.16707384312789,0.3714606912963483
615,1.9382354699133015,2.0493267791131107,3.8012693275149876,33.02524301896198,0.3734416182294967
616,1.745031169854646,2.5744565274050317,2.9023066461437788,33.88007946888565,0.37542520097869003
617,0.5657479205675001,2.1753342995326697,4.663021668258668,28.810626575501484,0.37741124118730657
618,0.16320873686481255,2.150593657722504,3.5835029044588764,24.78768985134156,0.37939954025298045
619,-0.12248139462576475,2.3712712333081227,3.7682727984978497,37.582806861794495,0.38138989934746226
620,0.07862184897079671,1.6880315556694865,3.816282145654725,29.95003612014353,0.38338211943650075
621,-0.3647839705250388,2.39810401326302,3.5120493724531716,40.16625378901116,0.3853760012997474
622,0.23341503319999282,2.465614351505051,4.260749842045868,36.71156512620957,0.3873713455506775
623,-0.007933740018096425,2.4727292024121006,3.256574562112469,29.753370638986382,0.3893679526565288
624,0.17716515979318145,2.110185299729327,4.4665995565735,57.559541884560595,0.3913656229582543
625,0.03797232987661914,1.848914817117091,5.652662328006697,59.83285971389889,0.39336415669048863
626,0.15961275905978864,1.933322300469229,5.594718170213779,51.66279401531719,0.3953633540015241
627,-0.02038640785272001,2.3122487467493698,4.9489621808152435,64.14554658454888,0.39736301497329557
628,0.14867130870277245,2.4081504732168257,5.550624733481421,63.50441898612729,0.3993629396413724
629,-0.3019145368448087,2.63908713237248,6.849485465911559,73.44803280729292,0.40136292801495405
630,-0.21614213848910133,2.721442433166669,5.59767655728298,63.01486848667258,0.40336278009687
631,0.9215519362038693,2.535161705368581,6.460189303870502,66.57186301665246,0.4053622959035785
632,1.4921643487581004,2.2926220350974784,5.364107835797529,64.24532252275998,0.40736127548516543
633,2.0755695093156,2.370452973225878,6.489797259852102,56.902032961188446,0.409359518945338
634,2.562153752423044,2.2287905783922217,5.9935700117241835,68.84900241036003,0.41135682646141564
635,2.998122500736238,2.624122191677917,5.83257363754638,63.553033317612,0.4133529983043111
636,2.881331249151516,2.494086958659961,4.811705485957595,43.48895052952914,0.4153478348585038
637,2.9998389982162563,2.388570170000792,4.783931828519546,42.78438666148592,0.4173411366420003
638,2.4149178415395802,1.9549983428781583,4.340302584974896,36.07750009317504,0.41933270432628345
639,2.0398699349556497,2.6533992032975413,3.271938181550413,30.816728374491426,0.4213223387562446
640,1.696990334343842,1.8889098576014143,3.7318014625645057,30.009297203364476,0.42330984097009877
641,0.9907076208767412,2.7239348113066635,3.1957036171912785,38.71156720442724,0.42529501221928057
642,-0.2194308720510721,2.6570595801411496,2.8743947102639336,33.6487393984168,0.4272776539883196
643,0.16772694944567548,1.8926636873126674,2.966641463849773,23.127378442051196,0.429257568014691
644,-0.20783646440698061,2.361198580060619,4.248327772620939,37.40543651125189,0.4312345563086424
645,0.14660464634381568,2.010110075650728,4.344423629600944,31.139106490272184,0.43320842117299146
646,-0.37976241186385895,2.345767008497081,4.056474666622109,41.86487903261018,0.43517896522289684
647,-0.22342213848782252,2.5621593503262425,3.5753473864622842,35.319030306067475,0.4371459914055956
648,-0.1017944555645723,2.360900783363777,5.284348714432341,51.49582033361401,0.43910930302010887
649,-0.03329719097719187,1.9988412348196936,5.961643932264889,63.152972201939875,0.4410687037369109
650,0.28472288586979744,2.4921821766513785,6.060195707254604,61.238168451224595,0.4430239976175631
651,0.18079983480070538,2.4975330043999384,5.928628591595947,68.41925355936262,0.4449749891343068
652,0.3150935817144762,2.4170867991030898,5.582935559981146,65.41954198292137,0.446921483189616
653,0.24132157960711365,2.117101532894512,6.39883432108458,59.435334057924024,0.44886328513570756
654,-0.0565727103269689,2.330907805422264,6.044018104566938,69.02954284176049,0.4508002007940046
655,0.7231917584438182,2.521410372431686,6.046542576429388,72.06392897450417,0.45273203647455573
656,1.7137943244402523,2.3991558582005412,6.253027555819159,70.70328014803226,0.4546585989954025
657,2.1293946297642106,3.0840825965550627,5.7353825278183415,74.64845260604777,0.4565796957018986
658,2.5666774768546525,2.5315495142844786,5.779096884262597,62.71394525689588,0.45849513448597395
659,2.6307369342641667,2.39692964867773,5.845265074468871,55.52424473875006,0.46040472380534647
660,2.978707975688892,2.607770606861561,4.241379132883563,48.435543401917215,0.4623082727026756
661,2.3395781975284358,2.1351937441622004,4.738087108717814,43.46509241166319,0.46420559082465795
662,2.506852700323579,2.5966796317962215,4.448933008300581,44.27787452215455,0.4660964884410622
663,1.9253422932272826,2.958916779491015,3.787567192234099,30.90875432925936,0.46798077646370256
664,1.6385148695078708,2.2119668860575015,2.673140249182971,45.38872721533354,0.469858266465347
665,0.6807226640244308,2.5697614913281406,3.105652176285093,32.91221879333171,0.4717287706985601
666,-0.06581030986821582,2.7130492445518293,4.633166660383751,28.83125843789092,0.47359210211447694
667,0.26942109293409955,1.9775054421270921,3.9057138609261095,42.13601985986728,0.47544807438150893
668,-0.20981354903372323,2.9795607554662524,3.094904403585527,34.10688257756657,0.4772965019039759
669,0.06333177903133087,2.176566889309309,3.739963178423136,37.38961789740828,0.47913719984066616
670,-0.3790533894952932,2.391509703803971,4.024614579251241,40.86415743266041,0.4809699841233197
671,0.017945823488930226,2.6079736042582824,4.652953002395151,49.6656438448048,0.48279467147503563
672,0.08205314907936889,2.4255228126231363,5.144085881110986,47.08716122026032,0.4846110794285994
673,0.17197419435938244,2.7375014370836745,5.78131980476963,56.249373834077815,0.48641902634472944
674,-0.17973663866372924,2.5429992818740015,5.806445576680238,54.92570240890232,0.4882183314302405
675,0.0639313883889187,2.6695322467041,5.615186902720455,59.52846597516295,0.49000881475612357
676,0.06363083993573787,2.5217676877350317,6.740729322439536,66.67639347021678,0.4917902972755381
677,-0.003846326819527446,2.9413282545479102,6.055006194423994,75.61078860090338,0.4935626008417167
678,0.030003255745560748,1.8953135891443242,6.767451526422041,71.35977027271606,0.4953255482257799
679,0.8691639996538953,2.60920949751329,7.349697096732609,63.65979047542747,0.4970789631344581
680,1.57957608497637,2.4095979189852166,6.360456668135459,66.34563675451126,0.49882267022772164
681,1.9221181657419628,2.2116569944038127,5.219324606625563,60.97256733534724,0.5005564951363144
682,2.3589039092884194,2.2552513672842793,6.053300821861232,53.16432266685433,0.5022802644791905
683,3.3989735359309394,2.326291511219078,5.57908983423762,51.588293314640886,0.5039938058808517
684,3.3839584572856176,2.670343711586222,4.463667447539922,49.78078880610964,0.5056969479885862
685,2.619438703656398,2.2267008394655323,4.918499587024133,48.29257642729844,0.5073895204896022
686,2.6881197597608852,2.4450892468710657,4.272112668682186,51.94962824628507,0.5090713541280605
687,2.246807760110265,2.574908909051569,3.3938642635085334,50.696893972650535,0.5107422807219981
688,1.6502674470320966,2.1436730019135144,3.781135289135304,26.387813788394908,0.5124021331801486
689,0.8045362225970332,2.8219784981659672,3.460108963748679,27.767109567304697,0.5140507455186493
690,-0.18537438784172452,3.212402181946116,2.5743074655168954,27.63036356397126,0.51568795287764
691,-0.03648408127261951,2.281160789488328,3.6560491772624184,34.35299244864582,0.5173135915377494
692,-0.09822502755816362,2.756430941186249,2.897593954558789,40.02027900360724,0.5189274989364657
693,0.026874623207950882,2.3847151611348707,4.167992211770593,46.35928270873804,0.5205295136843945
694,-0.05367426082411533,2.634444169171114,3.5257591505790953,40.46489039160383,0.5221194755813958
695,-0.026335125257403665,2.416531390521789,4.840147298837032,47.06042004126882,0.5236972256326048
696,0.2037104949535764,3.130046016756674,7.092629958574513,49.35619470493177,0.5252626060643312
697,0.24611163999094493,2.366349683798302,7.3569678129268485,53.57475064021886,0.5268154603398363
698,-0.23622063455436462,2.69782882258132,5.971994616121893,64.4177983350506,0.5283556331749868
699,-0.09198602088691626,2.6376605234567636,6.574993954796858,56.50999811824779,0.5298829705537823
700,-0.15815999075503356,2.125865943343242,5.505726745483237,67.85780011534085,0.5313973197437578
701,0.24474444239202187,1.798380704353213,5.966578570036431,64.94938883056972,0.5328985293112565
702,-0.011873580509699833,2.6154014671560084,5.918185743823622,76.84938432368322,0.5343864491365723
703,1.0662550161392095,2.6900529160505133,6.248168979780583,66.85574474549799,0.535860930428963
704,1.4044838290686557,2.270518308521828,6.977047991144277,72.68231843498833,0.5373218257415278
705,2.1265203423967747,2.2361627943251894,6.01258105662171,61.103825674011276,0.5387689889859528
706,2.3283369219938677,2.7136764666751,6.397625506790664,61.56192826803481,0.5402022754471196
707,3.158284586164441,2.6707632520164744,5.23992080025684,60.912308979969836,0.5416215417975768
708,2.9274775824845483,2.695773875936691,5.584144043781141,46.481543557297975,0.5430266461118716
709,2.6007461886021144,2.481351633910742,4.253740163596104,41.349681510117634,0.5444174478807438
710,2.479583954322662,2.160193349501958,3.9993089906726813,38.625008349455264,0.5457938080251752
711,1.6603387560056153,2.0248573762195976,3.062633093988939,32.37164828065223,0.5471555889102988
712,1.4936365654602415,1.7857121557482296,4.05102635051746,28.36566411110178,0.5485026543591603
713,0.7989546837904022,2.359585811348297,3.416093367843477,34.17700163253466,0.5498348696663379
714,0.05761563340103048,2.9457146106496315,3.210404949355962,29.5724707759496,0.5511521016114108
715,0.2996216367154068,2.506245425277379,2.980867260093738,30.92568199322284,0.5524542184722823
716,-0.06019523079106769,2.331710567831441,3.951470035682409,37.34297786177558,0.5537410900383513
717,0.16149118340105406,1.892010009468938,4.052223429783121,40.508806658054525,0.5550125876235334
718,0.06244773780259998,2.1403049503449036,3.70545642680475,39.77665187617628,0.55626858407913
719,-0.03866432809480078,2.3344678379021437,5.251800480597695,40.80066520967859,0.5575089538065422
720,-0.4153604043847108,2.2584780773751567,4.95059058193208,48.9641356762329,0.5587335727698306
721,0.1895002334691352,2.589662425603869,5.253154083871542,56.56663440396164,0.5599423185081197
722,-0.10079478982846352,2.2614574345632925,6.622534221196384,64.42124190641589,0.5611350701478427
723,0.0035911783301652853,2.509376084220352,5.9703811831496365,64.51120744228442,0.5623117084148298
724,-0.25409215527709594,2.258133083712947,6.197849218107834,64.05119373587581,0.5634721156462346
725,0.05659910676220033,2.226955783415184,6.252610493033467,68.15506900911514,0.5646161758023012
726,0.02160616346246907,2.6529901538998466,7.573201090508084,77.85085264054605,0.5657437744779671
727,0.7823406591017154,2.0409015645620885,7.517091482152561,63.34769194225304,0.5668547989143047
728,1.473041374140855,2.1727079722942655,6.786152921489846,69.13796016010099,0.5679491380097961
729,2.3311640017101563,1.8608198378732927,5.965765188125455,63.3871340596348,0.5690266823314435
730,2.7913203838689844,2.26857217780665,5.418576077281234,50.016143742554334,0.570087324125713
731,3.042960849371369,2.551206016749864,5.595211835398689,60.369000942241414,0.5711309573293087
732,3.6642157512340727,2.4254816573283517,5.015962413013118,50.70476611816336,0.5721574775797804
733,2.777732412791742,2.4318740519315605,3.8149417716351746,49.3479105655523,0.5731667822259581
734,2.52217270824654,2.5181007788725145,4.8219072295555625,43.656672261479386,0.5741587703382183
735,1.9183596053879086,2.380183327202692,3.684571434914143,35.39890004935514,0.5751333427185765
736,1.5871972392592817,2.4104419073212253,4.025359240982715,36.79040271239638,0.5760904019106069
737,0.6389596566955282,2.294348098743861,3.491796757173008,23.021715834590687,0.5770298522091877
738,-0.5396723483332091,1.8708059256607537,3.46358953828905,31.834199883024755,0.5779515996700719
739,-0.24266762516574092,2.311371705489352,2.8793965247553475,28.11881888463859,0.5788555521192817
740,0.014450379831176918,2.427363134760548,3.2609391583218197,31.042876347303384,0.5797416191623255
741,0.20195746698951172,1.8660160495427462,3.6125086077557493,30.980686679140117,0.580609712193237
742,-0.3113883115730063,2.19431968499674,4.238993597898635,33.190267465901805,0.5814597444034368
743,-0.12248842565686886,2.438246746397267,4.780921339757015,43.93527736026759,0.5822916307904122
744,-0.02787036109018425,1.9911908043523243,4.855622468042128,47.47852546916314,0.583105288166218
745,-0.1457074978849403,1.6966878802244936,5.007185011226516,58.925466947543306,0.5839006351657942
746,0.10623275869124503,2.1012257834929433,6.2765830789224495,59.21882750018814,0.5846775922551039
747,0.0008001683950750967,2.5505810781366827,6.056067645654171,59.72772531364452,0.5854360817390855
748,0.06425318289676633,1.788270147639609,6.536918295444825,70.40903654405838,0.5861760277694228
749,-0.14504298514907324,2.0201881399552017,6.635860425833574,76.03086111205617,0.5868973563521293
750,0.3073072656042197,1.816124780511795,6.060368220781665,74.7834033472705,0.5875999953549478
751,0.776382133555891,1.923354797152033,6.129464871120043,71.68643453761733,0.5882838745145637
752,1.7587099241326616,2.0910738164896054,6.726831515265253,67.64597743573793,0.5889489254436308
753,2.033520810826387,2.453275002502456,7.038536971041774,56.24602717018683,0.5895950816376105
754,2.716084104185482,1.7848217595215319,5.986645786740589,57.30197865425132,0.5902222784814218
755,2.7619007222677583,1.7768025967474026,5.050687235736617,53.64083950274176,0.590830453255903
756,2.8098181497898462,1.7172370915241508,5.614252632132715,48.2502864384972,0.5914195451440835
757,2.7569074125625135,1.640448538157272,3.790761268425914,40.75187434178902,0.5919894952372653
758,2.5889028741393627,1.4977871361009343,3.8298339703826407,31.593370392786458,0.5925402465409141
759,2.077573651766101,1.6924481197624188,4.574863945250854,41.97321395491683,0.5930717439803583
760,1.8078414019310123,1.905735067731548,3.487808109166661,25.444913958523323,0.5935839344062973
761,0.5467162893801739,1.9394180684901587,4.30802246410526,27.676526980687306,0.594076766600115
762,-0.21806766649096263,2.2686042268564677,2.6416527144199833,35.0933921098519,0.5945501912790028
763,0.3400376293291052,1.6601364229509619,3.2225695805218812,28.441021477443645,0.5950041611008873
764,0.12175673178162177,1.6624227583850724,3.8679790979663955,24.934628520294424,0.5954386306691646
765,-0.37628217343321196,1.6591856125163509,4.0358693118404725,27.92972504694181,0.59585355653724
766,0.09945381972919544,1.9348425240897857,4.3890398934942345,33.11991987292053,0.5962488972128724
767,0.04746653986791932,1.818512753035128,4.595526161131321,41.78991356910042,0.5966246131623238
768,-0.4288888093456901,2.089210980200834,4.686682514261317,55.236699083652525,0.5969806668143122
769,-0.07391248506748666,1.609362440015588,5.8853274397397275,54.89212208676725,0.5973170225637692
770,-0.003490990367235595,2.110205470658545,5.418071303449446,60.44190279510233,0.5976336467754001
771,0.14628050342501314,2.109175969711103,5.432647262563544,67.84792606557558,0.5979305077870476
772,0.1908991333095375,1.7379512630501524,6.243715319927186,62.89924436652576,0.598207575912858
773,0.019149354222026935,1.6202794425229703,5.1630930034830405,63.233974020286446,0.5984648234462495
774,0.20669016065284748,1.8518242570607368,6.915497636308798,71.72558640181552,0.5987022246626832
775,0.7472024803852915,1.550534151118966,6.694452383128083,68.1540950246027,0.5989197558222352
776,1.3285006350520454,2.3762684650549337,6.262361393587856,68.30036023909157,0.599117395171971
777,1.934483974930053,1.8115820860910077,5.716053129190086,70.10872038559427,0.5992951229481202
778,2.706605270266579,1.9978570962208184,4.8458473922564576,66.8580636049798,0.5994529213780532
779,2.506143661747403,1.3709057547010073,4.526011733915337,57.26712881498061,0.5995907746820587
780,3.135561514223962,1.2168318011538974,5.3398378636226225,59.169014449717444,0.599708669074921
781,2.676462865388828,1.9393720193619177,4.660975153769649,39.15928458778792,0.5998065927672992
782,2.526231392211168,1.8792070525359317,4.439182226756662,41.22073423243523,0.5998845359669056
783,2.2223967241102263,1.4876280847361931,3.8678421665314833,26.369453286709135,0.5999424908794853
784,1.7435881801602693,1.5372686339351667,3.852863146784158,29.788547642030977,0.599980451709595
785,0.3883209424345844,1.4949370404677969,2.7536631170255457,25.09362050659477,0.5999984146611838
786,-0.16123564239069105,1.7590177792622068,3.821830851668619,24.64883804134941,0.5999963779379711
787,0.009812338474620562,1.959709120393683,3.7315501938329705,34.339857050956155,0.5999743417436278
788,-0.11921726691753241,1.2111169718212722,4.146623801239222,36.86213632729,0.5999323082817549
789,0.1723246202682408,1.8103613653309805,3.99555850613025,38.05192120061594,0.5998702817556634
790,-0.41727811309130525,1.3967949407060747,3.742547834328863,35.46537476549946,0.5997882683679544
791,0.07236032811420938,1.4922210771405466,4.848923415023789,48.39667774719269,0.5996862763198983
792,0.0851840353005632,1.5959767663926303,4.41008755575615,52.36344242339755,0.5995643158106149
793,0.009816079428326095,1.228432240873517,5.883207102101537,61.78369378761009,0.5994223990360534
794,0.22044734651706843,2.482968751420337,5.908810950157286,61.04063827189947,0.5992605401877732
795,-0.2459148507092858,2.350359827274814,5.730412082932954,61.07579453776817,0.599078755451524
796,0.22172335159793502,1.8417906274960325,6.485093378057183,70.00025366633773,0.5988770630056282
797,-0.14058408058203373,1.8063239221289702,7.2452229060317785,63.50774433568359,0.5986554830191619
798,0.14511010361574664,1.2900154811535147,6.007525546256998,65.59169400874012,0.5984140376499396
799,0.71161629141052,2.3100546329488427,7.297085666364401,68.40874313351122,0.5981527510422967
800,1.662868625829785,1.5962715528824492,6.347953020946536,69.71198709959327,0.5978716493246764
801,2.2774143295113176,1.5478617316558465,6.613327814356831,59.22887999315819,0.5975707606070161
802,2.3052654966371975,1.9403626365424977,5.896086826408059,63.1052282676028,0.5972501149779368
803,2.8668792401050993,1.651871408318713,5.628856463774549,56.05055005778386,0.5969097445017343
804,2.9815135362916827,1.3353021802334897,5.899081274556714,50.39808626113904,0.5965496832151724
805,2.8502024257758385,1.4974460796784643,4.705511387746921,48.0593030594686,0.5961699671240799
806,2.446943658332923,1.4453256303920206,4.175581795954904,39.21565445239841,0.5957706341997495
807,2.491607922474345,1.5727686951642932,4.033552616649963,35.60882358193581,0.5953517243751407
808,1.541819335315104,1.7151237137539204,4.248805653573962,34.27371811181285,0.594913279540887
809,1.0874603341741809,1.7042244203129315,3.4440964939888405,22.431236432103717,0.5944553435411064
810,-0.11382973070239373,1.9305653510788485,3.0386111816464143,32.14266066033607,0.5939779621690173
811,-0.21235935226216962,1.5349814553393997,3.4384506003855195,32.795546699280095,0.593481183162359
812,0.026449555783956927,1.8198418105766234,3.988140717175979,34.35459427244918,0.5929650561986183
813,-0.11264732082349133,2.0408316228577545,3.9325180322165134,30.37244214515603,0.5924296328900613
814,0.47802919246670234,1.1576425955290641,4.457116932934055,45.450229381502126,0.5918749667785729
815,0.04908456983782393,1.7360428150732514,4.235413947823746,47.26306918955569,0.5913011133303019
816,0.23051982700212076,1.1976016210024707,5.680188397577433,50.34390412002317,0.5907081299301149
817,-0.044847154424699706,1.0644168139443162,5.581416021182068,51.26413075004632,0.5900960758758578
818,-0.06521226115202726,1.9893861678304083,5.944257740654493,55.45487001152141,0.589465012372426
819,-0.006182283520827194,1.8522917466619842,6.075921154691491,60.638678058264475,0.588815002525644
820,0.07114345231520337,1.6665293905598484,6.605897358946472,72.0567533653271,0.5881461113359546
821,0.16991736901896437,1.364521914782188,6.407762291791375,70.34594407477424,0.5874584056919195
822,-0.02443080302233666,1.9569672349670908,6.427890186555069,67.19013224183583,0.5867519543635302
823,0.6402868205040987,1.0942605297408363,6.845077582338244,67.06558815485329,0.5860268279953306
824,1.2864246847026888,1.5233557943954839,6.147902187920317,70.63358947865507,0.5852830990993533
825,2.1059844710184965,1.647633899891227,6.032489624585972,69.41158515998437,0.584520842047868
826,2.712668756544667,1.8873775321156767,5.056970122559659,60.815643789847755,0.583740133065945
827,2.9893668941291534,1.0426864288075754,5.269478376418872,53.1880042756736,0.5829410502238316
828,2.996436490189212,0.5809643574888612,4.377930094518455,47.054852213738286,0.5821236734291462
829,2.7777497190200826,1.5346268003086365,4.1424696539438495,48.212233296179406,0.581288084418887
830,2.627429264030694,1.5952697941515295,3.9151796973741106,34.84722740984878,0.5804343667512587
831,2.235681319332641,1.5523886585410993,4.8918576221327665,38.57404675005104,0.5795626057973169
832,1.4926364686965943,1.2375703300643348,4.256164009277311,32.862246903510595,0.5786728887324304
833,0.7989308330660069,1.488172643191859,3.713135953519939,24.367151379389938,0.5777653045275642
834,-0.030100865130089954,1.0402900457869428,3.65251439192906,24.806505929679727,0.5768399439403826
835,0.18309985361251455,1.6296006705773167,4.14431014189018,27.235383190842448,0.5758968995061731
836,-0.08764005346773374,1.7725235782703685,2.6631299295880857,36.55375825956233,0.5749362655285931
837,0.03710712419331108,1.2866768463477836,3.319665809783489,28.781523640854722,0.57395813807024
838,0.07888560600242252,0.9068575112511198,4.2205736275488706,41.04959499228833,0.5729626149430445
839,0.14510451165071178,1.4710726749560732,4.22486343153347,46.53284454903993,0.5719497956984897
840,0.29917695317689513,1.4526369014457112,4.350908387091479,45.47335747331933,0.5709197816176561
841,0.1350907618408424,1.4903964249371582,5.177372396636415,56.06824962217065,0.5698726757010935
842,0.11984264709185169,1.9082533634260652,6.061490563066226,66.0171698980476,0.5688085826585209
843,-0.29404741780426263,1.561571125874444,6.536546778641586,58.10325982305052,0.5677276088983557
844,0.12128078886076739,2.1482494196573345,6.2641167817658365,61.255420750090686,0.5666298625170733
845,0.45874352247143557,1.640462702862697,6.593903368584489,71.5016945790805,0.5655154532883968
846,-0.1660021971135347,1.203502284896661,6.807276847309542,69.06587063611984,0.5643844926523205
847,0.572553165426419,1.873393270673318,5.155433756409152,70.62074339317182,0.5632370937039657
848,1.4570692315547953,1.5100453194295833,6.619270302302111,67.282824077122,0.562073371182271
849,2.325569968779423,1.3945576521224698,5.022314530718484,63.723181341799005,0.5608934414585187
850,2.7030263098126808,1.6292487238531153,5.910267795232253,61.76316509729878,0.5596974225246981
851,2.8023526375733385,1.584300160672289,5.659202655567309,67.19632020851822,0.5584854339817057
852,2.9928019636545615,1.0869188221924422,5.298972820337384,47.94852426780058,0.5572575970273859
853,3.1051852752219866,1.3044668635473928,4.319437238419571,32.36275917403836,0.5560140344444109
854,2.732600160977612,1.9099411432702613,4.546496455172892,37.03929191633112,0.5547548705880028
855,2.6070957374642387,1.6223232978597204,4.232086201288139,25.103481637751297,0.5534802313734974
856,1.701137336062243,1.7666332967857108,4.182812242749669,33.09445957811258,0.552190244263755
857,0.847170578508089,1.886560366843312,2.769592743136964,37.65404947694761,0.5508850382564108
858,0.12294525516549006,2.124057619531764,3.08442590562568,32.186934736406755,0.549564743870978
859,-0.06979683818311051,1.4004834347490038,3.717757794844977,32.56100467844369,0.548229493135795
860,-0.1955546003065934,1.387309538767206,3.592555546577347,33.2632326783166,0.5468794195748227
861,0.03439142643351816,1.327265179953079,4.283535220197595,38.10933507305999,0.545514658194292
862,0.09811220876192778,1.4309444983821829,4.485677983610187,30.533176252002875,0.5441353454692036
863,-0.2790566050130654,1.3439340293666258,8.170043049588429,44.40833790611826,0.5427416193296806
864,-0.10447129302713905,1.6200061568648172,5.22272652356676,54.14535887555886,0.5413336191471756
865,-0.07385118036579363,1.5989958318149005,5.477055649371739,53.96526448652822,0.5399114857205336
866,0.053128480502857026,1.8129563782388005,5.311874578947953,61.54442248325065,0.5384753612619121
867,-0.052093211773075965,1.2886656194061663,6.325695014308282,61.15878504298931,0.5370253893825602
868,0.0890193420689144,1.4571434258407998,5.979737768853731,73.86472381054904,0.5355617150784574
869,0.01962244924439825,1.7687093718788955,7.224129727277284,65.3617249583141,0.5340844847158145
870,0.2120655018313615,1.8781929008674776,7.033071279948102,77.10552053646879,0.5325938460164367
871,0.43422360338266364,0.9814846021262554,6.104279255276269,70.1856775314635,0.5310899480429515
872,1.831424927608585,1.5038603122217105,6.3775762471966075,64.9479006376737,0.5295729411839035
873,2.404855146159515,1.6165440245674805,5.346998679715653,55.424978944259635,0.5280429771387143
874,2.608139628582743,1.0885659323934356,5.796706338854044,62.59786361680561,0.5265002089025133
875,3.0278421217176743,1.843934145699541,6.165642830948481,55.4121140282795,0.5249447907508386
876,3.1213096800826587,2.0791003058967155,5.093409065241293,54.16411795084802,0.523376878224209
877,2.7503195533152187,1.1435926849589668,5.083179644863679,39.06681308491341,0.5217966281125708
878,2.6310092245231576,1.26582303142359,4.8622213200983975,40.43411547327965,0.5202041984396181
879,2.276955179379556,2.0298503352792725,4.007855460036397,36.76831544679836,0.5185997484469913
880,1.5619633517214975,2.09380252329205,4.259584853673872,28.923207131649527,0.5169834385783524
881,0.9867212888773134,1.3804802350696295,3.445566939351709,30.81258051585582,0.5153554304633418
882,0.01899922201383262,1.4752420430119537,3.6121296305902355,27.40383039108152,0.513715886901414
883,0.01615019772460401,1.978668388854273,2.7917144324443117,28.982157461578073,0.512064971845559
884,-0.15356074920491203,1.7173452342311206,3.3328999996460444,38.18721990662894,0.5104028503859066
885,-0.0729076099413275,1.6433580644247539,3.760469414797945,32.06413760084389,0.5087296887332177
886,-0.09194353620761361,2.287581757084437,4.524078949757628,36.76921443230057,0.5070456542022632
887,0.3410967035510885,1.9083505527774958,4.054129627430011,43.41392764280095,0.505350915195093
888,0.04810111042947243,1.2829250381038533,5.0780862946441525,47.78181169701114,0.5036456411841951
889,-0.1998853002716359,1.9145770323707536,4.588409020557028,55.087393133866506,0.5019300026955501
890,0.07971967763228746,1.42689878952798,5.550590985325481,58.82956222374488,0.500204171291577
891,-0.03840073932620888,2.08105205153122,5.7106887258287555,62.58046844058174,0.49846831955397786
892,-0.610752876085261,2.1630536059039627,7.094460277540459,69.11758939173238,0.49672262106648
893,0.09597047423076349,2.010101630885017,6.066048292204118,69.44433045905335,0.49496725039747747
894,-0.31053975663536715,2.167009228341895,6.420646039176403,63.719910975433336,0.49320238308257425
895,0.8921500193588107,2.488125672123111,6.894495151240204,66.4878596557227,0.4914281956070312
896,1.3077472801938979,2.1270682911090124,5.938564379577821,63.114670692318036,0.489644865388117
897,1.829655451481012,1.8077382525904182,6.274221574472187,75.07969484139493,0.48785257075736815
898,2.696944541549792,1.6016320091436116,5.690095481396533,68.6443368118395,0.4860514909427538
899,2.598938725812268,2.00728589350395,4.927115270338766,50.80794255505761,0.48424180605075445
900,2.910660159304576,1.6397927754693495,4.613389745905233,50.85882427187086,0.48242369704835136
901,2.9386529578514375,1.5290557666441755,4.987032671688176,39.312461298837604,0.48059734574492957
902,2.7205227159789267,1.832516684747449,3.9482224163027704,44.511091394852976,0.47876293477409754
903,2.270297250847773,1.4479808416514268,4.316126060970312,33.2454631734751,0.4769206475754237
904,1.4927437422892593,1.6017469267928905,3.7143163569411892,35.8858038069498,0.4750706683760926
905,0.6099780657698253,2.1526522816949356,3.123584457297703,32.451463592065174,0.4732131821724822
906,0.3847630851941854,1.8701440845552415,3.4625257398617584,28.759205109003737,0.47134837471166574
907,-0.12119626410771955,1.93114013359987,4.608379660679645,38.912668093154515,0.4694764324728349
908,0.3607177962972995,2.0257553605654692,3.732634510582408,30.660148885092262,0.46759754264865355
909,-0.09050499465680512,1.457657835289983,3.5455665557722322,32.32441987572002,0.4657118931265385
910,0.2322571386683615,2.110148633702377,4.413889942754779,40.994349120432695,0.46381967246987044
911,0.21399310779002662,2.0634750983352026,4.417649151630006,46.56118725965725,0.46192106989913834
912,-0.20910684947537891,2.0613766639183804,4.302435561861106,54.52275151368337,0.46001627527301703
913,0.07105690140124592,2.188074497326661,5.573255960530697,58.276189326249245,0.4581054790693815
914,0.1510784058381711,1.4459873458711812,5.251282223932765,66.82991680031829,0.4561888723662604
915,0.14019642430464882,2.6792180496195335,9.207865025815273,60.816683384366705,0.45426664682272655
916,-0.0397874900567792,2.024821579180659,6.857187677028984,60.86238811338093,0.45233899465973254
917,0.060392009081228985,1.6956702458440018,6.786508940994764,78.90819623942922,0.45040610864088826
918,-0.07893793619911153,2.1694461147957385,6.5112259821112195,74.6308696875379,0.4484681820531848
919,0.5420944594633378,1.7646306045337194,6.013370004669866,62.725685557576384,0.44652540868766605
920,1.6968024473880479,2.1758291441576807,6.4427548894815585,65.48093886948512,0.44457798282004957
921,2.0093840591759315,2.327954749172316,5.679567757798627,70.35434886003085,0.4426260991912989
922,2.8740278496745595,1.7798958287030517,6.285362796071005,56.37900745121166,0.44066995298815115
923,3.018267659115127,2.438907405780844,4.69990278297107,61.16824966022975,0.43870973982359607
924,2.821470665297423,2.234241323525681,5.725859886552846,43.4627487541477,0.4367456557173166
925,2.8655378149589574,2.309188360582591,4.5577664979992605,40.504498379657505,0.4347778970760867
926,2.540799228274281,2.335144539034863,3.9039125475863683,37.346495122820166,0.4328066606741307
927,1.9471428136292506,2.3770223580578205,3.3660522005325664,42.041873284533324,0.4308321436334461
928,1.6002859179786657,2.5686717489394493,3.9849271926098684,37.80336350946227,0.42885454340409146
929,0.6807343205353262,2.499869703209262,3.7630469366129,27.520708185042803,0.4268740577444418
930,0.3263383027261599,2.396871719524442,3.869557717484137,30.86764761267207,0.42489088470141234
931,0.17217824820368594,2.030453120580237,3.497114943367803,30.16457284092754,0.42290522259065544
932,-0.17603781290831597,2.354497997369264,3.4088208911003486,39.10859661364446,0.42091726997672707
933,-0.0038001043094633077,2.1099755634082324,3.9909221551673135,31.815634175531272,0.41892722565323204
934,-0.0453520384339168,1.8513067880046192,3.6415875334446426,36.115415272781426,0.4169352886229443
935,-0.31290157076223934,2.282002029772893,4.527319861211475,46.190144640157676,0.41494165807790695
936,0.18625113575362384,2.0289269058345725,4.580442050870724,49.881335522915734,0.4129465333795132
937,0.18996176304226586,2.6515357873102743,6.028156865995436,65.2500678955451,0.41095011403857024
938,0.18510024294047714,2.3077690751487396,5.9821610586169385,60.131364580749036,0.4089525996953481
939,-0.0913975715187075,2.340610580489535,5.858275874166871,73.8842802809218,0.40695419009961725
940,0.21379719432378358,2.5674016861597746,6.039811534130074,76.40157508234557,0.4049550850906716
941,-0.041950587084510826,2.2170653901754487,6.97578039266425,69.04417150154227,0.4029554845773461
942,0.187029555918215,2.2730381751447046,6.182428406642051,60.6761596114762,0.4009555885180257
943,1.1389626983310703,2.706780135828198,6.379233185207856,60.12694438131585,0.3989555969006499
944,1.5280219762609504,1.9494822544281951,6.581124056723092,66.69126237988763,0.39695570972271366
945,1.8374905881307455,2.111548082472558,5.67670563717248,59.91689683924366,0.39495612697126825
946,2.534695972047647,2.3384140055075764,6.38167952709268,57.5973741471243,0.3929570486029222
947,3.025974652143906,2.620682160481678,5.517462507843516,51.180525310902844,0.390958674523847
948,3.243974875806124,2.466739180173847,5.790008798037238,41.982651740733985,0.3889612045697851
949,2.6710190717884896,2.050932374940488,4.615163426086341,51.57610791970115,0.3869648384860672
950,2.5599665518210255,2.1284684052162275,5.643680723975331,36.5492456972071,0.38496977590763815
951,2.167988168811667,2.918776257684815,4.142406126768963,35.04850373292481,0.3829762163390932
952,1.586999664852568,2.511178556375203,3.794585926221392,32.12521701547521,0.38098435913472783
953,0.9585418559081799,2.2364442471848163,2.886096475613659,33.46091966062225,0.3789944034786027
954,-0.189687931290759,2.282189056740206,3.63027173682301,25.152267359296754,0.3770065483646251
955,-0.0846956594451072,3.5548571548790493,2.8583417031874143,26.09275864620323,0.37502099257664956
956,0.20159329552011568,2.839986394896232,3.5567515862720755,31.460118123494926,0.3730379346686009
957,0.07846698222486151,1.9518949005612267,3.7746598453917763,36.239089056455214,0.3710575729446171
958,0.08967613015633749,2.309944696577162,4.696840243457918,45.42917018511058,0.3690801054392202
959,0.22506469973285076,2.668969825748117,4.457234995991448,44.80974499460647,0.36710572989751294
960,0.020810677941817887,2.373828300474396,4.8599522568313,51.59519364277335,0.3651346437554041
961,0.10560068441436728,2.8023401040162685,4.994810611292202,53.553586665762204,0.36316704411986533
962,-0.06291277238345747,2.9938505626497918,5.566531154248241,58.68732073443593,0.3612031277492206
963,-0.2690020040536751,2.4705937495605763,5.781273802658332,66.0891269210926,0.3592430910334699
964,-0.25905157705621745,2.560294168638034,7.20602540303523,65.03823519892292,0.3572871299746523
965,0.014864110736526343,2.424615513001922,6.020281374857467,71.89922234039531,0.3553354401672432
966,-0.039912143599243305,2.743189554999921,5.924789951937787,65.54537814129559,0.3533882167785971
967,0.6455365016025666,2.931255410754675,6.13709961000952,66.10903333911388,0.35144565452943016
968,1.5636028592838336,2.7643156200290373,6.843093369884021,56.34317639424133,0.3495079476743484
969,1.943266033137993,2.161612811703453,5.090778266663147,69.29037834091827,0.34757528998242265
970,2.62034366462991,2.7151129504253664,6.446183259671013,69.1328593547614,0.34564787471781155
971,2.8938729672031505,2.317263638687027,4.923071768600209,60.56730699319678,0.343725894620435
972,2.8320022170775507,3.0172711456289747,4.503009439539495,44.079449435875624,0.3418095418867019
973,2.4381363027596348,2.6373065726897065,3.946917521456179,33.720343621827055,0.3398990081502882
974,2.8893816886478714,2.813304335595398,4.4735876353816915,39.855054410125916,0.3379944844629754
975,2.1846477907004345,2.4907769750878597,3.5912759050978877,37.39698135054634,0.3360961612755453
976,0.967174812147572,2.488406747709528,3.7801214062083726,28.17202337618221,0.3342042284187346
977,0.6911714117808586,2.6281385567369773,3.557463646599181,32.5841949675943,0.3323188750842524
978,0.0787575462498641,2.4902454879044806,2.2920561290235817,33.7317211777809,0.33044028980586104
979,-0.045628138140091236,2.9735238847135768,3.5055607662357517,37.28207830573015,0.3285686604405228
980,0.11606602252064586,2.1573377138523187,3.890889536028929,32.76954467132774,0.32670417414961433
981,-0.194653517049848,2.70555142476016,3.295565689526686,37.619237429838336,0.32484701738021154
982,0.03503354584361374,2.323641463715387,3.578470657087904,48.134044424060455,0.3229973758464435
983,-0.01069673854703127,2.7574493380258778,4.565090891370558,42.96853008449723,0.3211554345109221
984,-0.036612397392394705,1.9592800694331354,5.779672799594075,45.41743754902876,0.3193213775662461
985,-0.044205780357667125,2.8833158854243575,6.103523417320644,49.033162499995456,0.3174953884165815
986,0.039951911038525516,2.4035145796523167,6.6052648759683015,63.431336624264674,0.3156776496593216
987,0.1865442827376184,2.1248550585727215,5.624498587972381,68.03355280685473,0.31386834306682737
988,-0.10602396004001031,2.7083792712215,6.576045692614532,58.14462876511485,0.31206764956825
989,-0.08144800480238618,2.4340437686864664,6.179289293586488,71.42852873151868,0.3102757492314394
990,0.032112998348502314,2.5727079644579764,6.845818007354224,75.87424833374345,0.30849282124493577
991,0.7524271401818124,2.855715940024787,6.402720102883522,67.09889507416115,0.30671904390005184
992,1.577120458468865,2.15755166624049,5.3720079745622416,67.39646044996827,0.3049545945730441
993,2.2649784907105115,2.261350739186928,6.345026945555175,63.23263083803124,0.30319964970737473
994,2.856313991923491,2.5035317568410793,4.711069977166008,57.2420791205523,0.30145438479606795
995,2.8744886492128723,2.6466019057685872,6.562036523632146,54.96498991219261,0.29971897436416056
996,2.544540400667927,2.261993721468488,6.353062461065309,47.74045169794367,0.29799359195124914
997,2.8838525709761793,2.231660226049925,4.286090665588488,49.086338511241024,0.29627841009413786
998,2.668850296729884,2.6973262008744805,4.225145288422177,44.24638803555388,0.2945736003095828
999,2.0839293402530927,2.7571367811428797,3.9792345826302,33.01076166587488,0.29287933307714176
1000,1.4693527676465814,2.87714620811575,3.8849232386485957,33.35916609801151,0.2911957778221261
1001,0.28995543277814045,2.365143912843885,3.8469783532401602,26.451121994816585,0.28952310289865824
1002,0.10159686732307621,1.6745374468620455,2.673165055299772,34.03302455177678,0.2878614755728368
1003,-0.06480646580400133,2.6015533854582253,3.0358882701713044,29.137874594570206,0.28621106200600965
1004,-0.30221532158204056,2.6676514105318256,4.121392423839624,34.87647779542781,0.2845720272381581
1005,-0.17428441311899154,1.9945694917089747,4.164352757743811,41.184507159865255,0.28294453517139273
1006,-0.17296598829311746,2.4564865386870745,3.9200803136973326,34.14174361850331,0.28132874855356466
1007,0.12174981646834045,2.5065346238795727,3.949810128146438,45.875348614868045,0.27972482896198886
1008,0.11232761930468108,2.5204343079440354,5.181923468411447,49.56424249653526,0.27813293678728784
1009,0.3029500764964502,2.27312359854614,5.178686015818556,48.72851637285171,0.2765532312173526
1010,0.12958496246258364,2.431586973703117,6.242175861577676,60.047126454290286,0.2749858702214236
1011,-0.2703298770635349,2.580523989533654,6.593455482060606,62.711625063883844,0.2734310105342944
1012,-0.2818418552944383,1.8612284525966218,6.649865321761861,73.96159122310613,0.27188880764063794
1013,0.2261450709058262,2.660909024388566,6.608939330877106,58.094253705587555,0.2703594157594582
1014,0.3133372402192289,2.27116889047739,6.644439203039477,69.23059995492544,0.26884298782866933
1015,0.7289075156784895,2.603440791182461,6.890187620706201,65.91299139503742,0.2673396754898004
1016,1.611760597637022,2.1563119812991824,5.93405550298129,63.81488325729974,0.2658496290728326
1017,1.8203420868037403,1.8464171891210654,7.623931664018163,62.69076361625779,0.26437299758116595
1018,2.2092918596869584,2.706980630083928,6.0475946320622995,65.57391668949268,0.26290992867671903
1019,2.6629727435586363,2.8375191805949385,5.524895463416182,55.29340404410047,0.2614605686651631
1020,2.928562494879397,1.7794086054810998,5.149056141184799,60.08437910180298,0.26002506248129154
1021,2.7935022017855973,1.942127833485026,4.545453147160483,46.96163799170618,0.25860355367452614
1022,2.5520533986630625,2.3501626186190308,3.12446172565441,39.372625034946964,0.25719618439456365
1023,2.0231174570198207,1.999062713026549,5.386136104134664,28.525184321115255,0.25580309537715884
1024,1.6358602289899324,2.5337702481483104,5.072039500164476,31.87823396983033,0.25442442593005266
1025,1.0619665255730322,2.0582667936810424,3.2960022792587975,31.591039155325387,0.25306031391904094
1026,0.007239492552087433,2.1336739758091903,3.9166755776539546,31.191850439921776,0.2517108957541879
1027,0.4059994974880923,2.3438153875289633,3.5955723238448556,36.00767391258708,0.2503763063761857
1028,-0.12688094206016923,1.6182324404446475,3.827656200920017,34.40595557482902,0.2490566792428598
1029,-0.10502067878778786,2.1669203452458565,4.110986031265173,34.110400342369886,0.24775214631582398
1030,0.07754693254859002,2.858374834799697,4.786751419897925,34.91057778828308,0.24646283804728353
1031,-0.07095975240213481,2.421018416959458,4.277246693279064,43.975839861740496,0.24518888336699138
1032,0.23541045115532833,1.9360866476827194,5.357676828602849,58.64437484970438,0.2439304096693537
1033,-0.12822156303957785,2.5403881974843165,5.742059401862514,59.91215776609713,0.24268754280069152
1034,0.264538797021728,2.836205112500992,4.475641639897095,64.84097752756377,0.241460407046656
1035,0.03883500325875541,2.5902215547561895,6.7948304075906325,54.17211140933556,0.24024912511979993
1036,0.513090556143356,2.02291909432639,6.627747812542334,61.19824056858958,0.23905381814730658
1037,-0.09282298112964114,1.9914187718624359,6.157780107276859,66.860560782027,0.23787460565887714
1038,-0.040538781541492465,2.067867928745854,6.523940053442098,71.88764094643464,0.23671160557477755
1039,0.8055874987648598,1.854530653503632,6.705122650008152,68.66444629412658,0.2355649341940475
1040,1.0637944065836098,2.1681736239810894,6.1568785014752985,68.15732358792852,0.23443470618286927
1041,2.2417733690673503,1.8477951282635887,6.32336529013354,63.15870336774042,0.23332103456310216
1042,2.69424543400635,1.8769582605005746,4.724561937235452,61.53057120923386,0.23222403070098002
1043,2.919641151648292,2.2257433026489553,5.494182855994424,47.845316114535485,0.23114380429597495
1044,2.6911208437226604,1.950322444559478,5.555253939854421,50.421928344515585,0.23008046336982726
1045,2.5884652708734737,2.0479531836383615,4.987448599941345,42.869082612087226,0.22903411425574347
1046,2.715399915073485,2.7435342430074314,4.35893357457057,38.22774363632193,0.22800486158776279
1047,2.3563560810711137,2.1993157564647325,3.5490813106999486,34.07723374742477,0.22699280829029472
1048,1.818892926364444,2.4356774576304945,3.7361408480906606,32.46900476508159,0.22599805556782546
1049,0.5973688305175793,2.199652400215345,2.9579598375434197,28.882596768128963,0.22502070289479825
1050,-0.20615960555175636,2.238837505767391,6.550934015086545,39.64778416369157,0.224060848005666
1051,-0.054387759936910085,1.6428329300369613,3.4639039548966384,32.927153308200495,0.22311858688511768
1052,-0.39514602837476737,1.8731149571638328,3.950682826392746,30.195460914883398,0.22219401375848016
1053,-0.11778623520874887,1.9481352598596222,4.633761078209293,33.576982780365476,0.22128722108229568
1054,0.17035792750306322,1.882416681189954,4.675270999554772,41.47392612505856,0.2203982995350761
1055,0.32692050027388303,1.9451182595071799,4.196003490381891,34.77882047177438,0.2195273380082353
1056,0.055831090726932764,2.0435448683386195,4.516250993677891,42.254691975477314,0.21867442359720043
1057,0.3281107297110538,1.9183760777805354,4.955364318751236,63.07283129737077,0.2178396415927017
1058,0.0821745875998142,2.181629541776129,5.314775226629828,58.156052005482344,0.2170230754722439
1059,0.038272783027784,1.8900152990230221,5.541393080854809,72.136218134774,0.21622480689175863
1060,-0.03428823749550667,2.2791584690252185,7.294795730659607,61.9983559016901,0.21544491567743868
1061,0.03738740915439908,1.939682553199772,7.098703330870578,64.27181473015705,0.2146834798177556
1062,-0.05097058944877782,1.7548710737559825,6.203963695779192,56.89412369334491,0.21394057545566084
1063,0.7482749848295306,1.5475484583909491,6.473718424401657,71.37134093800408,0.21321627688097136
1064,1.3676216330120652,1.6818757663257595,7.538040827068577,70.84100694298395,0.21251065652294135
1065,2.1731267239180436,1.8261607003651068,5.171312807886944,68.71058839770252,0.21182378494301846
1066,2.6009658943568734,2.252877117989736,5.947876563005586,59.204430286965966,0.21115573082778824
1067,2.6018614719439825,1.50054939752935,6.38986444639064,45.833238181517785,0.21050656098210555
1068,2.9518598996496026,2.1840606162418066,5.0744116164651984,46.80134970869847,0.20987634032241398
1069,2.726643200388305,1.8344444069947312,4.336100598511794,52.09829052517285,0.2092651318702543
1070,2.1884361196051607,1.602558916530508,4.884933963937149,36.33113056443771,0.20867299674596243
1071,2.2180970734279075,1.4463480843352858,5.069713654199148,38.593284837529914,0.2080999941625572
1072,1.811737650904476,1.9969255447573828,3.6095040052710283,32.86632364934384,0.2075461814198197
1073,1.2504031731205438,1.2505815228633943,4.147839024581268,37.481557615480206,0.20701161389856257
1074,0.31248390589859304,1.6742989130280286,3.0203341612003407,29.41273423048439,0.20649634505509243
1075,-0.17416031052161218,1.6710269199622005,3.6830945428812654,34.799812890536465,0.2060004264158643
1076,0.2350489985416108,1.7446661342144372,4.020478676738108,33.87403021702043,0.20552390757232883
1077,0.22397980071122775,1.9585168346187563,3.7135142039111946,33.81977888471919,0.2050668361759732
1078,-0.39756590627892435,1.5904204656784982,3.9851347048389734,42.583609387139184,0.20462925793355624
1079,0.17225770307829005,1.8016645973736063,4.928230174215099,36.178515634880156,0.20421121660253752
1080,0.1254354070783051,1.3910589285419919,5.437498028680976,47.49950978552879,0.2038127539867017
1081,0.03256165006135836,1.7646769661531971,4.8635440015687195,54.19308823016354,0.20343390993197846
1082,0.057723343135361066,1.9209421907563327,5.446324097004494,53.2498819414161,0.2030747223224575
1083,0.011661476548816798,1.6241077763996403,6.269729067528198,67.04440761820443,0.2027352270766004
1084,0.3263871697310057,1.8315121588322525,5.528148252947736,71.97838901272628,0.20241545814364892
1085,-0.08035776676637742,1.7437203869999731,5.9362915675515575,75.39006762659442,0.2021154475002298
1086,-0.03998787864425589,1.6005870362335883,6.662987443934647,71.00600422204025,0.20183522514715743
1087,0.777934932048799,1.6773001520330073,6.851460876586096,70.3394960302603,0.2015748191064336
1088,1.555132815030014,1.62884288175446,6.43590756929666,71.63780957070996,0.2013342554184453
1089,1.7686703833613966,1.0870142605552224,6.022690141168494,68.49134923069157,0.20111355813936094
1090,2.875670973263109,1.2216183680398314,6.5912390580762334,62.86439151000314,0.20091274933872452
1091,2.9430174302358365,1.7934441626069975,5.48932215301885,49.262056880126806,0.20073184909724873
1092,3.113824919164956,1.0294516563655387,4.736019038615149,54.53248577429707,0.200570875504807
1093,2.937240677216763,1.9959869011999747,3.5761392576692064,39.59847234320318,0.20042984465862437
1094,2.5607879570965393,1.218150182379365,4.513082634185347,41.24272428580905,0.200308770661668
1095,2.0502720408602504,1.6431240201223762,3.7141982657939403,38.39200585796278,0.20020766562123665
1096,1.519222828467904,1.7685909814987877,3.526585122310563,39.47527897622576,0.2001265396477501
1097,0.8068676034942489,1.429075380561243,3.4983019024516,33.44147878902656,0.20006540085373814
1098,0.23105235108363048,1.962183015915034,3.0691326138674024,30.42585455818969,0.20002425535302917
1099,0.06921154925693479,1.1956287375793053,3.787679095070616,29.984289772568303,0.20000310726013903
1100,-0.02669773387321214,1.8725636824925016,3.6315212116040936,40.71917816194829,0.20000195868985932
1101,0.39731302218848,1.638923074326807,5.265409667942234,33.75267091256521,0.20002080975704617
1102,-0.2558852312627044,1.5429987575736288,3.9218764985164802,38.22539955925866,0.20005965857660854
1103,-0.2680418351807001,1.886040341581792,4.751552412319826,39.41416896498738,0.20011850126369682
1104,0.07092041042256558,1.7386659447305532,4.696142448328637,57.07365291025774,0.2001973319340914
1105,-0.04247465709812407,1.2100884419393692,5.753135373412481,56.35406710822689,0.20029614270479093
1106,-0.35491919764496677,1.989702733655815,5.3064062252056425,63.54663528566853,0.20041492369480063
1107,-0.062445932275562444,1.8622746435645126,6.099323795288718,69.72756689492371,0.2005536630261205
1108,-0.1421311541361566,1.5873246961583052,6.3357462686228985,68.44569686022844,0.20071234682493302
1109,0.2262257200849924,1.5963879419306237,6.6569018211714726,73.06845957211036,0.20089095922299058
1110,-0.12425035408604897,1.947846652534364,5.560399982393551,71.7908495605369,0.20108948235920218
1111,0.9865800650810167,2.0401178852906443,6.736618162222692,70.35462665413326,0.20130789638141963
1112,1.5919563400420365,1.7223528152954246,6.350069312858077,70.30678289359015,0.20154617944842276
1113,2.0800541611506667,1.1858581718252899,6.652812030056018,65.64393265207815,0.20180430773210345
1114,2.602310577070946,1.5670109488142288,5.352578476663097,58.83147543341509,0.20208225541984837
1115,2.9835092267939824,1.7734367587252085,5.325277042178256,59.85246450158384,0.2023799947171204
1116,2.5383922972743402,1.2737812693820807,4.519826799858679,50.111183986933895,0.2026974958502379
1117,2.9631911603810783,1.1592772124168362,4.189814799472571,33.92651708767332,0.20303472706935222
1118,2.5222522891931485,1.5198851950256,4.5641708578029485,35.0527614041312,0.20339165465162237
1119,2.4809042168372653,1.5491843507523553,4.207947072150804,40.270571857930896,0.20376824290458764
1120,1.3617462086475673,1.62635794360461,3.630776396887506,25.515187603559358,0.20416445416973653
1121,1.0049699193086075,1.8798439787934338,3.6219320969818036,26.91362568917263,0.2045802488262728
1122,-0.5029849248811553,0.853984063226857,3.6559843063477655,23.85813382213491,0.2050155852950771
1123,0.16292500299685767,1.5368408502819153,3.9356538510634445,33.709570252265166,0.20547042004286542
1124,0.05522055078465502,1.4435638505308581,3.9931047783050837,34.37158642819962,0.205944707586542
1125,-0.04940329817714707,1.5085914131631568,4.833636154184701,31.17405891834741,0.20643840049774773
1126,-0.0241778620972673,1.5529114155820523,4.23768447837496,33.68704977152723,0.2069514494076029
1127,-0.052112118124470246,1.8094369454330026,5.356916331631436,51.181950105110595,0.20748380301164404
1128,0.08460064191665517,1.6686388067246165,4.839461426074807,44.254662055213785,0.20803540807495435
1129,-0.02684971292606372,1.4867125037912983,5.668631580846104,53.849704726146996,0.20860620943748726
1130,-0.35754754168356845,1.5268380572014753,5.885392841502482,51.197205672399804,0.20919615001958222
1131,-0.03716217135606574,1.5316072946110122,6.443994527500192,70.97575166491126,0.20980517082767244
1132,0.44694434752517714,1.4602246273316881,6.315712311838861,60.834953592661584,0.21043321096018472
1133,0.009369240971660258,1.8970497385009828,7.329174899349663,73.58861214408869,0.21108020761362917
1134,0.05815758929374111,0.9273221712647942,5.483207143621461,67.65242687209417,0.21174609608887965
1135,0.6888462338100375,1.0813094293076846,6.879006809225709,55.809648562929475,0.2124308097976435
1136,1.5348108932323454,1.9820302462020127,6.648122322922589,62.25361463066359,0.21313428026912043
1137,2.1569094551519647,1.6760318494445217,6.444766794140266,69.36176002198381,0.21385643715684954
1138,2.545835827462014,1.6945403345810648,6.625897941769382,58.63734861339501,0.21459720824574402
1139,3.070430158654688,1.8544305603164428,6.051263611957178,52.83646391534968,0.21535651945931192
1140,2.8153844085831343,0.9033086396773465,4.29754999045856,51.55341736759237,0.21613429486706487
1141,2.87173843722687,1.9426096067934657,5.174339617130787,44.691114443423594,0.2169304566921102
1142,2.6990869618117355,1.1631958609100101,4.029465370632568,37.32925865450866,0.21774492531892886
1143,2.06791950769126,1.220790839495147,4.049451916965991,39.352569679817876,0.21857761930133693
1144,1.2552240698849508,1.8291730181134038,3.9250174453041478,25.381846501122887,0.21942845537063005
1145,0.8881099790210906,1.1744821175631461,3.1285659826990186,31.985841489543276,0.22029734844391027
1146,-0.19643219160573344,1.683577792374134,2.8147850552067255,31.61198355520545,0.2211842116325946
1147,-0.0894616323506755,1.9558112282857525,3.628861446735227,28.57913083382462,0.22208895625110284
1148,-0.16562951783765478,1.3362503533428984,3.773216842824834,28.4408205562472,0.22301149182572724
1149,-0.022145682808219685,1.35812387392205,3.651359347828397,44.88959915213873,0.22395172610367917
1150,-0.08587719464260264,1.7403778728399526,3.7935998496182224,43.26201230070001,0.2249095650623143
1151,-0.09491797341588161,1.8117873593385894,4.614764871399371,39.6348348686746,0.225884912918535
1152,0.13619578546281028,1.6497283853937283,4.849830177265519,52.151205543541465,0.2268776721383684
1153,0.3525217802833296,1.0773168871322727,5.359722621528705,61.973456445441705,0.2278877434467199
1154,-0.0715028428038026,2.03949952105111,6.674016127435278,54.89089636780956,0.22891502583730028
1155,0.10453103481962443,1.7480903299847355,6.352348438180309,65.44133181161385,0.22995941658272676
1156,-0.0710826980984283,0.8593762979470198,6.968130822572454,64.18750250869371,0.2310208112447948
1157,0.01978844920649925,1.3017816139939142,6.13806999361905,63.88930758453006,0.23209910368492281
1158,0.2255502689900459,1.2591755548638885,7.302329365325001,67.31844908697197,0.23319418607476539
1159,0.786515783112972,1.3495280253367399,6.438153184621752,72.64657935728533,0.23430594890699613
1160,1.3368905297590505,1.66548555811129,6.365478162649078,74.92273198569157,0.23543428100625824
1161,1.975335021102115,1.3801112536643172,6.091423624425573,68.64190316914501,0.23657906954028207
1162,2.4747269263410825,1.9683519672050585,5.933658385020782,62.231158956983464,0.23774020003116825
1163,2.8951166346057056,1.9398494357862515,4.614411954060769,59.47115596183663,0.23891755636683545
1164,3.171602290418216,1.636033925664631,5.000693150597878,43.71893693175186,0.24011102081263083
1165,2.626018110646819,1.304488925309689,4.952292868876633,45.19808310068982,0.2413204740231046
1166,2.390618377482319,1.6271361384060983,4.964200856115078,38.859496119246806,0.24254579505394355
1167,1.9364121012444333,1.7563727278252486,4.165510078730634,28.275221457577082,0.2437868613740657
1168,1.1501189156541554,1.990265495128319,3.3682414157461285,29.955171302345562,0.24504354887787327
1169,1.0416416720052595,1.5095790983359518,2.861887424239061,19.411253865821116,0.2463157318976631
1170,-0.00727572875281855,1.6802753633833323,3.665896818688092,31.462983712802238,0.24760328321619335
1171,0.38015586394476514,1.3649774337282923,2.6473464291936084,36.36807539610533,0.24890607407940538
1172,-0.28486673503620036,1.533491071793322,3.6327245362700706,31.108229053462825,0.2502239742092981
1173,0.25883646265183485,2.0302161011516104,4.206668052884028,38.01018638198717,0.25155685181695686
1174,-0.14032970643279272,2.166643570280062,4.302290195496214,35.23404863290913,0.2529045736157318
1175,-0.08147393703487686,1.592493671761935,4.481420202220924,38.82593867903857,0.254267004834566
1176,-0.19779289141830753,1.6250795522009271,4.052283099282814,52.25141210929874,0.255644009231473
1177,-0.1899727718975318,1.484586240756973,5.36508456233781,52.39766829955916,0.2570354491071606
1178,-0.2647490822457108,1.26249380676187,6.279386094913419,53.34614045320604,0.2584411853188008
1179,0.043266591524094816,1.8419105828543525,5.937829448308097,63.29559978437333,0.2598610772939437
1180,-0.26284020650536444,1.8807159183018607,6.091714627598035,64.04819957060599,0.26129498304457555
1181,-0.04836037306457456,1.9291826491082404,6.651087642275282,68.03890325886726,0.2627427591813155
1182,-0.0018403088486799385,1.7647372573702609,6.8517138861641405,72.70128759414017,0.2642042609277567
1183,0.9097792723887843,1.9248157026976112,10.670873811533022,65.79958154718187,0.2656793421349424
1184,1.5200783444799093,1.8249230654376147,5.863603196499304,62.570727909968014,0.26716785529598097
1185,2.18558551025216,2.157999916914516,5.817732602541254,63.08518412444566,0.2686696515607969
1186,2.7009585234665803,1.9064821939570704,5.9013711962175845,51.69966318886953,0.27018458075101526
1187,2.8943273058152617,2.2390464161876142,5.887999933219517,59.821768609753576,0.2717124913749793
1188,3.072669583714853,2.134976183777413,5.703357635501319,53.99628301214918,0.2732532306429002
1189,2.701833440578209,1.9306753710261568,4.3093122784165905,41.08213332537238,0.27480664448213465
1190,2.4429821244125316,1.4600598726012153,4.697086746215135,35.98814516021065,0.27637257755259337
1191,2.500822504987513,1.9977839261386332,4.602772642411193,39.1932278997075,0.2779508732622743
1192,1.4976531571246883,1.9487513463229709,3.8442584267672313,31.53364766156514,0.2795413737829218
1193,0.6343570003741721,2.438093136232316,3.4423042088542637,30.381641673818795,0.2811439200658091
1194,0.27597598021418973,2.0952539501263985,3.0134332422725447,36.23521167835747,0.2827583518576435
1195,-0.0313685221029537,1.5432696293982222,4.091017655930294,26.993190613883307,0.284384507716591
1196,-0.12929820535679878,1.6549423162486228,3.6974478719700077,34.43698214178702,0.28602222502842123
1197,-0.289798309704409,2.192179484015513,4.668390239394187,42.54324261647679,0.2876713400227672
1198,0.1558983732104423,1.8553037983201455,5.1445383419057436,31.385345492742793,0.28933168778950397
1199,-0.21726018144217837,1.562647199509426,3.9454892786762135,52.91824477364237,0.29100310229523846
1200,-0.10780651600400742,2.0810525394015915,4.766061655617607,49.55456484312633,0.292685416399913
1201,0.12881999758858706,2.09225753907361,5.336738390758341,57.86100128904958,0.29437846187351907
1202,0.03672671485162412,1.91896311991046,5.226795832810161,64.89712851313529,0.2960820694129201
1203,-0.017285374768361613,2.2233871295777945,5.652295024901621,73.7236524037929,0.29779606865878183
1204,-0.04279755631230567,1.9440359244238552,7.058031520167468,66.22114754766058,0.29952028821260807
1205,0.22918547082686436,2.5451592660428366,6.139990889979712,70.32209075642761,0.30125455565388054
1206,0.4460548295603358,1.6668764835055256,6.631429064112842,73.91998258203401,0.3029986975572997
1207,0.6667049694770851,2.2789224913805546,5.498675131442195,72.37223607153157,0.304752539510129
1208,1.613780818100543,2.3142553166394064,5.966022068318407,69.43532264642269,0.30651590612963464
1209,2.507080404630466,2.407425674058492,5.663793115819588,71.84606267075975,0.30828862108062416
1210,2.813887622343462,2.0001837954319632,5.345364627981652,54.94657113960121,0.3100705070930797
1211,2.760411153711527,1.9242397397126605,5.324295968698548,53.60543521298818,0.311861385979885
1212,2.91386387458521,2.5806976418978373,4.932272837334774,46.87883542000299,0.31366107865464365
1213,2.7781837703671575,2.232797547442181,3.872354461632452,39.69721160478061,0.3154694051495884
1214,2.4153875294223615,1.9035880550005193,4.003547713466497,42.07437378511835,0.31728618463357583
1215,1.9965393130259104,2.33910166306433,4.336813454774232,37.42797804403819,0.319111235430172
1216,1.5523750957880678,2.5757495555213485,3.1548551372521483,27.912877139825216,0.3209443750358181
1217,0.6590513342766023,2.3097245579178898,4.594368581488323,29.52691141732825,0.3227854201380811
1218,0.17523997253007198,1.9021540076437755,4.158326497719593,33.51905096073043,0.324634186633985
1219,0.02465109271455859,2.4238612443154066,3.317904322766096,29.312971689228377,0.3264904896484209
1220,-0.07942513657122839,1.6788025842230658,2.632305804730483,32.71191498352135,0.32835414355263426
1221,0.1772179840413983,2.3830773208974394,2.861881742056956,34.216767762585775,0.330224961982788
1222,0.06379436514409208,2.4534331818907615,3.874814495916987,28.13764224396266,0.33210275785859744
1223,0.052973525157154144,2.1031782190215926,4.24775318702657,50.50415112618155,0.33398734340204017
1224,0.20800769090689603,2.26266712717943,4.525530587800841,48.37632209771098,0.3358785301561324
1225,0.11465308970500797,2.234295639377958,6.265129028238861,49.749079484030936,0.3377761290037746
1226,-0.021779693367608533,2.0380730987994373,6.237601535330478,59.06430239437472,0.3396799501866633
1227,0.18751096857354926,1.9510456647688272,6.5175600322262905,59.63648321045785,0.34158980332426686
1228,0.0618635604409323,2.1341449040612157,5.9458857550996775,67.0104025309633,0.34350549743286296
1229,0.5834617525746216,2.040474703756471,6.871585697976957,65.07021930724821,0.3454268409446372
1230,0.219737700209424,2.690461061569329,6.499283980612099,75.13823135953616,0.3473536417268398
1231,1.0070996595825066,1.8388553237836383,6.5055330068653,73.18027786729442,0.3492857071009976
1232,1.7581986743256977,2.7942217098981548,6.533088468241738,65.84275961170681,0.3512228438621835
1233,2.1372882658109003,2.1927458448287878,7.4845512305392345,65.10737272958771,0.3531648582983357
1234,2.8606552936592617,2.0408542384809323,5.02989565424595,52.74256288397502,0.355111556209629
1235,2.9024488843811365,2.1175705562453273,5.303352783352042,59.780314178596925,0.3570627429278943
1236,2.8337653193629193,1.9771121224467387,4.097340578089037,42.81099805961661,0.3590182233360859
1237,2.7849801871851736,1.6881818231687329,4.915782448265664,45.278023325920046,0.36097780188779255
1238,2.703666322219824,2.55093054738653,4.359101776237168,40.81769470370978,0.36294128262679237
1239,1.8090963654279055,2.2682085189449634,5.027075041140386,25.736073065757864,0.364908469206647
1240,1.54167058429085,2.0708001332465513,3.989486640667945,33.398013445149,0.3668791649103381
1241,0.6307871182180886,1.9384779410362896,2.814520980822998,31.33678648893823,0.3688531726699376
1242,0.14364327651237105,2.169128397498724,2.876621281223299,32.24902899822951,0.37083029508631454
1243,-0.14923474213146945,1.9701298873821853,4.444142701934985,26.715674266795823,0.3728103344488748
1244,0.3744606524550653,2.742603806823252,2.5476706378123666,33.57763223518532,0.3747930927553322
1245,0.15356362579817256,1.7914483327190776,4.435406958786973,33.95236277528467,0.37677837173150835
1246,-0.25377179183475995,2.0800108703544207,5.829888702614372,41.17099652122181,0.3787659728511604
1247,0.35175187001676683,2.1095517107504405,4.489822793266171,44.36529269341362,0.38075569735583203
1248,-0.04545050187206894,2.5238324430705497,5.017406033605645,51.90972055960897,0.3827473462747312
1249,-0.14549522194396022,2.4640671830829275,4.7848740607757385,52.2600796748185,0.3847407204446258
1250,-0.20475986326523976,2.3509839537128325,5.358860695714147,57.658449381661654,0.3867356205297599
1251,0.11355294793113058,2.3490703547669542,6.019380917212556,67.86206371777868,0.38873184704178737
1252,0.30090437333293435,2.526301426076315,7.163707111232936,72.27533363341752,0.3907292003597206
1253,-0.11568539450632909,2.174213656796379,6.77802681524857,65.14160259231035,0.39272748074989217
1254,-0.19952416836761055,2.563731024871955,6.103448265909794,76.12441856927701,0.3947264883859284
1255,0.5485171177010055,2.0274074554028005,6.440113604923438,58.212070118920494,0.39672602336873175
1256,1.7992810622720425,2.591748289056335,5.898757787077988,63.83003529210714,0.3987258857464696
1257,2.455466187901828,2.2827134500423623,6.141179438280916,55.090207722776086,0.40072587553457106
1258,2.5283819833294565,2.7784494024145556,5.231985365888972,63.09828076839536,0.4027257927357239
1259,3.0053184963553825,2.077784959692027,5.2180079055489905,59.79708672867622,0.4047254373598747
1260,2.999418909944892,2.31340044263213,5.887782990256971,51.015521555133546,0.40672460944422734
1261,2.8856514184113564,2.20764594668418,3.984503102538001,44.592691741895585,0.40872310907323944
1262,2.7908807377967997,2.740252403756351,4.643107926087387,44.35103021957317,0.4107207363986134
1263,2.2095115436957316,2.038869007698199,3.799899790754917,41.7700206672965,0.4127172916592818
1264,1.5658979933522952,2.731371076670907,4.0476899188503515,34.12592676424466,0.41471257520138155
1265,0.7179413482355814,2.608759290750702,3.4851328665403596,28.505427025291883,0.41670638749822164
1266,0.16312007194217595,2.643049574944207,3.4798556975549353,25.349061009991097,0.41869852917023387
1267,-0.056401180482192115,2.2700679110523754,3.5679503185028674,31.306714776937827,0.42068880100491113
1268,0.009984497613571286,2.6221691347389777,4.404395825175786,37.04173667369142,0.4226770039767285
1269,0.04389549875508726,3.0076266594814935,4.4670077484550745,36.81882357394007,0.4246629392670456
1270,-0.24023113105069,2.277651323165716,4.3555478251658455,45.08536720538123,0.4266464082839885
1271,-0.059818993352228844,2.5634240008642535,5.3349683331423545,50.30134135241369,0.4286272126823085
1272,-0.06252060273301434,2.4107544456707144,5.5961469748532515,43.598062825730146,0.4306051543832159
1273,0.020240617299663893,2.161574061307455,5.948004351909913,54.588394457728576,0.43258003559418917
1274,-0.22236361815510428,2.2460154663807828,6.365561540265246,60.157038400416994,0.43455165882875296
1275,-0.23731034018900174,2.6524906233331973,5.399074263030356,67.64209016853351,0.4365198269262268
1276,0.32469242065861725,2.482777316622425,7.156631755247946,61.704549127529255,0.4384843430714412
1277,0.23128872127872935,1.7616574285038349,5.862102162614124,66.33984388559105,0.44044501081441856
1278,0.17780787134042053,2.658145209472947,6.44323864611199,68.78339837850966,0.44240163409001854
1279,1.1414208926255596,2.403890988298824,10.052379956410618,73.96551533839741,0.4443540172375441
1280,1.5839190475099116,2.7749843064522506,5.2555404707296365,66.53020936844445,0.44630196502030783
1281,2.103104596574207,2.306845450510868,6.098983399567034,57.248710431582104,0.448245282645154
1282,2.694511361040008,3.1920724323311473,6.281836903289487,55.87247131702367,0.4501837757819399
1283,2.5219200805771713,2.2152110205510613,5.503429854541056,55.42348603869454,0.45211725058296737
1284,2.7803833709157937,2.7293282646006385,5.400425456560124,57.69569754357898,0.45404551370236734
1285,3.0495048914714946,2.1762303018239124,4.352696035586214,43.833247344098226,0.4559683723154349
1286,2.6045993079846514,2.556546255767116,3.4778456187153646,39.254838777403414,0.4578856341379111
1287,1.8657930765433959,2.152781714702762,3.9942434629510988,41.02936898334394,0.45979710744521135
1288,1.6317073743119588,2.8722487996557957,3.1033665503804033,39.078809021535,0.46170260109159816
1289,0.9762374651062193,2.488007288720077,3.4065551305940964,29.55249624172245,0.46360192452929416
1290,0.1335759122728674,2.941098901382391,3.0677456656079167,29.91119792891792,0.4654948878275386
1291,-0.006059355887762401,2.4615982811912,3.664622493954559,31.384741299786796,0.46738130169157927
1292,-0.16720989601047695,2.0013792277901965,3.288961220636096,28.22449229489135,0.4692609774816016
1293,0.02151898763370301,2.233442503645354,3.7241168469746597,37.256304906782766,0.4711337272315931
1294,0.08538486576513685,2.3662067022139452,5.390706464629925,43.176483520872424,0.4729993636681393
1295,-0.07171775953306093,2.8955769116644725,4.60766857302413,32.43220376600056,0.47485770022915136
1296,0.12060718202533978,3.2970266048357795,4.904315212914389,48.99544909733954,0.476708551082522
1297,0.06288638675049418,2.4407941816617806,6.018486406684438,57.98243563586707,0.47855173114470767
1298,0.0666229100942998,2.5670935245444655,5.999447254528712,62.008566820612074,0.4803870560992384
1299,-0.40650795776431753,2.8431645798300194,6.765662100383146,64.3513171710417,0.4822143424151482
1300,0.21621859860421844,2.1219776866415283,6.506688633248333,65.92918505822661,0.4840334073653282
1301,0.3448783439903774,2.365726949343186,6.644867607522267,63.84757127691329,0.48584406904479926
1302,-0.08049352491392327,2.6571236273069423,6.388801747878177,74.32864592364675,0.48764614638890236
1303,0.481077339070466,2.5578256850492145,7.16659059260885,70.08464205123704,0.4894394591914048
1304,1.6277858638839615,2.4220327152148053,6.466399165133773,66.7814711477417,0.4912238281225207
1305,2.028188397072876,2.1493588819379963,6.070041999863859,64.64000708476644,0.4929990747468443
1306,2.404673737151674,2.468893622954443,6.8003665229313635,55.68662416080808,0.49476502154119184
1307,3.141320730042276,2.6463674156932786,4.350833684207673,52.20782821997395,0.49652149191235584
1308,2.723324129502767,2.2116578223911305,4.686769992931033,47.456095736507294,0.4982683102147629
1309,3.0412632032746165,2.4440217184802173,5.039312593225225,38.101914089959,0.5000053017680385
1310,2.3485293871721518,3.042912332057896,3.8428303448040104,34.52259709155136,0.5017322928744747
1311,2.4137739401147376,2.553321977080125,3.5928912625322513,35.89585139791413,0.5034491108364002
1312,1.603310493208474,2.582010973856796,4.008618687519841,31.972444566967905,0.5051555839734494
1313,0.7249781360061971,2.086994885841963,3.586011740582593,27.64850853705432,0.5068515416397308
1314,0.02987399162297783,2.2261936403562865,3.857097738482973,35.0147164625278,0.5085368142408906
1315,0.11641747749666849,2.289651466759627,3.2405879394557924,33.198762971779445,0.5102112332510733
1316,0.16597887548622234,2.1265560308230156,3.7042772567477495,38.62714956862695,0.5118746312297734
1317,0.16555828565844632,2.0085329250973514,3.689041093502305,35.089310685276295,0.513526841838579
1318,0.10934605318328522,1.8944732860961448,3.7536113563124998,39.47744888126429,0.5151676998578061
1319,-0.09547633244653221,2.2946263954195585,4.118361027337226,41.775485104324105,0.5167970412030203
1320,0.13281590950547462,2.599465638884062,5.379532149174042,56.584557390242836,0.5184147029414446
1321,-0.26226487640189866,2.5271321146587993,4.231927583943934,58.86251526723703,0.5200205233082538
1322,0.2008186209202982,2.537311853891613,5.588413236853696,65.26478266304746,0.5216143417227485
1323,0.17460116746310628,2.60023776773073,5.5237042827503435,61.98934311918406,0.5231959988044159
1324,0.278816208500086,2.061007321219709,6.453971269869107,65.43979384459531,0.5247653363888659
1325,-0.11775592143370411,2.105577307274326,6.2936713434570635,77.20993827857662,0.5263221975436477
1326,0.03724233969392073,2.231652297420166,6.817941524753548,78.14473985842301,0.5278664265839434
1327,0.9481143354840038,2.026588957535384,6.662583617543153,69.18178330573423,0.5293978690881357
1328,1.563571575820451,2.360378224972586,5.392577761289242,72.76707726149075,0.5309163719132503
1329,2.035986886751952,2.0779169419913948,6.320853757799888,59.86396190400896,0.5324217832102702
1330,2.6595424247627277,2.6023161226275313,5.554277053075041,53.16064210954761,0.5339139524393205
1331,2.9113838858008876,1.9959250741986228,5.394406385644294,53.74042087470498,0.5353927303847211
1332,3.199140788282101,2.4190807780236785,4.856836217696806,55.565886906964174,0.5368579691699102
1333,2.7720849683162467,2.7448754276821394,4.856438513535527,49.58492813648613,0.5383095222722303
1334,2.6659737724671135,1.8675040430165262,5.387828892666623,40.62004729234943,0.5397472445375806
1335,2.179906568695757,2.0573983638369397,3.8840688453865826,39.54545836380435,0.5411709921949329
1336,1.6514656248594124,1.9829747071179809,4.828350434650646,32.34447907687596,0.5425806228707077
1337,0.761878686265188,1.8858744194079202,3.245129096385848,28.52381407556283,0.5439759956030124
1338,0.02546292711441807,2.2726089047409093,3.334504375739393,29.16556014140916,0.5453569708557364
1339,-0.014189934980171695,2.3348596387534215,4.172093050132102,26.520102629821434,0.5467234105325052
1340,0.00681317251077036,1.9552027844674973,3.7820168264026908,34.262023069239206,0.5480751779904898
1341,0.0016718325514965887,2.0115054890536785,4.294623046127487,38.32261720839825,0.5494121380540709
1342,-0.06534891027635145,2.2281070428942087,4.433502110759277,40.406714622329005,0.5507341570283562
1343,0.56545995881193,2.2396384420577053,5.445136477735974,41.97462948834089,0.5520411027125501
1344,-0.1687822975875606,1.802041014461588,4.318367493408819,57.082851917134874,0.5533328444131733
1345,-0.23468198126641884,2.815887431778743,8.667288595608321,58.18239035670244,0.554609252957132
1346,-0.159125322557825,2.0452545292377917,5.954309884552927,63.62909095063589,0.555870200704636
1347,-0.1420105097986105,2.131562482285545,7.449186668351847,64.20978076302988,0.5571155615619606
1348,0.0022873142310832558,1.9064999680074197,5.991754215373982,72.14438090893464,0.5583452109940583
1349,0.2861865595685274,2.0070649451156886,6.725913959001995,78.51960315744721,0.5595590260370104
1350,0.33767675659900115,1.803103139107088,7.434510790119782,68.70841594941588,0.5607568853103242
1351,0.823922008100201,2.552545211878895,6.944020748629011,67.73571759564499,0.5619386690290706
1352,1.0003574571480671,1.4995734062362434,7.449818663067172,61.04035213604829,0.5631042590158626
1353,2.1981922141745747,1.9878775908654305,5.264086413705556,65.71382357078937,0.5642535387126728
1354,2.3359452982282374,2.231310660149096,5.196857940722362,65.24462354715935,0.5653863931924892
1355,2.7976371638297035,1.5434116566087592,4.39053618513933,52.86787825164149,0.5665027091708079
1356,2.7700554423717714,2.1504705295615567,4.739769056253567,49.78719510768086,0.5676023750169613
1357,2.9829019947894126,2.3967021917254323,4.748091852206501,33.88714401554857,0.5686852807652812
1358,2.4727547224339057,2.080244943282271,3.8292774506765883,43.42531872756228,0.5697513181260951
1359,2.2757442790477826,1.9809238273807181,4.089684192420645,33.64895157055304,0.5708003804965553
1360,1.5954604792783766,1.9602541459200806,3.849030949593776,36.94082629751764,0.5718323629712991
1361,0.728443221957005,1.8756761978268146,3.197391790246546,26.979545894568574,0.572847162352939
1362,0.01611207412041799,2.1238052012502293,3.75032616884723,26.220667640359896,0.5738446771623824
1363,0.1834839532804481,1.6803416510044453,3.236310360651943,25.393588033132204,0.5748248076489797
1364,-0.07442638317522449,2.0271175719691543,3.2906340003097023,27.79924478246594,0.575787455800499
1365,0.1831237770986467,1.8172207421406608,4.486336233394612,48.96361745077373,0.5767325253529271
1366,-0.0038632013375160265,1.7340316620404783,5.20523737255595,42.6226682307855,0.5776599218000965
1367,0.05387949056097227,1.5513856009372544,5.0781639714391025,47.70765464841905,0.5785695524031355
1368,0.159848174227104,2.090480645708422,8.61670553519146,58.66160260608434,0.5794613261997416
1369,0.26630650471578565,1.7008010238825173,5.665493450684316,64.74102992518947,0.5803351540132782
1370,0.10416243977554772,2.1911760415808152,6.236272985061534,58.1085533119589,0.5811909484616924
1371,0.01167437679259935,1.8494891549466286,6.326081575122318,55.93257544168892,0.5820286239662524
1372,0.1441371869524338,1.8470195148484416,6.201572827370098,71.60176078885247,0.5828480967601058
1373,-0.30908952748395874,1.5086957718366147,5.125048423730436,61.51635979702456,0.5836492848966561
1374,0.32779232063079206,1.5282035519568005,6.858746805601356,79.74524855743903,0.5844321082577573
1375,0.5113588821685651,1.9825929668357751,6.460524505933063,75.03508180786788,0.5851964885617255
1376,1.680741886643591,1.7799711959861946,6.347984797542238,59.320586455424156,0.5859423493711675
1377,2.0084875574505663,1.816867210329566,5.753960718479084,66.82369654683947,0.5866696161006237
1378,2.6995265282611904,1.9850529403473198,4.674577461479395,61.886916726808295,0.5873782160240275
1379,2.874463994055856,1.9368973987498992,5.317715066211637,57.976455917657006,0.5880680782819768
1380,3.0607179518137553,1.6642849492259568,5.567950521437041,50.505374555182975,0.588739133888821
1381,2.737620070953852,2.6301405641174704,4.969937576281071,46.73469444828685,0.5893913157395583
1382,2.1659506104933826,2.6932323458829712,3.9627474235254763,34.61899048436969,0.590024558616547
1383,2.2026514734293503,1.8758128371316178,3.964444915196786,39.45692710489179,0.5906387991960275
1384,1.3798991322751435,1.3030725863143604,3.514184145980364,37.659931283731524,0.5912339760544535
1385,0.6467299817872477,1.457974927852038,2.544122117412753,32.12728220211698,0.5918100296746351
1386,-0.14506462735640946,1.891925727321037,3.584119721423947,30.70302484754162,0.5923669024516905
1387,0.39688224977702435,1.5358904951236538,4.292842964540554,30.549584218369656,0.5929045386988059
1388,-0.11643848762526657,1.6759568538920608,4.65402152423197,28.65683795066553,0.5934228846528048
1389,0.06536259582381103,1.0931688467527065,3.8306562148517256,41.19990204326965,0.5939218884795234
1390,-0.2320886387738874,1.8149055293811924,4.542188843106254,35.52443639315754,0.5944015002789952
1391,0.30461934278559694,2.0385795476983777,3.6928480485804727,42.68946914964594,0.5948616720904398
1392,-0.11125359372325345,1.3038710488505836,4.400847631161291,54.9575987084265,0.5953023578970595
1393,-0.520128361822619,1.5574133542241217,5.589556163332591,59.89294886310027,0.5957235136306409
1394,0.5423899747790312,1.5451848467514997,8.794562820045098,55.355584211029715,0.5961250971759617
1395,-0.21962972651144375,0.9000007228503997,5.293738411351034,70.27338375587536,0.596507068375002
1396,0.2617864668563002,1.4955065093259559,5.861952529454791,75.2707753811581,0.5968693890309601
1397,0.14661451210848922,1.460341377770998,6.05072682573313,66.09934341157731,0.5972120229120723
1398,0.13043592716300567,1.2060729774676846,6.87157007924449,68.89102869749044,0.5975349357552361
1399,0.7301601692333963,1.3549903621681987,6.319367701226355,75.59627599632509,0.5978380952694363
1400,1.5378397503650194,1.684787024145688,6.319932311323425,62.53921959466879,0.5981214711389741
1401,2.3661075453430223,1.706695228817193,6.610280987589209,63.26777209759781,0.5983850350264986
1402,2.537890068113436,1.695458300145465,6.017311527436779,56.5421936650843,0.5986287605758409
1403,2.9480394052844607,1.4191057692465958,4.883184288829676,56.036033659828384,0.598852623414649
1404,3.1856580429850134,1.3384908899118662,5.033614940902533,52.25850234917644,0.5990566011568255
1405,2.914455246314387,1.6238291534519684,4.073682992456191,41.58280107619754,0.5992406734047664
1406,2.5130795723336243,1.4567028210371378,4.313027246001145,47.39372822090233,0.5994048217514001
1407,2.41165612522323,1.880187888573727,4.5269092743259804,33.77807895946108,0.5995490297820287
1408,1.5683377197745771,1.91335964148232,4.134686339038111,40.74592787850809,0.5996732830759696
1409,0.7514226023901573,1.4172765715842879,3.900641505626279,27.003413650479473,0.5997775692079965
1410,-0.15517896479437296,1.0641992570425765,3.7372537097483423,25.156578436539373,0.5998618777495835
1411,-0.20111944439119478,1.604631571665349,4.03064874793806,35.69586930562462,0.5999262002699466
1412,0.17875682107620822,1.3445287597013147,3.8420787562780423,37.69740813581798,0.5999705303368873
1413,0.1898536172466762,1.7876576873671346,4.319116793389776,35.137935167269085,0.5999948635174358
1414,-0.43414221181541407,1.7469688034602127,4.327362451808739,46.19081534783616,0.5999991973782944
1415,-0.12309832788515102,1.2179274963474453,4.877809090182745,43.268207209963585,0.5999835314860806
1416,0.19297762737392518,1.84395346363695,5.127484975825709,52.77820780345637,0.5999478674073706
1417,0.484861323852903,1.9437456991331032,5.884583961652914,55.260779731448665,0.5998922087085425
1418,0.430070761518579,1.6387135577533154,6.28495837088155,70.18226584017256,0.59981656095542
1419,0.1883732350484251,1.7028811901363814,5.795020276653846,68.59224018134512,0.599720931712715
1420,0.2746664910252222,1.3607583482205736,5.782383286236302,70.53918997318955,0.5996053305432724
1421,-0.10548389139340018,1.2566976368406837,6.3553413788199995,71.60852807419373,0.5994697690071126
1422,0.15490690470579593,1.888531548640536,7.448007857189529,69.84486146438513,0.5993142606602764
1423,0.5290241951212864,1.5822297227213575,6.789276951291824,66.3467357862137,0.5991388210534688
1424,1.387624730746228,1.4804386387390254,8.261204890987727,61.82303228657132,0.5989434677305043
1425,2.185514560213396,1.4855214632659375,6.42749593998788,68.95292968597013,0.5987282202265526
1426,3.0316636253633473,1.7304994948051104,5.276859585621053,62.7836970272142,0.5984931000661844
1427,3.0473701447347716,1.4386627401938563,5.437314526368741,62.00313184131815,0.5982381307612199
1428,3.054765418133314,1.3527323631496286,4.237469699669061,55.54683905867044,0.5979633378083773
1429,2.8637607663300355,1.4099562900047176,3.439205912130465,43.86982318391091,0.5976687486867226
1430,2.333587617084866,1.4519652570898594,5.100274926061819,39.17873860145453,0.5973543928549228
1431,2.2418929440171116,1.3543247533991676,4.44147482280309,48.57613436181692,0.5970203017482988
1432,1.4301812606833535,1.5265194843655854,4.483750287509103,35.69135929033214,0.5966665087756831
1433,0.8242660764336521,1.3525408261894432,3.858753749581096,34.15524263776864,0.596293049316078
1434,-0.1778661827949027,1.3637446817319672,2.767716233029616,22.19653996830651,0.5958999607151183
1435,0.02425099074071568,2.0966043233431284,4.5923575697426955,32.38993955147025,0.5954872822813365
1436,-0.3074057733879124,1.5034569658863868,2.3001807860605803,37.95597554455274,0.5950550552822322
1437,0.10078124383794052,2.014527382648124,3.8749912358271206,40.54668848721704,0.594603322940145
1438,0.2639451823943851,1.2017709346030119,3.9230818511592482,45.525496393189684,0.5941321304279324
1439,0.1827901629758233,1.730929742945654,4.264836928406519,38.53440997144672,0.5936415248644535
