time,solar,wind,demand,price,carbon_intensity
0,-0.08335156948109412,1.7127322749974723,4.619765911194305,40.07070935574934,0.4
1,-0.011253365445265895,1.979372980869973,6.063882229560422,55.39329034615226,0.40199996666683335
2,-0.42723921913369084,1.859579189724447,6.323141080066698,67.53054704790705,0.4039997333386666
3,0.32805416168099777,1.8209952582906637,6.172103586120292,61.760048114803396,0.40599910004049916
4,-0.35868711703897266,2.6762580112600682,6.104635883670915,81.8744233794447,0.40799786683732686
5,-0.16834947313124082,2.270025391666004,6.602884549219605,63.15046702175873,0.4099958338541357
6,0.10057628343160857,1.6193141422545942,5.545182779861588,79.9224084806018,0.41199280129588894
7,0.527399517986116,2.0361028477761893,9.29061110366359,71.54904409450396,0.41398856946750656
8,1.288409556227532,2.3404078947283815,7.722791669849709,63.486534485369866,0.4159829387938346
9,1.939518820574273,1.9845248520653305,6.002616975068646,68.3209723297568,0.41797570983960225
10,2.708367020262601,2.327186216019758,5.4511720819204035,66.77335840419238,0.41996668332936565
11,3.3562190814301966,1.7536375840857308,5.400976264719284,54.37080280424902,0.42195566016743496
12,3.008307878599681,2.260330937922679,4.603226517818091,45.44089675709628,0.4239424414577839
13,2.6741923898445017,2.099298884806804,3.887563569651855,48.494332270766705,0.425926828523939
14,2.705887875469474,2.292989933487389,4.525059732149881,36.704310066008006,0.42790862292884735
15,2.0020884035983495,2.1158994474343555,3.0429593615577923,34.596988673204734,0.42988762649471984
16,1.4961739006957695,1.945787666854842,3.817453573573217,39.6077087470954,0.4318636413228492
17,1.0114573792076214,2.271449596308561,3.4356586875310833,41.81084973916428,0.43383646981339924
18,-0.14957418985877213,2.3007881178296388,3.3972515433606634,36.07327685098368,0.43580591468516483
19,0.0018050501946650249,2.3664169073563697,3.6642847636970264,34.419661275439736,0.4377717789953001
20,-0.1756215786480684,1.7724954612472716,3.5321783262519837,34.91198319291587,0.4397338661590123
21,-0.03128683407692473,2.0414034392701383,4.77617507815952,33.215263215161535,0.44169197996921994
22,0.05131409040025913,2.132930062003484,4.2546901262647125,48.832422414627366,0.4436459246161739
23,-0.19775580975392437,2.1249718330362355,5.704482521274157,39.38174436071134,0.4455955047070377
24,-0.06776439320583927,2.108572999785286,4.883683057400577,45.80905169613198,0.4475405252854269
25,-0.04723680617052026,2.254103030279084,5.320995065093677,48.82132995686146,0.4494807918509046
26,-0.12753100249686025,2.6435886227245726,5.541032288114538,66.67622859336217,0.45141611037843105
27,-0.23752245727705687,2.761034726792987,5.11939290483017,64.99186803572893,0.4533462873377663
28,-0.28424344546082536,2.6029171370085664,5.399405607955755,65.51435927052735,0.4552711297128228
29,-0.03069903913538983,2.426286486156318,7.55410063577974,70.03609998158302,0.4571904450209671
30,-0.053811392043202705,1.2944876042332678,6.691581760389929,76.6163613333151,0.45910404133226795
31,1.222730493084883,2.0843120629716028,6.263964648784128,69.68776300971203,0.4610117272886887
32,1.013046484695791,2.44922250885333,7.288877958443091,66.43671601607443,0.46291331212322356
33,2.1438656445229727,2.021215400118925,6.628266640328445,60.581259519510105,0.4648086056789737
34,2.672165118685963,2.640262184706187,6.480784705989672,53.25181359973793,0.4666974184281629
35,3.169704251401724,2.113068268198117,5.305320099426911,54.108226478850014,0.4685795614910903
36,3.1003714413562626,2.3670835829741073,4.88548756245235,50.52948827772774,0.470454846655018
37,2.7289347381012328,2.19691388177064,5.2333464520010144,39.686738212215694,0.4723230863929924
38,2.598078163647635,2.414497578468429,3.693321060601789,41.40505085854142,0.4741840938825966
39,2.2297908579894488,1.910892251099277,2.939824583801939,36.07990618185119,0.47603768302463234
40,1.437298360601318,2.257470465640375,3.987951983130281,28.572981721443476,0.47788366846173014
41,0.9306594829214454,2.100071133318081,3.6412954848155885,33.54021701058306,0.4797218655968846
42,-0.3736181309127523,2.0343283533519867,3.465302010316124,24.747522073923925,0.48155209061191406
43,0.3462369331960936,1.8796313335630115,3.2579084263989286,31.44392623733256,0.4833741604858422
44,0.2935356021146826,2.6695737828381763,4.108789451357482,31.23588851931884,0.4851878930132
45,-0.0671354677047695,2.048408944388462,3.239208874087284,33.173139172171155,0.48699310682224606
46,0.12226815591474348,2.601557720919467,6.4171916768698205,41.058705340583984,0.488789621393104
47,0.009594118373637675,2.349305025136855,4.673071021896313,48.98580942460961,0.4905772570758137
48,-0.16582705780295576,2.533729625535989,4.64906846630838,50.338560246118796,0.4923558351082966
49,0.017542043681666283,2.3953964555107503,5.354015771740641,53.57854139829081,0.49412517763423164
50,0.20007317731013902,2.3896144990911066,5.016972057362368,59.156482700221346,0.4958851077208406
51,-0.07621850350307,2.0309842109708756,5.614542756606591,68.88718760364588,0.49763544937658155
52,-0.07513388461579873,3.2071034356628223,6.663197015775698,67.84500348564416,0.4993760275687474
53,-0.014894152578796198,2.729771755242407,6.154603948625831,74.81347316247327,0.5011066682409694
54,0.08669926601531418,2.7174104350696107,7.1743225956085155,69.81977304235049,0.5028271983306226
55,1.032132981361936,1.7621824987515073,7.0999248481653074,69.1278936132964,0.5045374457861319
56,1.3730641389641274,2.2242086504695475,5.775961394832574,68.58271882325069,0.5062372395841768
57,2.222999592096329,2.2133190561515934,5.584107338654084,70.32453859317606,0.5079264097467939
58,2.6412994126060525,2.490507838907667,5.886683139358471,59.2484061777353,0.5096047873583748
59,2.5260550016425056,2.232687822522546,5.468195685190262,60.4053861206864,0.5112722045825568
60,2.916136703569462,2.628701039170098,5.108869188332668,50.2779877341908,0.5129284946790071
61,2.871311699179856,2.4739951038491936,4.925903453197748,42.20383641082816,0.5145734920200963
62,2.590162163414595,2.6851289902882156,3.702596934883947,41.958899941725896,0.516207032107461
63,2.186521030237039,2.7853612440249087,4.782041322310944,34.35503322139189,0.517828951588454
64,1.0919353902542568,2.2033585671230798,3.54586088948934,24.170063448038178,0.5194390882724784
65,0.7857082399359024,2.2682861866806934,3.1136581771001417,26.435789726358,0.5210372811472079
66,-0.13553511546560795,2.179871615704296,3.010956977177126,29.821500018177083,0.5226233703946868
67,-0.2878878053477236,2.7049247506459304,4.344553259423952,39.491615244707205,0.524197197407312
68,0.10485928600206973,2.4284873959606164,4.974250080993339,39.40932502738987,0.5257586048036937
69,0.1470559152130405,2.3288305520651367,4.331856418588556,38.528785820661525,0.5273074364443936
70,-0.13065005355840714,2.07969519940752,4.580190998814432,49.49306178834453,0.5288435374475382
71,0.16849125631426803,2.5687079929279686,4.585192044503788,44.33170264368693,0.5303667542043073
72,-0.07630329635301725,2.4562904812082196,4.4458385859678105,54.62645761792147,0.5318769343942946
73,0.013297801829228973,2.4958193361807393,5.323141539174912,60.27500703122225,0.5333739270007396
74,-0.2197477893992113,2.355903604276821,4.72644874473567,49.12397508678278,0.5348575823256291
75,0.3168974112791353,2.03138050949761,5.899017714368319,66.59083401270205,0.5363277520046669
76,-0.5318898912766977,2.8389152296704765,7.411711226383537,67.26066237434279,0.5377842890221103
77,-0.01829052457813163,2.4643940603089,5.9980138839320425,62.28358108603723,0.5392270477254714
78,0.13902392100939828,2.5388156311231485,7.707046482338157,71.61858207423431,0.5406558838400821
79,0.3697638260830395,2.2407255701655826,6.244061735623755,72.67809122172454,0.5420706544835217
80,1.4621061470575236,2.860470204121271,5.592631865089645,74.02342615829446,0.5434712181799046
81,2.1058766104890516,2.2134811610952783,6.317354467110709,57.437625501725776,0.5448574348740285
82,2.7630168124407124,2.3189745392161543,5.847579626320764,58.181124722337024,0.5462291659453792
83,3.147420062986612,2.192957839713862,5.950258436989146,50.45967348278542,0.5475862742219926
84,2.919221546132412,2.1251593010252336,5.26401443024597,43.65695875097434,0.5489286239941719
85,2.620873745560032,2.6838125739895404,3.7739975419034084,45.42769538288496,0.5502560810280586
86,2.871523296138741,2.312974541213878,4.109712008859563,42.16224925395021,0.5515685125790555
87,2.364897470170901,2.1400314930649733,4.18381462109041,32.01713174711527,0.5528657874051011
88,1.4075989303693237,2.397588830703384,3.5127948483233697,31.778814421609525,0.5541477757797939
89,0.8466348341251124,2.3563527136902587,4.372921067574768,33.311887941767345,0.5554143495053648
90,0.07637324682533976,2.4508719566929305,4.38550837666731,39.0074271321959,0.5566653819254967
91,0.11325508828849123,2.264399372757442,3.236250359903349,29.584366807217936,0.5579007479379902
92,0.0408415957828224,2.504910249195039,3.679826124747033,31.752702243572628,0.5591203240072733
93,0.2813392483322741,1.9360281770419263,3.6041582370112732,34.85689274884622,0.5603239881767554
94,-0.3475919008769136,2.1541997021588113,4.8704595217286375,37.28245719368058,0.5615116200810228
95,0.20816479067814578,2.6352634797520493,5.23030963232657,52.248696564570714,0.5626831009578748
96,0.0760943940430001,2.6692859949075878,4.032840877143427,56.81203731898755,0.5638383136601997
97,-0.043427053748975875,1.882424932528238,4.81440760650092,51.06318961075261,0.5649771426676901
98,0.2347062996989907,2.5212793601911185,6.221075272462969,57.52931903107405,0.5660994740983941
99,-0.46872063819999243,2.393572124687884,5.287777208481299,58.19579474581968,0.5672051957201041
100,0.2323042981481546,2.7432504365760164,6.433180428933223,69.97179803807302,0.5682941969615793
101,0.07721560952071892,2.0812711211010435,6.676217850872924,65.24182788621407,0.569366368923603
102,-0.22662665473539653,2.504516721519224,6.204225699138076,70.47907979606295,0.5704216043898727
103,0.8630756462389004,2.6373447860967842,7.423122868015564,64.21194558686874,0.5714597978377207
104,1.4391827122397367,1.9714610762548228,6.825235690969976,65.7692873433773,0.5724808454486677
105,2.6383793171725527,2.176563684289806,5.903483632016388,61.71578887391816,0.5734846451188034
106,2.965142755926281,2.647950098541966,6.238947287499177,54.48398940569182,0.5744710964689973
107,2.985915453350227,2.29413906929934,5.177966325348872,49.4363656011819,0.5754401008549364
108,2.8561492317146646,2.622396144364137,5.3528654310296595,59.08333959327054,0.5763915613769895
109,2.7810945599514034,2.3991200107978448,5.089647755744566,46.72911843326131,0.5773253828898974
110,2.533066285676959,1.9321667307860575,4.24751683262943,44.65390023546895,0.5782414720122871
111,2.0092734423120833,2.368026012689255,3.033674748363266,39.8625390595533,0.5791397371360095
112,1.3195507863858995,2.445857386428175,2.650866048301031,37.01563400332996,0.5800200884353011
113,0.658262680213674,2.156564685957866,3.8016970613585603,29.799037492063338,0.5808824378757652
114,-0.055235898450147196,2.6219796943305136,3.63203163562196,31.871455913793035,0.5817266992231767
115,-0.10337677874651736,1.915076726751935,3.807992149110843,26.011180450102785,0.5825527880521042
116,-0.13971798998727775,2.284574342318258,3.598070925661353,30.460909609853857,0.5833606217543534
117,-0.18577838490476384,2.1970178146143775,2.9428224559304965,39.57564736227752,0.5841501195472272
118,0.510087647175932,2.042206133732717,3.473826263773504,44.01514991594453,0.5849212024816041
119,-0.29463464955997715,1.8425049685612633,4.552718919184161,47.999204571376204,0.5856737934498334
120,-0.2042829461044133,1.663004071224691,5.720624434669918,52.946619575662936,0.5864078171934453
121,0.08647914019592125,1.894342881127191,5.0199133916315235,47.44254229618195,0.5871232003106772
122,-0.06471601401530479,2.198625082776305,6.767877042058629,63.658885880473406,0.5878198712638135
123,0.08476494157317614,2.0708778234108305,4.752196716016915,59.582168412636754,0.5884977603863395
124,0.15983599900700307,2.189054835043599,5.295825419984991,64.4471839394782,0.5891567998899079
125,0.25252273266496406,2.1574358824368187,5.98251362291569,74.46898440148956,0.5897969238711173
126,0.15039296984297612,2.0782669063775083,6.755022895167119,73.95294484571835,0.5904180683181032
127,0.577704938683844,2.2732239209187908,5.752855468210709,71.11292198334068,0.5910201711169385
128,1.7218286562723293,2.4502276524141373,5.637555748863218,70.2424350777117,0.591603172057845
129,1.7683367979044917,1.7431348766053338,5.145461044786466,65.38502669149818,0.5921670128412145
130,2.575191951947292,2.2558756315457296,5.670603552888478,54.18023023524218,0.5927116370834387
131,2.7981426400828533,1.6803157414089782,5.609748280862178,53.30906627917416,0.5932369903225468
132,2.7878401927339134,2.8157482891040235,5.5906843634933825,45.07558653398475,0.5937430200236531
133,3.0161107830127407,1.8754216921394709,3.9490583667645103,41.60809483696493,0.5942296755842089
134,2.5614248965973996,2.0261750379798475,4.160412032712777,42.47454776472256,0.5946969083390639
135,2.3252912894334905,2.3912113383612326,3.383436967934789,27.34137132338177,0.5951446715653319
136,1.2035069044354656,2.247196453817841,4.5317961133639315,22.846690604054864,0.5955729204870632
137,0.9457195136759791,2.3914753238009006,3.0620600579994655,28.435146323272633,0.5959816122797229
138,0.09958802967336453,2.526065474904783,3.949243175973767,22.705843485382296,0.596370706074472
139,0.02530083506130125,2.004346952482405,3.6847624863067323,35.17986987928482,0.5967401629622553
140,-0.2837621102297069,2.6724566910916905,2.614006106582478,38.73426151189719,0.597089945997692
141,-0.050354823673964814,1.8825245734887808,4.146183026250974,38.63363878549171,0.5974200202027701
142,-0.3093349222528833,1.9790913769566996,4.672873901186653,45.65000698036029,0.597730352570344
143,-0.4165303871489899,2.316554001798432,3.8529994490130606,41.74120808410134,0.5980209120674356
144,0.6559490802222799,1.3466185015090355,5.363879205735692,50.68756853932051,0.5982916696383374
145,0.19417226400805465,1.8464216350317768,5.159993914919167,55.72614494175702,0.5985425982075178
146,0.3585185704796568,1.9602621335628918,6.208662793277406,56.539568084471526,0.598773672682329
147,-0.08580266370196898,2.260910231367078,6.350245667577467,56.25431099445437,0.5989848699555163
148,0.13923959592228613,1.7945734176153507,5.8332847852106395,67.53287960817232,0.599176168907528
149,0.1394832544553859,2.249416843975835,6.591030943968602,62.69876855624571,0.5993475504086287
150,0.12030316273343995,1.674519229654503,6.441477394306224,68.65150172362742,0.5994989973208109
151,0.7771890334504561,2.267117658527904,6.56924684301098,66.16427079629052,0.5996304944995097
152,1.4543504883611929,2.193665123573302,5.8486279884016215,71.277352267904,0.5997420287951166
153,1.7073978910265528,1.8047606096122573,6.644019740398896,55.599628756623815,0.5998335890542952
154,2.7201050286346473,1.8612941418422668,5.774512122965116,48.065851958191644,0.5999051661210959
155,2.9824768589557795,1.8787888160674384,5.525818160707071,55.84235863807183,0.5999567528378714
156,3.2235773466901683,1.8110004882173962,4.252078828712065,51.81143101366273,0.5999883440459933
157,2.8429290610945,1.743911970003672,8.197701389501795,43.02099200824274,0.599999936586367
158,2.9464386490477628,2.3099538891253766,4.154187308530843,44.20481533548835,0.5999915292997481
159,2.0318201683211137,2.019709015133413,3.1914366812283603,28.785398040182436,0.5999631230268582
160,1.2489145563308282,2.0188806765685814,3.846316892924797,25.01353725109986,0.5999147206083011
161,0.964089869562392,1.4138173915740173,3.616313717844094,35.34252236170156,0.5998463268842782
162,-0.09366925191164602,1.8551772177838943,3.9731582042561624,36.11641444095269,0.5997579486941048
163,-0.250944061422571,2.1802482120028626,3.8717221458937905,31.90883329697707,0.5996495948755265
164,0.024964729277168907,1.8815550810050656,7.152371079425826,35.655281295886574,0.5995212762638348
165,0.15130042861051046,1.6781656891674377,3.5776896262859337,28.39989123433666,0.5993730056907838
166,0.04828792576833847,1.795658630292657,5.284842062333727,39.52470570296988,0.5992047979833074
167,0.09948512978494745,2.0547561743984093,5.5289597847232566,47.26848992324319,0.5990166699620361
168,0.8217385247610403,1.7541293138641891,5.511829126209369,49.2405612583303,0.5988086404396152
169,0.16422417546238233,1.1639373045175672,5.71035315721008,66.4795781515418,0.5985807302188237
170,0.30635206326339126,1.5574263368815562,5.280055165443018,51.20601643094783,0.5983329620904938
171,-0.39716915475852904,1.819532911642276,6.088098027961006,60.20511251045429,0.5980653608312316
172,0.07301070328816814,1.301390468496923,5.470434001923547,71.36508810373157,0.5977779532009403
173,0.1548164066809398,1.757426860120901,6.235559850915132,76.22084478469839,0.5974707679401433
174,-0.07289581832253171,1.887380503090025,6.545087255027463,73.55783618384275,0.5971438357671107
175,0.6012612397744832,2.4024957284572794,6.760334331999694,69.02649495225685,0.5967971893747874
176,1.5793040317373415,2.1653344767988836,7.194589930288469,62.09362688055428,0.5964308634275237
177,2.0583968564284567,1.8366357371465967,4.972402714684653,68.88693867881864,0.5960448945576091
178,2.4793250947767946,1.183050804335673,4.705644607838984,56.70339690469146,0.5956393213616089
179,3.1276775924108016,1.7907099469486805,5.055853642747134,57.26390737298351,0.5952141843965049
180,3.2671132336681445,1.2618996272868541,4.778209346151317,40.45665562703318,0.594769526175639
181,2.958303346102825,1.3727545890677821,3.8980555523488807,37.111598067081125,0.5943053911644631
182,2.507230640410094,2.0102188500670777,4.237539162552989,45.070689459267804,0.5938218257760913
183,2.2241944870527326,1.4365201421032476,3.908147422812638,29.374592434251362,0.5933188783666595
184,1.6658916861226785,1.863112618621219,4.107629953626211,39.8613971867123,0.5927965992304897
185,0.9025815287629871,1.713030655904186,3.2567869755184753,37.06083515918419,0.59225504059506
186,-0.2906728699313574,1.924814802727936,3.550769932363074,39.63305563377879,0.5916942566157829
187,-0.06760355547124557,1.5844382636102297,5.617792415368436,31.004347776597186,0.5911143033705888
188,0.07182666635876091,1.5873028128517943,3.5507136976075375,26.157045408987262,0.5905152388543191
189,0.12444408289358658,2.0847537382048094,4.701431307470734,36.722398026199755,0.5898971229729262
190,0.19215638896864562,1.8285176970035741,4.6515339388231105,48.351038553798034,0.5892600175374829
191,0.15167406943335393,1.7228222831622835,3.5802380551924213,52.086751877918914,0.5886039862580021
192,-0.22686369660612368,1.61213454047495,4.539972818062951,52.19839594844689,0.587929094737065
193,-0.14148417751275735,1.7714146636966048,4.7085754190328055,52.97461592473938,0.5872354104632612
194,-0.24428583301915371,1.5643951499958484,6.174849802053835,62.69599887716116,0.5865230028044401
195,0.3608953283159452,1.7739273819501113,5.847842745155382,72.35987241161068,0.5857919430007739
196,0.03608196138230927,1.5582833284623336,6.114320188878975,65.84177364127628,0.5850423041576337
197,0.11063285483156243,1.0706823858188823,6.347178640512748,70.55791707649198,0.5842741612382791
198,0.2066058131855243,1.0769884148709168,7.219856653342723,81.06918796525471,0.5834875910563619
199,0.7106566483674209,1.369938558470822,6.287480057140805,66.16097436175825,0.5826826722682451
200,1.26979941117177,2.1640306723673346,5.960730655133603,65.69909577555703,0.5818594853651364
201,2.0360158493885887,1.974956811809612,6.3814327690246975,74.22862399974176,0.5810181126650402
202,2.5684467731178557,1.4384589170949764,5.480707184555354,61.709771549927176,0.5801586383045255
203,3.1980648619185206,1.3110992376000181,5.412422869826631,49.36107725553747,0.5792811482303121
204,3.173919639508989,1.3978188024931593,5.358938277269117,50.151466317994064,0.578385730190676
205,2.6803593638987167,1.4766867033902895,4.989847397440046,36.88236741902898,0.5774724737266751
206,2.730920494032442,1.9019141515570106,4.472368146860551,44.52534391222714,0.5765414701631948
207,2.268297277107833,1.3631206029362006,7.061057309939437,39.840635639608976,0.5755928125998157
208,1.287726851213832,1.0840425613288032,2.5043209089381886,29.526616437456177,0.5746265959015033
209,0.7547537705237662,1.3737994344526874,3.5315451339285873,25.351213728509855,0.5736429166891226
210,-0.3700807947582949,1.160063037016148,4.380219199058438,33.51306796286413,0.5726418733297748
211,0.06609761279978403,1.971297546093035,3.375189887938662,33.939285682060785,0.5716235659269618
212,-0.06313864206055474,1.4716119046534062,3.636270708798905,38.35388169992513,0.5705880963105753
213,-0.2700004205331089,1.5425002590530021,4.270961410463937,41.41653520062731,0.569535568026714
214,-0.13963419951657857,1.4963477489865342,4.175702603499241,43.663351311461604,0.5684660863273292
215,0.047990239654577285,0.9253895120284538,5.427840780778904,44.019976005049166,0.5673797581596995
216,-0.11058988791264444,1.578545087391153,5.593600897465813,46.83377003615112,0.5662766921557366
217,0.05990536263603167,1.6508233156633063,4.337706984866171,58.536906204777395,0.5651569986211217
218,0.11053273912083982,1.3794088059448282,5.843177460690246,69.83560480541854,0.5640207895242748
219,-0.16808860249829938,1.6074105941142451,6.318452257050281,66.91206833898588,0.5628681784851592
220,-0.06245413393172875,1.3951907085839594,6.191729150971135,67.15751405637344,0.5616992807639181
221,0.42893561782220746,1.4666736779616,6.827268603089504,77.40164760777066,0.5605142132493495
222,0.02422111631566573,1.7364752136732498,6.120188300140822,67.2447451114946,0.5593130944472173
223,0.6070913849191835,1.375454743260856,6.5292879170566165,66.83410323720679,0.558096044468401
224,1.5120924898005823,1.648268191557228,6.105714551680915,66.32110782678464,0.556863185016884
225,1.8536025675859382,1.5215388186101826,5.869919837127785,63.796278276492494,0.5556146393775843
226,2.8246254265399857,1.4972226666278496,6.419082257666326,54.9263084088473,0.5543505324040252
227,2.971838447416653,1.34508185307227,5.68132765027889,62.18503338701376,0.5530709905058507
228,3.217161280804419,1.2828494768412,5.244233759124713,57.24635693105089,0.5517761416361844
229,3.078213357955323,1.499002104408977,5.02121982214474,43.821135941673006,0.5504661152788342
230,2.6761355013154686,1.8565864002967825,5.142566654088497,40.67946963680555,0.5491410424353441
231,2.316422226005356,1.6149304333016616,3.6789409345957114,37.88356253566465,0.5478010556118942
232,1.5383147293215553,1.8636250308189117,4.3376687598669355,32.66449601254138,0.5464462888060503
233,0.6440153329487133,1.5110021027668756,4.512045528222907,23.27409672657485,0.545076877493364
234,-0.2047029969596057,1.033751757554443,3.605224026208163,25.980730912418203,0.5436929586138253
235,-0.08963496466887373,1.8625358319919783,3.885656800435706,29.664694203417003,0.5422946705581689
236,-0.501091626414879,1.4943325389783253,4.498993905081204,29.805306620367038,0.5408821531540353
237,0.36519889142693385,1.8438981163735215,3.8823207842145817,40.89982062976557,0.5394555476519876
238,-0.3428134822192066,1.7420135110886124,4.599996098656641,32.34338940655105,0.5380149967113873
239,-0.015327912799473787,1.7723928503001418,4.302052725716514,40.5446701071993,0.5365606443861279
240,-0.2635134539508075,1.6574296239059616,5.7452020414568645,38.83116682663754,0.5350926361102302
241,-0.4051187183669174,0.6374698447436649,6.019186179979636,61.562325154419376,0.5336111186832982
242,-0.016449075006626065,1.7781127885763313,5.476319861813563,69.7386169288751,0.5321162402558401
243,-0.06093331696993141,1.617454831565761,5.685485346241149,60.24715184159826,0.530608150314453
244,-0.03194482602427729,1.7624418022720048,6.3819683702292584,69.56460473382182,0.5290869996668742
245,0.10978931196452378,1.808561045715158,6.188878719910787,66.71302027550188,0.5275529404269008
246,-0.12367509701753579,1.6415147208006233,5.932880656445107,77.52133330395976,0.5260061259991785
247,0.8522160284489572,1.745123080590719,6.062940809796543,69.93289385490496,0.524446711063861
248,1.6026502888618663,1.1170083671695465,6.3954729691623085,59.19401442581572,0.5228748515611423
249,2.054351518468099,1.5879390709673287,5.761258835514015,68.83396111256883,0.521290704675663
250,2.541372308080654,1.775843325244666,5.092165501245066,57.05925655928321,0.5196944288207913
251,3.005462331425329,1.7632922664788295,4.732702211263836,51.498810187063214,0.5180861836227826
252,3.011450189304222,1.3080169134963673,5.633941173708536,52.528431508289415,0.5164661299048164
253,2.9295951761972487,1.0262522475052307,4.327681355760604,50.00233011023694,0.5148344296709145
254,2.123195674540065,1.4016472917104343,4.306470689994125,39.66527928049444,0.5131912460897405
255,2.1330243306157772,1.6013167401082782,3.755160818371973,37.16831476316325,0.5115367434782834
256,1.575309182206808,1.6757952303732098,3.7310541508513055,34.0472592740235,0.5098710872854253
257,0.7493611824469267,2.0901190694977014,3.395822495985519,23.84504223650302,0.5081944440753977
258,0.0671816790218723,1.9776748035732863,4.243094473395745,33.52043464696908,0.5065069815111243
259,0.3808751818360506,1.3904349320080607,2.2487248558577164,34.705389294951225,0.5048088683374552
260,0.01707288668453005,1.8083560307761188,4.271123771600967,40.92880656606437,0.5031002743642928
261,0.13306685558444534,1.5025144067871112,3.5050624747821617,34.91476344724068,0.5013813704496107
262,-0.1699991005430132,1.87073688916486,4.563829501703483,46.00384880431851,0.49965232848236774
263,-0.17046835933768356,1.438392480381251,4.635694558386789,44.992181872751146,0.49791332136531996
264,-0.09599702230653019,2.035909102010236,5.869566924269987,60.310151877641026,0.4961645229977297
265,-0.2039298198951859,1.488845829920035,5.572696553179341,67.12280490716815,0.49440610825797654
266,-0.001520227682659132,1.5547839558833454,5.797591628040617,65.86517213176607,0.49263825298606906
267,-0.18676613228337868,1.3940259551957543,5.888783268107497,59.948521717742395,0.49086113396606135
268,-0.034999368746951996,1.922947907163933,5.90980723040824,71.96332398515442,0.48907492890837423
269,-0.28742868644615593,1.7057319016438222,5.966239200396103,75.61156571259927,0.4872798164320253
270,-0.3304400582483162,1.8224511865077373,6.3180818519320905,69.52656212426753,0.48547597604676596
271,0.6413247775073961,1.9260074967884908,5.815371297767483,71.95626294251606,0.48366358813513183
272,1.2865865752433352,1.4593471461665786,5.94620999668265,72.16996688280541,0.48184283393440347
273,1.990734114531987,2.2169077099022036,5.625584302930225,65.25100409665536,0.48001389551848395
274,2.475657261319754,1.9595490412855163,5.256919594023557,57.47518970593212,0.47817695577969044
275,2.8275249866486503,1.807192567729884,5.004612488281897,51.98182415569774,0.47633219841046637
276,3.209095597527701,1.7464685889498073,4.8977400200762276,52.40250733919435,0.47447980788501115
277,3.1715806837473988,1.6786156927289182,4.1865968684416535,43.736859060703466,0.4726199694408337
278,2.7431468632247276,1.6054745855020216,4.396896602768252,35.487355027154244,0.4707528690602286
279,2.0494254517306367,2.0500051075657524,4.1151032981177496,30.5783404323632,0.46887869345167804
280,1.799390357904497,1.8412555748206945,2.8894320524337496,27.56417807405107,0.46699763003118105
281,0.47023491378907506,1.7865431854450127,3.4662883795285446,28.96534833037043,0.465109866903512
282,-0.4046727878015704,1.6356306561604372,3.0149296957300757,27.528627205862925,0.4632155928434108
283,0.053594515295726286,1.8628631097852126,3.057726908532088,32.80182934827299,0.4613149972767046
284,-0.00044128908193234436,2.43320551586209,3.7968359503664,29.01027810450648,0.4594082702613665
285,-0.02785837655372518,1.9697055187083765,3.752530053324222,36.96169562654791,0.4574956024685089
286,0.006513093862498278,1.246453166329565,4.043339940080116,41.77269325757139,0.45557718516331736
287,-0.32811204496096835,1.1604800769514263,4.714608831490418,44.44233546548907,0.45365321018592364
288,-0.23133983410362832,2.0744427077248466,5.3977400495135015,50.756398067325605,0.4517238699322222
289,0.24680693627291503,1.459347042629922,5.919707122364781,55.26851167689039,0.44978935733463055
290,0.20563697983122875,1.9674137641425684,5.221987872861377,45.6926432821685,0.4478498658427965
291,-0.14437594522198066,2.077833523539042,6.227061774021012,66.50112680298167,0.44590558940425284
292,0.38663139326981555,2.1095358949937517,5.6909325732588645,69.85941174187347,0.44395672244502343
293,-0.21415926512743472,2.5067905322768596,4.781603890710073,78.74572853884129,0.44200345985017986
294,-0.11427632157664853,1.8027569353822857,8.635780882584365,69.56518436352027,0.44004599694435415
295,0.8349435487735494,2.000250206817044,6.308956694539137,71.53863370627715,0.43808452947220544
296,1.2610000210150232,1.7641362504907205,6.694750099153945,62.56565719117452,0.4361192535788466
297,2.0237342347212697,1.5652502936160355,6.29579417311645,62.75523572797525,0.4341503657902291
298,2.563461978308221,1.7320679996601394,6.076071294087835,61.996891120944596,0.43217806299349115
299,2.8187081986338436,2.4107036534406485,5.69561150959924,56.91356856725457,0.4302025424172688
300,3.174168152921642,2.4242541073102863,3.7904171662835444,49.19854289016113,0.4282240016119735
301,3.01633883822343,1.7526278391580188,4.263463248320989,35.50129726222202,0.42624263843003685
302,2.378216749527631,2.248589800195017,3.7635186061552712,33.06014249283403,0.424258651006126
303,1.9850142146668377,1.9655502511290062,3.8711971928868616,30.250359083490586,0.42227223773733
304,1.5360133369870423,2.296689014503126,4.221876145972575,30.67179519740514,0.4202835972633204
305,0.7630709265082597,1.773003492642888,4.122408047371628,22.51882066146681,0.41829292844648747
306,-0.15754990806385977,2.1433792058487633,4.3689122369177245,25.088412132172003,0.41630043035205383
307,0.08495073445505825,2.1024824064925474,3.5089499198418523,28.16251667481712,0.4143063022281688
308,0.1639770233068767,1.8079717437217067,5.93123555314501,28.434708174466977,0.4123107434859827
309,-0.12622373651701924,1.9130797638183628,4.220520110400915,46.007017462856126,0.41031395367970697
310,0.1578119297164627,1.942178968467932,4.318214052415423,37.930358491199996,0.4083161324866581
311,-0.3243347605962662,2.1067120619305313,5.440166082217053,45.83311340381471,0.4063174796872908
312,-0.32209985170219263,2.6126831464459257,4.5236951791383575,49.44495690441923,0.4043181951452192
313,0.09998795279400952,2.6021063898363206,6.43711375592613,52.39486780994731,0.4023184787872317
314,-0.16690304147709564,2.615194016796042,6.557153985883928,61.257502876851945,0.40031853058329736
315,-0.1993919374148356,2.3255655206867045,6.560113901574795,71.27841953258996,0.3983185505265703
316,-0.05267761541009765,2.4455385046794533,5.85801986260618,69.45990741839707,0.3963187386133893
317,-0.13547209834861482,1.868939414641954,6.161747006488465,62.86891112510633,0.39431929482327926
318,0.06541340760374736,2.1934494430919713,5.722612608697101,66.68973036233771,0.39232041909895293
319,0.48538524631191243,2.5195922665283925,10.141841177936787,68.82426560608913,0.3903223113263172
320,1.4256961751288382,2.3037707353899264,6.712861340541934,69.93378283332443,0.388325171314484
321,2.7535135374688195,2.0086162919954975,5.654858243390922,58.29625226783041,0.38632919877579047
322,2.620066413917468,2.3612965196215674,6.47797193128808,68.81331805330052,0.384334593305827
323,2.515072835207788,2.2908590251589223,5.665692001608702,50.80846305123864,0.3823415543634785
324,3.1199640858916444,2.290251032202071,5.10027472481452,52.38214936981153,0.3803502812509783
325,3.007654371959039,2.083187277606632,4.6252134682645885,39.06994680899251,0.37836097309397837
326,2.8748324183271965,2.4556338116551717,4.808232668439901,32.321192252398745,0.37637382882163656
327,2.15099019223994,2.2151887239628625,3.736430605689497,47.029746112807274,0.3743890471467241
328,1.3692917111930905,2.0423338071211363,3.4472994310952525,35.72634403951942,0.37240682654575463
329,1.058223932100058,2.279036831505544,4.23122373788255,28.449127442590274,0.37042736523913633
330,0.14241224548517098,2.462364916537671,2.680050703440783,30.596484016449025,0.3684508611713504
331,-0.3601432081571843,2.7048647962339025,3.3269521234635406,28.84599251928892,0.36647751199115636
332,0.14951978835585356,2.652068546762616,3.725873875939702,28.481483530059485,0.364507515031828
333,-0.0465794002097554,1.7880363131966146,4.8730478213129995,38.07294614624579,0.3625410672914194
334,0.222129056062825,2.6424987918788343,4.654632826399881,44.75487030958312,0.36057836541306604
335,-0.07466776258729352,2.5043726813247478,4.238950283403667,42.502150023753686,0.3586196056653201
336,0.15722921396465758,2.483706031202831,5.8081039335613545,49.37792240093713,0.3566649839225241
337,0.038833739131645645,2.766438082870004,4.83509557590105,55.098065897184036,0.3547146956452234
338,0.11724081954415322,2.8641275062076526,5.709526755984188,60.504181383792826,0.35276893586062064
339,-0.00407745835441593,2.565853231479694,5.433803846118759,60.813170653416634,0.3508278991430726
340,-0.08288171950585912,2.341886684431375,6.690755301163101,67.66574820878962,0.3488917795946338
341,0.013462682470404351,2.2215186784822336,6.546055306032375,66.76249466780872,0.34696077082564536
342,0.1263597847568733,2.4585589979982383,5.712945865581201,67.03681929439033,0.3450350659353752
343,0.859975681412815,2.517786456632995,6.064684024780188,69.03869399997168,0.34311485749270754
344,1.8230352537023273,2.2015001323158465,8.890978598578881,73.57055091108427,0.3412003375168865
345,2.206441585778309,2.935296722574712,6.683434011229001,64.80325543234831,0.33929169745831417
346,2.7251489629008083,2.8852969276394353,6.399907673513633,52.55826817304246,0.337389128179406
347,3.318223332357719,2.6915145484667757,5.415025806438157,58.15315578143071,0.3354928199355042
348,3.0132252833669004,3.009730328558651,5.735966505104848,53.65185612886952,0.3336029623558532
349,3.004889148983919,2.712362651126929,4.141611464848089,45.196578479565936,0.3317197444246358
350,2.4774480529217175,2.3411047578566766,3.7947777662170132,38.67831538508407,0.329843354462076
351,2.1297118693990416,2.725620506609599,3.7490911012287063,39.434112002407296,0.3279739801056064
352,1.8283829274943892,3.068159330531917,3.321272014981181,51.370646407734384,0.3261118082911046
353,0.8387966766400072,2.396503305205454,3.288739590702596,26.906128809768536,0.3242570252342005
354,0.2902339799563037,2.088868842850028,3.2872811582810457,30.186399526304598,0.32240981641165395
355,-0.2129855760157427,2.7677297749000234,4.061418065407954,31.127682766075694,0.32057036654280807
356,-0.28016909096231224,1.9662427611455175,3.219267345694347,39.09220248300926,0.31873885957111664
357,0.06150510533945223,2.1789552172247335,3.9627100707968084,33.791164403772946,0.31691547864575087
358,-0.2739277345252537,2.5950352088710433,4.527028913606204,38.743081834324215,0.3151004061032835
359,0.5340674489599389,2.3681106548079707,5.274440674594967,45.661004902563334,0.31329382344945644
360,0.2496900596039954,3.0102936173103103,5.4985398954790075,46.29240849852473,0.3114959113410295
361,-0.24914531061087009,2.5014276302914786,5.753105040857344,59.36016590728661,0.3097068495677154
362,-0.033433754870076,2.691855627144449,6.092096770147107,56.16621435404373,0.30792681703420033
363,-0.11532218605700693,2.8376242857269602,6.0354465426466355,66.61251581241083,0.3061559917422546
364,0.08320434981355251,2.521797699224874,6.20061532742598,74.85202460946296,0.3043945507729314
365,-0.011569452528380028,2.6639441924403733,6.3028329559561,77.30111422929333,0.30264267026886016
366,0.1863774715784624,1.967954856679711,7.755457529335872,73.19780360017329,0.30090052541663104
367,1.0701235618514922,3.122598857863195,5.852203658529932,65.2035470126812,0.29916829042927773
368,1.4557358114537413,2.541357822963424,6.421890241536026,63.39080391877318,0.29744613852885526
369,1.886689219271086,2.4366596732441086,5.912563389534137,68.39609949653392,0.29573424192911874
370,2.7106100269791877,2.327189919046612,5.880072527583638,54.50201182667918,0.29403277181830134
371,2.864874467408514,2.577737323246856,6.291727432489194,51.95750168282901,0.29234189834199653
372,3.2289710752001217,2.3359763731607956,4.5529372924993305,46.2132848338884,0.2906617905861426
373,2.8673539415070417,2.577240615011014,2.9730057908595633,41.43438994967819,0.28899261656011527
374,2.7640340205303375,2.3179759130830355,3.482062692085116,42.01922165642595,0.287334543179926
375,2.1885335338896144,2.0815942254253303,3.9676171155801274,34.74531909154957,0.28568773625153127
376,1.4621911897068494,2.279351677227569,3.1961298354334278,34.056331928748804,0.2840523604542515
377,0.6865914151642982,2.261295667199353,3.414594680347791,29.2853765116401,0.2824285793243035
378,0.1427048895402244,2.6205133427308205,6.099605262693657,30.74203079185523,0.28081655523844723
379,0.5059469748426895,2.544064865339572,4.233697674789944,36.40895046495575,0.2792164493977479
380,0.16752315879320423,2.3505102718157294,2.9876618007551077,27.55860500514467,0.27762842181145625
381,-0.026336480650368817,2.5995115980409693,3.775575740158543,41.13868416512232,0.2760526312810074
382,0.14151857320818784,2.3120449370079084,5.332635021895299,29.30412050120278,0.2744892353841414
383,0.02281077558547176,2.485773325933094,4.710355885513659,38.6395646679316,0.2729383904591449
384,-0.2561790355885341,2.4109355895523312,4.711356213659666,41.40794770840116,0.2714002515892182
385,0.06196925547695026,2.6183669614426672,6.149485982300934,54.65236156773917,0.2698749725869666
386,0.3096581387925356,2.2295879201043896,5.107167673902569,56.11589634101799,0.268362705979019
387,-0.06316560863447379,2.4452328686440996,9.955691555813662,64.2805656763827,0.26686360299077616
388,-0.2251807561394812,2.477642896413664,5.909066563216558,65.51167412412448,0.26537781353128764
389,0.09769933318768406,2.1569617006489974,6.432368010606072,70.95664193689139,0.2639054861782612
390,0.36618933139692567,2.497207658225334,6.613117077299905,64.03568432943254,0.2624467681632052
391,0.964492333855108,2.4659782924551887,6.044302627956274,62.43052939333327,0.2610018053567056
392,1.7037434093786215,2.751966634736959,5.632188353179078,60.10998754391128,0.2595707422538389
393,2.581796001268113,2.1420847508135408,8.303210053567827,66.54040858824271,0.25815372195972275
394,2.9222948068879373,2.0327415752102684,6.681224120379836,52.54873494644948,0.2567508861752059
395,3.0403141335631045,1.9816371702641198,4.7104768687917264,55.70553365429794,0.25536237518269755
396,2.958259274177497,2.5254186853706706,5.152329393601653,28.49588251728469,0.2539883278321401
397,2.9253010771281973,2.2971814521247222,4.6505854028596065,42.58887123015939,0.2526288815271234
398,2.577405777693181,2.1562342203392904,4.971249399703784,38.19761898440409,0.2512841722111451
399,2.2909904569393142,2.5192720752368563,3.1194769482034665,39.25515717050519,0.24995433435401623
400,1.3233748877772193,2.7007417207236615,3.3642422432707657,30.906783235176896,0.24863950093841436
401,1.0855345006019328,3.002288433136496,3.1291055202657923,35.57239699369356,0.24733980344658535
402,0.029168014628764637,2.804150935828199,2.2816736011342282,22.625793279224503,0.24605537184719525
403,-0.08002121129543167,2.234890872676983,2.930990550322537,22.045608344576586,0.24478633458233356
404,0.1630412082874753,2.856848040380946,3.9312747975586433,32.624600987383566,0.24353281855466946
405,-0.4149844730325537,2.193664739816862,4.102475020873819,43.7980147632072,0.24229494911476102
406,-0.16688747810882296,2.536915250025868,4.134753313558195,38.02839050878566,0.24107285004852064
407,-0.13154368942150693,2.6367328197547106,3.7988342892432856,47.65404254979001,0.23986664356483647
408,0.16411286644616527,1.9585969889272385,5.163227536153595,53.33184028459751,0.2386764502833519
409,-0.09783140025212501,2.432763630903414,5.82839536574604,58.6834450425128,0.23750238922240316
410,0.28499340681040114,2.415544437496684,5.5318591590784925,54.380940427390996,0.23634457778711795
411,-0.0893715793541488,3.033287964258455,6.355959007560155,66.97544423293016,0.23520313175767485
412,0.10422188619531275,2.191693221215841,6.103197433993489,60.20799940780629,0.23407816527772585
413,-0.14163887603660022,2.592382485797595,6.5568033277082876,67.09888636240197,0.2329697908429813
414,0.23110611792577684,2.3066368313371246,6.203176600855278,63.20837370036999,0.2318781192899611
415,0.7255510434386613,2.3764928475329885,5.883530619675671,78.37576303851432,0.2308032597849107
416,1.6037849848324763,2.065090923808404,5.912209534904339,65.65762875581407,0.22974531981288512
417,2.0227213612687343,2.6301468894050144,6.310860271209653,59.94399912613752,0.22870440516699977
418,2.3807665807765144,2.701924933038513,5.332012908721831,60.945088504387165,0.2276806199378519
419,2.8515939794109855,2.676651537977482,6.410318757253806,48.80336643523412,0.22667406650311117
420,3.2196020077516323,1.8025144463535887,4.9449654587062915,54.43474530101376,0.22568484551728238
421,2.6942018688028138,1.748174312081217,4.142974328361076,47.164629153781284,0.22471305590163973
422,2.2921979402540726,2.2737819926008096,3.9465627543231223,41.0595499167015,0.22375879483433495
423,2.059722796209991,2.6255847247598387,3.7457625733160995,50.463216839968126,0.22282215774067948
424,1.6561508712045352,2.519609527851596,2.9733503558287575,31.18563550125348,0.2219032382836023
425,0.5652892075944004,2.19291552326288,3.5239096705957613,20.7749282187391,0.22100212835428332
426,-0.10877667627396566,2.0547136398296924,3.399325976815833,23.571499869323745,0.22011891806296446
427,0.03686034787967173,2.7549937274455756,3.1298159189940313,22.379406209365623,0.21925369572993894
428,-0.06613516869751551,2.6688523354692055,4.337143677425821,34.782142178719944,0.21840654787671893
429,0.057441640432016175,2.015051086418392,3.731784021507302,30.688373805607785,0.21757755921738395
430,0.23790562738086662,2.20552098428345,4.244969153640167,41.696741447280964,0.21676681265010903
431,0.004240309571424016,2.1874084930232693,4.296327636252215,37.29416954738289,0.21597438924887527
432,-0.013081936067815082,2.828627441532985,5.3321898460197845,51.08151930253841,0.21520036825536243
433,0.1532231807070191,2.4083979576647954,4.740729408191229,54.49589596145302,0.2144448270710249
434,-0.012327016924409918,2.5238856976797637,5.480296701822128,53.035668021403865,0.2137078412493515
435,-0.19057943042533176,1.9148933978440865,6.469751427748214,60.952975277781285,0.2129894844883102
436,-0.20289261270403275,2.2507286255957366,6.562187720766973,72.25532345599544,0.21228982862297843
437,-0.2230527926075243,2.126058290821761,7.3427826106030665,68.12459059942735,0.2116089436183598
438,0.38252013569815513,2.1926542680148446,6.357212254869779,68.32336837997262,0.21094689756238735
439,0.7674044946811494,2.2603105799371077,6.460572459716924,72.84682340477609,0.21030375665911488
440,1.6153819435612362,2.1066340913915456,6.283075114282107,71.65322632224236,0.2096795852220968
441,2.264881482584888,1.8012569743596754,5.943964541907706,63.0471637956455,0.20907444566795674
442,2.410276411805541,2.456177408070208,5.632395238882201,61.194610172078434,0.20848839851014578
443,3.023532640307135,1.8157652975802299,4.952687290024832,42.153137027209596,0.20792150235289134
444,2.8871013135876846,1.850120239484906,5.521478091948196,52.70186483432941,0.20737381388533668
445,2.48021598640946,1.5259629290480476,4.375175392736726,41.40130266812848,0.20684538787587226
446,2.5550661850183065,2.1721430966995974,5.223655520525121,41.4873574559006,0.2063362771666586
447,1.9063146307726946,2.0937080332262,4.137528869841682,39.66424075765884,0.20584653266834235
448,1.4324055701271132,1.848433548865856,3.2197125276469465,32.400902595514005,0.20537620335496523
449,0.8450996817468728,1.7748788723967408,3.4260159360527336,25.91980953525556,0.20492533625906673
450,0.4565079279095429,2.075405509846274,3.4947930027647574,31.776483655779796,0.20449397646698061
451,-0.0991557696428989,1.9258986458809306,3.4667528842493103,38.51909667043333,0.20408216711432664
452,-0.03279256646791895,1.6964270020416765,3.2023618908420133,35.288318288612295,0.20368994938169693
453,0.07432443225207298,2.1295550746464214,4.631496431137107,37.23811184333666,0.20331736249053786
454,0.03730430399720258,2.254978858959327,4.220629216601456,37.617401393494106,0.20296444369922811
455,-0.03168584483768801,2.082601396490962,4.670381580312146,50.501937170822615,0.2026312282993527
456,-0.216585911439419,2.2164981051817914,4.522501798407799,41.41821624698245,0.2023177496121739
457,-0.19132510401298677,2.0253756849785316,5.119643469188912,54.796030901330234,0.20202403898529922
458,-0.036675347011306286,2.405567700362464,6.067583689492343,59.853899653542776,0.20175012578954662
459,-0.2319613792553216,2.204291531230912,6.472915861663348,64.19637094376058,0.20149603741600738
460,-0.13155367248978375,1.8218156807059689,6.29191130847312,64.57710215547998,0.20126179927330712
461,-0.2502896812628656,2.241338247854192,6.7987559226127114,67.17026096736845,0.2010474347850649
462,0.22489657213849484,2.010344225472052,6.746741976255294,75.67239908317535,0.20085296538755093
463,0.4768891742060385,1.7396197392789732,5.483273157153794,68.9440708671878,0.2006784105275429
464,1.8804034446601072,1.6812059896486429,6.229779920840145,64.90615882326034,0.20052378766038137
465,2.005243735948699,1.785278804492464,7.853193202706248,58.91193388703454,0.20038911224822412
466,2.3870930764833345,1.2767328635838227,6.210734451523271,55.00859836435317,0.20027439775850023
467,2.6612260380042407,1.6252918215586338,5.738531182494982,54.58743582467353,0.20017965566256304
468,3.1558960108746996,1.6953036384892428,4.1473476115626955,53.99934524936803,0.2001048954345432
469,3.103097068980214,1.3704810872824473,5.023997919456065,57.658547218317594,0.20005012455040122
470,2.4283430111331836,1.562210552411699,4.1037782889915855,47.75029228292108,0.20001534848717983
471,2.187628273181021,1.5169362877182846,4.191737189349892,39.11694481818666,0.20000057072245642
472,1.47008172947042,1.3425430650316201,4.342101851268373,26.650140270808603,0.2000057927339951
473,0.7279690152812223,1.7514141376543941,4.2143673599077065,33.64168453570869,0.20003101399959913
474,0.030239435063386468,1.8451655189643874,3.858359877560594,29.46123306681691,0.20007623199716293
475,0.15301389619249384,1.8764817647503769,4.596227794745954,21.577235308138775,0.2001414422049244
476,-0.3833261038018243,2.105482560003209,3.927576586676858,25.635742950763337,0.20022663810191718
477,-0.44546825845949256,1.702963584336803,4.0697941424164235,39.567534516872406,0.2003318111686225
478,0.04133797947630001,1.6029724718874512,3.2464343573112964,39.80941303594054,0.20045695088782134
479,-0.014175271191646284,1.7383225118211585,3.7443825108625113,50.22011539588608,0.2006020447456461
480,0.1369519937897819,2.1022679242603637,4.623052049039867,45.65315926825455,0.20076707823283188
481,-0.34150781011021863,2.195349442658678,5.64589916737527,52.16937907936803,0.20095203484616747
482,-0.19731393298576844,1.5444867451834015,5.951664691104043,57.5421684804801,0.20115689609014575
483,0.30870726782071395,1.8231397758629002,5.6740277976192095,68.19067049429722,0.20138164147881293
484,-0.26205410578956306,1.6486592416138086,6.072385397739486,77.50114558079544,0.2016262485378175
485,0.07268679437591741,1.8584388552652455,6.5903054358849,59.694491323514534,0.20189069280665736
486,-0.15897448891258706,0.9484554946600848,6.5458287929206325,73.9466964234868,0.20217494784112605
487,0.6953998819437162,1.543973801388003,7.168727099691201,75.2385601976614,0.20247898521595695
488,1.2244484137007807,1.1022674666508667,7.080047687552506,74.48473475519313,0.20280277452766593
489,2.358530078696916,0.7135899099011714,6.0032092613247805,65.49075112874647,0.2031462833975917
490,2.2173119827647296,1.7609871898453142,5.955867038506784,64.79393757269547,0.2035094774751335
491,2.6581494032037893,1.3641085075804489,5.88838399396285,51.11401369751862,0.20389232044118621
492,2.8179868714754894,2.018459290497563,4.811209607860407,49.542405205224654,0.20429477401177232
493,3.1330683174038443,1.862152130695234,5.463112372668494,48.32232683217083,0.20471679794187006
494,2.6579183452778503,1.9974834143684448,5.246958100060406,40.33207673437509,0.2051583500294382
495,2.257173779164444,1.8593802851062773,4.099835127997784,30.72095314378278,0.20561938611963584
496,1.4964678640019098,1.4678854887234973,6.821384107932542,42.90222011188947,0.20609986010923825
497,0.8236653198904128,1.712557058402779,4.070333200664614,30.845587157877226,0.20659972395124682
498,0.09880717418705173,1.1409778212335797,3.326739212424283,31.97894098207869,0.20711892765969392
499,0.3092555291735288,1.226189989279639,3.3743803226435687,24.891322863032567,0.20765741931464132
500,0.04937150169336152,1.7314764880834828,3.8335990985011645,35.092617280466314,0.20821514506737232
501,-0.29375515985745637,2.112231249569324,4.574491279299698,35.700026265177016,0.2087920491457764
502,0.22941998848238826,1.6360227576519375,4.2573252351719,42.39882444484082,0.20938807385992647
503,0.019111396902374837,1.2277140345146436,5.78954204693349,46.0569865086581,0.21000315960784785
504,-0.22148774525512743,1.5387596459456276,4.20410613679886,56.99296361613778,0.21063724488147823
505,-0.03525722825061972,1.7372320811299558,4.64443712034031,48.586954901410046,0.2112902662728187
506,-0.19655113330657437,1.8595019359270057,5.207133341413561,57.24027051005007,0.21196215848027428
507,0.4173365454995538,1.5931290141263883,5.845102385934724,70.06004329109061,0.21265285431518421
508,-0.06892473413637534,2.062316177717283,6.680985743781432,73.53538768893313,0.2133622847085405
509,-0.4004158466293512,1.8644446986923064,6.045477901543994,63.19008309402838,0.214090378717895
510,0.060646886581746384,1.6566632216320016,6.707335058737958,71.40849210072471,0.21483706353445353
511,0.6104821663654811,1.427425434943772,6.035267179775568,64.82308922044022,0.21560226449035674
512,1.7577538813723752,2.2513791553951994,4.879672343692475,74.33188119542078,0.21638590506614663
513,2.148305435993831,1.3951573684353042,6.105865398025617,54.98424893575579,0.2171879068984186
514,2.2423560830883478,1.4305352851624646,5.441171796316917,62.90678413350242,0.2180081897876579
515,2.797619180964114,1.2454836079996499,5.302370775703053,56.3508146306642,0.21884667170625913
516,2.7823676862397466,1.5934523668583167,5.099799139820888,56.49145446330718,0.21970326880672905
517,2.7462063682233113,0.9898586597351476,4.801722108648593,50.79499934940334,0.22057789543007153
518,2.4693272313219534,1.675400018453379,3.9596859389725796,54.3869932039008,0.2214704641143531
519,1.7195634380701603,1.0207886223268603,3.544402381678574,39.97205131434848,0.22238088560344915
520,1.5392525788163316,1.701984205796312,3.3786319492229344,27.29848607338797,0.22330906885596938
521,0.6012778613045728,1.0675493796672268,3.247700465734404,30.533598850125017,0.22425492105436204
522,-0.17872184181602052,1.1127286148491091,3.6581000226720364,25.684555267790756,0.22521834761419554
523,0.1503804710340667,1.2648036473867958,3.3730258334715244,28.96964254831433,0.2261992521936168
524,0.3793864487104514,1.5473688734549453,3.4080833953962832,41.020935671568495,0.22719753670298515
525,-0.12581583015970127,1.4197504180297256,2.9141355842238923,45.27199640129311,0.22821310131468162
526,0.3624171054257065,1.187699062259067,3.416534853425125,37.29036307900883,0.22924584447309135
527,-0.4112531481474078,1.432110153277316,4.970394395340173,42.49706999099906,0.2302956629047591
528,0.11254097742307512,1.6604094836213374,4.681076026221114,60.13975203205825,0.2313624516287167
529,-0.11641415149084436,0.946601127079378,5.421145305015727,50.84778062437872,0.23244610396698046
530,-0.01480059497481723,1.8717147244254806,6.131757055010134,55.347882624085685,0.23354651155521977
531,-0.1972992727949282,1.4833691036333114,5.18724433556309,62.08326972593377,0.23466356435359276
532,-0.11894449978381381,0.6920425197504209,6.1837389127209486,67.99338956146852,0.23579715065775061
533,-0.06296236854226271,1.5394784427561292,5.286036914795666,69.26570693486526,0.23694715711000733
534,-0.06938810635885964,1.4337452273681714,6.457132592749574,65.76470309703112,0.23811346871067612
535,0.8587458385752366,1.3585191193159005,6.745366073662577,78.8474563058472,0.23929596882956883
536,1.9652781802242363,1.3946442046023462,7.325668797493621,65.20138889949939,0.24049453921765915
537,1.9945097180323517,1.37241040493298,5.898343728057708,60.42510416356243,0.2417090600189068
538,2.567194218881693,1.731990187793126,5.1443246124429365,58.454136190778854,0.2429394097822439
539,2.547919718104749,1.5655470867189207,5.550118690170698,53.90012793240622,0.2441854654737194
540,2.496084140726224,1.6957142843105972,4.978682195865123,49.3674538909129,0.24544710248880258
541,3.1760099643510813,1.4481325289888762,5.293070207571408,44.557097253534295,0.24672419466484316
542,2.3322069228524116,1.9075117650794797,4.198802739064235,34.52559409309964,0.24801661429368782
543,1.972201060709119,1.47476765273112,4.1886010589760305,38.68156949170029,0.2493242321344507
544,1.5042521699618852,1.704245005751272,2.5308084834784443,29.88485481251415,0.2506469174264375
545,0.9586406382805117,1.481146162751964,3.3993133227048893,28.25360181215987,0.25198453790222114
546,0.0630552163679683,1.4913392571045931,4.06160734729433,30.31929186224934,0.2533369598008687
547,0.37324164105260277,1.8074290508085444,3.7564352129138063,30.70356082621686,0.2547040478813174
548,-0.03649952465513578,1.797266061493196,3.8544313256509715,31.58528029545832,0.2560856654358985
549,-0.36565326790278196,1.567101939677476,3.950401648299351,29.22749800952076,0.2574816743040077
550,0.027791143452113056,1.5923381645323373,5.043954298985609,35.23098582089158,0.25889193488592166
551,0.023890032933010556,1.4535371150918288,4.525566322500398,37.18429141963796,0.26031630615675727
552,-0.16377984002331375,1.7586499483347051,5.390026022943284,53.265103495885285,0.2617546456805746
553,-0.06652785296948974,1.6772437365016768,5.071164582042718,52.007660328248086,0.2632068096246199
554,-0.11727759109539165,1.8313081086039709,6.357047249768506,61.79416067394942,0.26467265277370866
555,0.3469032688810098,1.6454307560150754,6.329453301246614,71.93334392607449,0.2661520285447476
556,-0.12255031153331393,1.5870889033094937,6.190196357263903,71.29957056379236,0.2676447890013925
557,-0.27868840340021517,1.8503271737835076,7.321522958134053,70.79895605535894,0.2691507848688417
558,0.05588675130897446,1.5592613140227143,6.983249495744753,64.12954398455906,0.2706698655487633
559,0.4120108816193948,1.8289029690582075,6.590301950142172,73.30899976829267,0.27220187913435523
560,1.5854034915110948,1.9204048875313597,6.615549495697966,69.67327387501047,0.2737466724255357
561,2.202717893382063,2.059245315697034,6.100187170054309,64.12512991807225,0.27530409094426295
562,2.4292145632302096,1.6834973608578836,5.405757147928243,60.78615383937137,0.2768739789499828
563,2.785813456281628,1.7220437881588575,5.483847476723576,55.77760745962241,0.27845617945520285
564,2.8798959189181357,1.917803352230619,5.722991009959889,46.299095604095776,0.28005053424119125
565,3.220752126279857,1.695572611795518,4.1809562003423535,44.37910997952506,0.28165688387379817
566,2.6770668554292465,1.8322581141860523,4.046981026354544,37.43662616976653,0.2832750677193986
567,1.8805576496706982,1.7193330264659998,4.259526733831073,34.66769064243913,0.28490492396095657
568,1.2505055136777319,1.6717160795647272,3.089895611248314,36.53943530341672,0.2865462896142063
569,0.7609478853818524,1.4813319852618836,3.264604725957789,32.23090469552594,0.28819900054395026
570,-0.0026679502701736526,1.749380306211602,3.4146491970697013,34.03284729165365,0.2898628914804725
571,-0.15366464991866483,1.8852101091989486,4.0174881897431405,37.737367667902674,0.29153779603606605
572,0.05824680200012891,1.7993667927537775,3.361946963527229,25.24705820080463,0.29322354672167117
573,-0.03946618962494531,1.659376268779448,3.39564696121525,41.45446747914386,0.2949199749636242
574,0.21536592990603728,1.8155128482023766,4.082699964096884,32.55687489574969,0.29662691112051426
575,0.08748204637215855,2.197145636365518,5.189447868604081,42.73307233876654,0.2983441845001484
576,-0.018639573265217473,1.7598979755183932,4.630569905292072,46.75914197902405,0.3000716233766195
577,0.02712628321121431,1.5846269561359199,4.867429830662096,56.47050965189594,0.3018090550074797
578,-0.17654176431483648,2.2774775024410525,5.821569264631755,59.74452467265772,0.3035563056510137
579,0.17694883884027357,1.6492379780755186,6.014286419061618,62.97938540998778,0.305313200583613
580,0.07664089269201298,2.2477675449955417,6.618910620847167,69.52882954492604,0.30707956411724857
581,-0.08339882977506471,1.9788676970448202,6.427073254169445,65.4839436330007,0.30885521961703893
582,0.023559309951066372,1.4268836547008787,6.625948296737525,75.35985517282253,0.31063998951891403
583,0.6691200735400599,1.7850703741047043,6.964286856853504,65.20083658627632,0.31243369534737064
584,1.9974369150663294,1.7838026938074711,5.761668419118942,72.7969690547975,0.3142361577333208
585,2.0310481326895125,1.7901839766790206,6.6317662337357905,71.23940127599992,0.31604719643202805
586,2.7018434367356106,1.7933727348533517,5.2524546697305,60.1514683885571,0.31786663034113183
587,2.97066707989647,2.0776031631417884,5.37868821343139,53.633610008391194,0.3196942775187571
588,2.840330254190039,1.999398003681048,6.2590057398258905,56.12009817114108,0.32152995520170924
589,2.898909038293489,2.3118677424852394,5.124454888730773,44.04292085800646,0.32337347982374975
590,2.5338892697868385,1.8517908586327354,3.844558466029195,44.95742983304166,0.3252246670339528
591,2.1712230535065022,1.905187998822655,3.8744522282318647,32.075260380871164,0.32708333171513976
592,1.5512616783154458,2.1384932502070777,3.5357705360641463,28.115332999751217,0.3289492880023915
593,0.9299821518085889,1.9284831397388118,3.8859914675428153,26.34695335574706,0.33082234930163423
594,0.15660401746804803,1.84071220707391,4.1311203428235626,26.7586807556576,0.33270232830829916
595,-0.0814126093627625,2.073070610179053,3.6113609260945654,31.794414517336044,0.3345890370260519
596,-0.10497833342403953,1.6940787392659327,2.3397853899464867,37.8140824043073,0.33648228678559305
597,-0.11796173668311545,1.6634624255929868,4.060402952603458,36.64128006050113,0.3383818882635244
598,-0.17250621722532927,1.8682372339925442,6.765247795657945,43.823708358867215,0.3402876515012813
599,-0.3485745808485036,2.175666552148912,4.320008695946184,43.31299427085319,0.3421993859241278
600,0.12073429212052543,2.272879607601268,5.265801548001265,55.98627729672883,0.34411690036021486
601,-0.015922690404399305,1.7438669162137723,5.0249799650754925,52.9719749531648,0.3460400030596968
602,-0.0422545382858015,1.8865739943583535,6.064111561264303,57.831704163160346,0.34796850171390625
603,-0.33154694888664554,2.1553343762509383,4.400600257460077,60.25390009046703,0.349902203474585
604,-0.30020801796150687,2.1402994460819618,5.396948772028783,68.33249862514809,0.35184091497316816
605,-0.5030878912288385,1.8337330095215898,5.83324922897046,64.08943575694394,0.3537844423401216
606,-0.020592206252219903,2.3429605278818397,6.294445331020702,77.88029179527086,0.3557325912243281
607,0.9103029411556234,2.0079100092158373,6.395344342747489,62.33593776761988,0.357685166812523
608,1.6188618314081957,2.071280366444692,6.426754974005804,63.226906025523476,0.3596419738487742
609,2.10569887608249,1.9209292051707267,6.275517899402341,64.76115409455917,0.361602816654009
610,2.382328313676198,2.4455199159315963,5.023584308099681,60.85661910787771,0.36356749914558084
611,2.8959811529758293,2.443082282065001,4.633177280099234,59.34153674809414,0.36553582485687797
612,3.0004718668647166,2.0705738738532915,4.889318525961189,43.90894671956984,0.36750759695696916
613,3.0389279865173076,2.5124927741936354,4.432293828628418,37.02349808596535,0.3694826182702878
614,2.751249703121062,2.4578640633874778,4.311460033268176,34.474294782322474,0.3714606912963483
615,2.0680729959604065,2.371501047582731,3.1096045480611956,36.713482587033795,0.3734416182294967
616,1.4930629267997568,2.170720755981378,3.277266766572163,33.52110256814682,0.37542520097869003
617,0.9156958857949641,2.44157901800208,2.901098280828055,30.450371573788853,0.37741124118730657
618,0.09143770416364053,2.0054520176629747,3.8375055331118895,20.20546848237419,0.37939954025298045
619,-0.03414031022343795,2.0594527318670695,3.546465303523861,38.10165755580655,0.38138989934746226
620,-0.4337236997806545,2.1398638406918975,3.8449277126676105,30.104835325353868,0.38338211943650075
621,-0.13303603321683394,2.3937288663367267,4.1413103522889445,36.74651100662717,0.3853760012997474
622,0.16774259710161254,2.6094084865743636,4.974641334229282,40.76492689608458,0.3873713455506775
623,0.029965590008681334,1.6959383782081638,3.9197000089584875,45.61579399742035,0.3893679526565288
624,0.19063548005916933,2.2165152683257823,4.181780735709322,54.770073405635024,0.3913656229582543
625,-0.0690483929977894,2.033764906417924,5.416085718320491,56.57010791812662,0.39336415669048863
626,0.01605412366196082,2.4036843895719624,5.715530187194418,59.53277670782707,0.3953633540015241
627,0.15870491917214355,1.87460502275077,5.865086238002415,65.43179677365353,0.39736301497329557
628,0.13756483178418147,2.796006972593431,5.283795758844137,70.3665773882992,0.3993629396413724
629,0.07833657286404759,2.123036186714145,5.991965975601405,65.3527324055593,0.40136292801495405
630,0.21777169318828138,2.7095428612520513,6.932536411851103,60.8229460035986,0.40336278009687
631,1.0435194856738252,1.935111382826916,5.886696092225494,76.75526958528916,0.4053622959035785
632,1.7780692020218016,2.458859209245991,6.9387200431445,66.00395166920032,0.40736127548516543
633,1.790984423601357,2.7985900446702505,6.141930463150726,48.78715976958214,0.409359518945338
634,2.5008124952164517,2.702754457021634,6.725939814655547,50.40226680814226,0.41135682646141564
635,2.8320637848679038,2.0005456441368326,5.215801608081638,50.660697910927155,0.4133529983043111
636,2.9270769994403136,1.996547679187355,5.291741634132071,53.381642693498435,0.4153478348585038
637,2.570254602137873,1.8875007856458317,4.388881036292216,45.89465482586945,0.4173411366420003
638,2.8583002958641948,2.4887216547371454,3.3263771611670525,32.527401571715565,0.41933270432628345
639,1.921059312933064,1.9204028344982744,4.226306548145327,37.29017277633673,0.4213223387562446
640,1.5198998530642396,2.910602253084936,3.550453866011142,34.03268441184072,0.42330984097009877
641,0.2956119247422183,2.6140512288663103,3.145096547515137,36.15413735191426,0.42529501221928057
642,-0.10141476045021976,2.8167311396514365,3.649748739221897,31.684900926674782,0.4272776539883196
643,-0.051609885244206954,2.2478481422332783,4.298532682137805,30.009708240529115,0.429257568014691
644,-0.1871737828653969,2.3409566225070924,3.6371397033163486,23.61178352771919,0.4312345563086424
645,0.14708209229229355,2.412773494636413,4.047563889583727,39.599258229358526,0.43320842117299146
646,0.47609689208628236,1.9979095413799384,4.371312973628748,43.0049580108405,0.43517896522289684
647,-0.17511626601168973,2.0047932251293727,4.587897880896526,50.651270791801366,0.4371459914055956
648,-0.17304199284333233,2.4637707937791884,6.544881123862549,52.40600795824341,0.43910930302010887
649,0.35036363229422474,2.309308900975437,4.853586587487829,47.42012789721917,0.4410687037369109
650,0.11240822751802959,2.4113094075317627,6.754962457229636,60.05154574842985,0.4430239976175631
651,-0.06321880556687896,2.0861871603302258,6.056003244831421,65.16316646565946,0.4449749891343068
652,-0.25591137677010345,2.6176345542773443,6.275939346702952,71.73109691169107,0.446921483189616
653,0.14653000268277447,2.8435352234841513,5.757813427735988,71.8437467006449,0.44886328513570756
654,0.04263173558917002,2.563126931977453,6.445299310174737,77.19839954013587,0.4508002007940046
655,1.0869598220423944,2.3072568452673154,7.0556354201348634,72.57007040224552,0.45273203647455573
656,1.3258095773199352,2.6998443216135843,6.6502354018634176,72.51387775769562,0.4546585989954025
657,2.086608066269092,2.705092588355815,6.203960069433431,61.73556392996888,0.4565796957018986
658,2.5364891335011532,2.5411011967957866,5.5454284840707295,62.57726157585126,0.45849513448597395
659,2.85441122596196,2.195483519956543,5.142087819670711,60.1524862257471,0.46040472380534647
660,3.211526914086021,1.8956906424241518,5.0310756142598425,48.72369998153465,0.4623082727026756
661,3.066251347867031,3.0193280083066916,4.783346054137013,48.607725053635434,0.46420559082465795
662,2.469992429427932,2.6202079943216616,4.4858182614792526,35.992674725622855,0.4660964884410622
663,2.1028556856715936,2.373453744210624,4.426003196097181,39.67267336810693,0.46798077646370256
664,1.453837398377749,2.2748176725894043,3.1904479785652033,36.31969290006904,0.469858266465347
665,0.9542815988852515,1.7876690137487807,3.062387959370154,32.15360420861731,0.4717287706985601
666,-0.035249213305010615,2.800393958411973,3.722849604204815,28.603870271003505,0.47359210211447694
667,-0.22359237012674338,2.465826531186835,3.2819862375738973,32.06888383047788,0.47544807438150893
668,-0.06906165109626687,2.5790853396774414,4.016199342730173,39.414954556188775,0.4772965019039759
669,-0.00955542773819829,2.459635388129176,3.775365190236072,40.666589467228974,0.47913719984066616
670,0.18344409553589514,2.472682472864758,3.9168512319742237,35.488098447880326,0.4809699841233197
671,0.25516538016376233,2.652428885975556,5.073726834506752,53.30269612772107,0.48279467147503563
672,0.2581535923687419,2.107374586552499,4.489869832837772,49.96413354215839,0.4846110794285994
673,0.07282172369636306,2.3035925751177593,6.009178465822792,61.661257814708435,0.48641902634472944
674,-0.10358686483071461,2.6588246093100425,4.759913443661127,62.17031523858114,0.4882183314302405
675,0.11625724800986724,2.8417870705543398,6.088719315396783,63.455386283682834,0.49000881475612357
676,-0.03818491293105903,2.619591989129899,6.740338049313141,75.87329954510861,0.4917902972755381
677,-0.12505070362237466,2.6517058837845835,6.328951803707368,72.634532101054,0.4935626008417167
678,0.05785050714005238,2.2403689673258897,7.220396004214058,78.39225810139779,0.4953255482257799
679,0.8565166326773379,2.307765173430184,6.571553147902745,72.45852924179367,0.4970789631344581
680,1.6727064201311457,2.584238370662045,6.138042974018697,57.988985269420695,0.49882267022772164
681,1.9403439675402485,2.5415888484055302,5.848817897786114,57.43730148638989,0.5005564951363144
682,2.263349014262145,2.4468513595314816,6.210372890579525,66.58022419496027,0.5022802644791905
683,2.997614350376729,2.5001724241009287,5.936810034052937,54.8759918315191,0.5039938058808517
684,2.805733558788851,2.021590647833678,4.3028055608797,53.024471789078696,0.5056969479885862
685,3.095808015294538,2.0291009804679407,4.430447243042114,49.1839930235378,0.5073895204896022
686,2.376405877971604,2.6871120415667837,3.510115309863545,37.1135516749182,0.5090713541280605
687,2.003302223463368,2.5014350206043976,3.872755462087858,34.17496892969244,0.5107422807219981
688,1.136349508646379,2.2564810789618024,3.537353848227596,21.54343782043645,0.5124021331801486
689,1.1837871230463688,2.5783259543463806,4.033366564159746,28.47295182968447,0.5140507455186493
690,-0.09416135342137935,3.533488470476893,3.814971962636945,26.143453342285746,0.51568795287764
691,-0.01919389414104686,2.300654100375977,2.82224760331217,28.256857376095724,0.5173135915377494
692,-0.10802920264010417,2.598846299197212,3.226242311572406,40.30928372794877,0.5189274989364657
693,-0.050902242196219805,2.464740262826271,3.4842589221291282,31.839599052643266,0.5205295136843945
694,0.16273527893164816,2.307839919764124,3.8449115084241887,37.9699488551504,0.5221194755813958
695,0.017626211459687055,2.2446319955879677,3.86650759145992,41.34233795921665,0.5236972256326048
696,-0.005787169127335448,2.797941917542906,4.556100291264595,52.95321361077507,0.5252626060643312
697,0.23453651211283244,2.3075215181475768,5.384471495583825,52.29703351528498,0.5268154603398363
698,-0.27408479658291424,1.9363517122304974,6.102396424929676,55.72068108903501,0.5283556331749868
699,0.22270595806360075,2.9856405825501886,5.624788900067839,62.41911328029268,0.5298829705537823
700,0.3153780356280988,2.260240827166684,6.558074212303192,64.88456072129395,0.5313973197437578
701,-0.28133991698272287,2.6748407637649736,7.364799557170778,73.48378449948898,0.5328985293112565
702,0.05058918518444198,2.5261051766020284,5.871328655448028,65.10893923356748,0.5343864491365723
703,0.5153704499215372,2.3398418582253706,6.030011412320161,68.82205682674949,0.535860930428963
704,1.074026159039133,2.949027150694108,5.744058558125658,72.11126616402517,0.5373218257415278
705,1.9478952426201412,2.1464749507583556,6.1753369765796915,62.308727440860835,0.5387689889859528
706,2.699149190515942,2.509580457365226,6.466862215491652,66.31226992699148,0.5402022754471196
707,3.0455078460858402,2.55019453882503,4.924863715677074,53.306072225556605,0.5416215417975768
708,2.9226748438224575,1.967106793617273,5.212335406292938,49.799183753100344,0.5430266461118716
709,2.720861938208535,2.1537805930206,4.641935087937745,53.86705742762821,0.5444174478807438
710,2.506614445671169,2.644240816719741,4.088263092046447,34.99497306373893,0.5457938080251752
711,1.9741922389909419,3.0002500231234936,3.416600737937162,42.88062619507637,0.5471555889102988
712,1.3701589680876232,2.58540997799833,3.8286353836069287,25.720349148770953,0.5485026543591603
713,0.29080644373417186,1.6768273186438678,6.262490132414317,31.855741725307503,0.5498348696663379
714,-0.05142499384486341,2.7033322433376967,3.08803477109716,23.702107085045995,0.5511521016114108
715,-0.02739565921766933,1.8695260770542466,3.0410932992284336,34.34804809504923,0.5524542184722823
716,0.4324924824244299,2.085248653506262,3.5152561562699325,36.340732401790056,0.5537410900383513
717,0.13151024937898448,2.3380008262909793,3.7965019933807214,36.543358629784436,0.5550125876235334
718,-0.032052511766596826,2.3946606728786843,4.461568000733874,33.1759010071558,0.55626858407913
719,0.01060529655197788,2.28578142872912,4.353992001323658,45.75685705707259,0.5575089538065422
720,0.06167125231863601,2.2433710250216885,5.212176935708095,48.59408328479967,0.5587335727698306
721,-0.14445761101287888,3.0330076111135567,4.91630690749902,53.50351905506997,0.5599423185081197
722,-0.4207116685186459,1.8689073585467182,6.188014194444338,59.29082120392925,0.5611350701478427
723,-0.15027496834849105,2.3845962468209967,6.583820966812048,58.80528140489726,0.5623117084148298
724,-0.04962866709021055,2.608975160039753,6.619342635386602,62.48745909757535,0.5634721156462346
725,0.0187143574256237,2.493652539213766,5.463123683612788,64.6043871125957,0.5646161758023012
726,-0.14792141519051724,1.7804374704371648,7.755093547339961,74.5639691115015,0.5657437744779671
727,0.5873067929092969,2.6814581280475163,5.78182035819773,69.21870927046032,0.5668547989143047
728,1.4424592580744544,2.6558474549054734,5.803810949840398,65.4968832235308,0.5679491380097961
729,2.127332354730613,1.9964580344544722,6.163052440146857,69.4769307578745,0.5690266823314435
730,2.7075285720554785,2.035798803330895,5.088014023702779,63.21311987898107,0.570087324125713
731,2.844513905189719,2.639894520196977,5.4703055286898286,59.114914967088225,0.5711309573293087
732,3.0828207495868694,2.275184911923137,5.433058187577195,49.56894653730264,0.5721574775797804
733,2.693179835031313,1.9074774651848387,4.411313366452544,48.44457280306371,0.5731667822259581
734,2.755980723435401,2.3499626299302414,3.447811995774075,34.55648992010799,0.5741587703382183
735,2.105170752072029,1.9416918075992857,3.52582489702067,38.90777458356931,0.5751333427185765
736,1.2225661173344873,1.8652675776707013,3.8913970260819024,25.16966738917318,0.5760904019106069
737,0.7211238626323485,1.5337403446171178,2.949740937565301,34.27642157719734,0.5770298522091877
738,0.01656449606229121,2.2739070117429296,3.4090592393128984,31.519625473983613,0.5779515996700719
739,-0.21747895934713724,1.905054462035889,2.754963857704793,35.02740667256492,0.5788555521192817
740,0.14040270498157134,1.8461505691527802,3.4008777835234434,36.352868754616225,0.5797416191623255
741,-0.07122718612729778,1.985025876230745,4.788414621777425,33.16230584969162,0.580609712193237
742,0.08639779618518872,2.3548805003535724,3.829337274336543,37.15253591802848,0.5814597444034368
743,-0.20357254581191345,2.078969739325093,4.57492500839379,54.13387116316803,0.5822916307904122
744,0.05754943447122462,2.3718757981657217,4.574542965969462,56.96247966911765,0.583105288166218
745,0.14089017700180656,2.0536985955820146,4.913662593765742,53.05654351832806,0.5839006351657942
746,-0.0925731752736674,2.4210062174900657,6.293287427053424,62.862202068414135,0.5846775922551039
747,-0.04289055005085741,2.575780190410767,5.770893539417971,61.35425256502802,0.5854360817390855
748,-0.1185933421762968,2.058892208824299,6.566961025531998,65.85051915516063,0.5861760277694228
749,0.06232079670596742,2.0302523856426142,5.836889970305526,68.4743501974723,0.5868973563521293
750,0.0020068740533642567,1.5398070858124129,5.982383719521717,59.90885587758971,0.5875999953549478
751,0.8722180570971154,1.8662124411476753,6.4729808332588155,73.29087044780047,0.5882838745145637
752,1.483938881592507,2.534897575048458,6.2854356197982115,68.67227066616884,0.5889489254436308
753,1.8628755813233162,2.224526820947884,6.34317485840234,66.22773556039947,0.5895950816376105
754,2.331395413794412,1.506190229900585,5.9206603422538935,65.30645605227663,0.5902222784814218
755,2.8038093435164515,1.6797136233086527,4.676830380274416,54.97938297359366,0.590830453255903
756,3.088041359256273,1.7834562616345158,5.259904526082056,47.960343889139814,0.5914195451440835
757,3.346310173131849,1.9780805036979774,4.814235068615189,51.20366709383886,0.5919894952372653
758,2.767840501086183,1.9774473440019493,4.300199561243957,36.401088784182775,0.5925402465409141
759,1.9946681054093554,1.9318417825832035,3.8278767303015986,34.18378081324183,0.5930717439803583
760,1.0908266640817326,2.0539625454907675,3.8564246308510146,30.635871937626487,0.5935839344062973
761,0.8753559084613342,1.921939525969773,3.783905099878988,18.47311199399961,0.594076766600115
762,-0.0003905824922785768,1.731707257926203,3.4261192638698863,30.525512667041003,0.5945501912790028
763,-0.246332898138623,1.9706931362724787,3.6216787592014463,46.73409620621978,0.5950041611008873
764,0.1751377860354909,1.0935961715410707,3.524386929265255,25.082961433083593,0.5954386306691646
765,-0.002155128368783636,1.5975895598395173,3.9486448014606577,42.22828896490598,0.59585355653724
766,-0.086067110735915,1.825501150569869,3.9619596138250612,39.70191838775697,0.5962488972128724
767,-0.3900554125460133,2.048378589751623,4.720905606270996,54.795756498270286,0.5966246131623238
768,0.18982434565481443,2.0274837011572635,5.744422983876998,51.00119299449716,0.5969806668143122
769,0.01018139769674662,2.229502502524338,5.035554976625486,53.753183803995086,0.5973170225637692
770,-0.053204212829557986,2.185856031599894,4.375776585634053,62.26682181633496,0.5976336467754001
771,-0.19578613013961965,1.8870302063122852,5.30634393215688,75.76879770226613,0.5979305077870476
772,-0.07676196923551365,1.8585941455881057,6.868168237021216,67.10215986770002,0.598207575912858
773,0.24437005216030028,1.9693151151125607,5.957519697074609,72.38793516025059,0.5984648234462495
774,0.10144532080606368,1.6410398363281864,7.1071873596192985,74.19646859012919,0.5987022246626832
775,1.1744241942086129,1.6495429144770937,6.987694044849881,71.97395250322276,0.5989197558222352
776,1.709677731682424,1.8387193099265475,6.6095335875965215,71.24855884314144,0.599117395171971
777,2.1878728481844676,1.4360198373429043,5.42595066491493,60.39769467144107,0.5992951229481202
778,2.7749480111323397,1.813099335223371,5.078108560214206,53.950121688725375,0.5994529213780532
779,2.9275547166326503,1.8257724704635925,4.791287863442331,51.186555441837456,0.5995907746820587
780,2.707464330867888,2.1721326294551018,4.547704903514018,46.074457195889075,0.599708669074921
781,2.77440858480022,1.3555923444227074,4.519788346625716,44.7437918142027,0.5998065927672992
782,2.6623433705093325,1.5383904138932782,4.688770760719568,41.8271687986952,0.5998845359669056
783,1.9320309706984609,2.076501731534733,4.238871208567982,40.559870235849615,0.5999424908794853
784,1.3939721183468707,1.5234453015753793,4.208180211350846,32.76624673324838,0.599980451709595
785,0.5246157322348863,1.785392438922276,2.8587632423412526,30.385595429325758,0.5999984146611838
786,0.3355088128083803,1.4683361898878151,4.055886959840301,26.669789968392593,0.5999963779379711
787,-0.2662323456722056,2.0690966524729704,3.565678282074627,24.139720199875626,0.5999743417436278
788,-0.21057482179374182,1.2674521616462258,3.5904586206583593,41.77129129876391,0.5999323082817549
789,-0.17979709821458575,1.5014308239733967,3.577928060295606,37.19795416141224,0.5998702817556634
790,0.19222086252351556,1.41090273339872,3.865987143526519,36.36660189559128,0.5997882683679544
791,0.22330319804855558,2.0116687765281895,5.1735536548381384,53.99261834554623,0.5996862763198983
792,-0.11302387672730366,1.6681917088827458,5.066812371263608,54.2268239228554,0.5995643158106149
793,0.11302434690238078,1.0926690229072347,5.51509226655133,57.58743024986855,0.5994223990360534
794,-0.1806721820319237,2.1207933926018168,5.229474729841161,59.62098691905237,0.5992605401877732
795,-0.0015284622072132981,1.1597360835100106,6.491246733947666,65.77480104226754,0.599078755451524
796,0.5207399335704703,1.673237522605948,6.3196556839005105,75.4216926872307,0.5988770630056282
797,0.18718322999173231,1.8700819215731368,5.312515641753103,69.43190957146753,0.5986554830191619
798,-0.010173334527182184,1.4258246214633776,6.340487225831903,61.41309553699984,0.5984140376499396
799,0.5095746785431319,1.3686041434924479,6.262673411256888,67.67152933324171,0.5981527510422967
800,1.4383994536883946,1.181191511091366,5.988360241330229,76.26440060329388,0.5978716493246764
801,1.8555373149982954,1.0834164384620335,5.721976756881618,57.6026250780204,0.5975707606070161
802,2.1594828708118214,2.33503568288076,5.395579039784166,56.12825977297275,0.5972501149779368
803,3.0176706019529904,1.8793428780160395,5.339657433644407,62.620714179049116,0.5969097445017343
804,3.1152550228147837,1.9345662621462338,4.248355558296099,51.313960436240905,0.5965496832151724
805,2.9365631639214813,1.0238651754433756,4.506464671833174,42.52818498293656,0.5961699671240799
806,2.7967773302491237,1.376054677082582,4.409179778992624,34.34904532840828,0.5957706341997495
807,1.7858072671015304,1.119664005178982,4.397497870650296,28.145533535281476,0.5953517243751407
808,1.7784260230200264,1.7633129036656716,3.345703499574543,36.732835902635884,0.594913279540887
809,0.5587067998309013,2.0769483932413157,3.3071770525800903,32.86258337137823,0.5944553435411064
810,0.07485794505591702,1.3317010323425151,3.659068453942719,35.56054574480591,0.5939779621690173
811,0.09028679098051275,1.2961216205282542,4.305846690921995,35.35354033998991,0.593481183162359
812,0.21487228248768353,1.9377986148032185,3.9238088722231246,38.61928044813372,0.5929650561986183
813,0.39922215552150236,1.168467146614414,4.619393793357091,37.453136210509314,0.5924296328900613
814,0.06908987401073133,1.7080220499077376,3.562668902316469,34.05141580318733,0.5918749667785729
815,-0.07656061991943293,1.351750152527552,4.036518051741524,48.56141838495959,0.5913011133303019
816,-0.22266026245776446,1.736641554746845,5.553708201289917,45.8924642001373,0.5907081299301149
817,0.05160060492098711,1.3549178673051854,4.423533217553134,55.63879472433574,0.5900960758758578
818,-0.16968289148701174,1.0279649007672595,5.989754981221217,64.21811635125397,0.589465012372426
819,-0.27169080902252735,1.5592562542184372,6.856589496609715,57.91475537834469,0.588815002525644
820,-0.04056814750377197,1.0438339837323314,6.195502445418706,75.85795713774174,0.5881461113359546
821,0.13422935261527186,1.6361320219433786,6.339272988468291,69.60094924455517,0.5874584056919195
822,-0.06199663497552346,2.0758835459393308,6.674267928420381,72.06193415891046,0.5867519543635302
823,0.565790733072771,1.8888500951232166,6.3438512227679835,72.09953616680657,0.5860268279953306
824,1.5283282906661668,1.0776621061990634,5.838185999166851,67.10601291725948,0.5852830990993533
825,1.8724995555898805,1.002308013934146,5.809430345713327,69.04012716475663,0.584520842047868
826,2.294401686035781,0.7123214857068687,6.044159407939027,52.22619692700314,0.583740133065945
827,3.1895716730984063,1.1771078009985259,5.750490597318524,43.60166546816798,0.5829410502238316
828,3.04857485820366,1.0329377327014073,5.20076772174946,44.00633210307571,0.5821236734291462
829,3.2938214697971704,1.1940575479405273,3.9828454038739443,46.69091952555386,0.581288084418887
830,2.30315062006003,2.0846180868796913,4.50865302103208,31.989335860409287,0.5804343667512587
831,2.3287039076879164,1.6075860370850878,4.155958902183144,36.284619927269354,0.5795626057973169
832,1.4646288222434984,1.5304583220707613,3.431398016151661,34.45330504285473,0.5786728887324304
833,1.3123859822775645,1.2859553092200728,3.457019156229495,30.789869578203106,0.5777653045275642
834,-0.04308483022776146,1.5370297697269246,2.9651779386139423,30.084041651348585,0.5768399439403826
835,-0.0888909542813982,1.6546105616160705,4.083648660270518,34.87222096944736,0.5758968995061731
836,0.08476419212590118,1.546261275832442,4.0111502498297735,38.05460080913756,0.5749362655285931
837,0.0377921990134828,1.7677031370428666,3.6305746161591266,41.41793623317613,0.57395813807024
838,-0.09182698566680575,1.7929309135325666,4.202214523099543,34.45186790397662,0.5729626149430445
839,0.18234957306314448,1.3041127101932748,3.8054188719813484,46.39718571361053,0.5719497956984897
840,0.13803618472373688,1.186017132789138,4.749845456653237,44.25910128749156,0.5709197816176561
841,0.17713830059419733,1.9100730856167663,6.2946913104443025,56.015546507254086,0.5698726757010935
842,0.0800837695274443,1.0858153645149642,5.943709057318058,54.61575302192208,0.5688085826585209
843,-0.14193083788049518,1.6274511355861658,6.593062234799995,61.365348287474596,0.5677276088983557
844,-0.14005561747257286,1.6077971911693196,6.554960987638589,71.32660723216026,0.5666298625170733
845,0.11859855865266536,2.024533238054047,5.9006457101108944,68.32011590232264,0.5655154532883968
846,-0.187811473339503,1.3077885931159066,7.1267443825528884,63.113137613873945,0.5643844926523205
847,1.1160660371437712,1.0898613652228963,6.599052749923446,62.82951979358718,0.5632370937039657
848,1.5064989436442164,1.9946102526794622,6.849234579387345,77.1537764215328,0.562073371182271
849,1.9624847508329075,1.2760448263824475,6.654941383872624,75.0726317788511,0.5608934414585187
850,2.805589192645216,0.8359585434632196,5.594725814390963,58.916721973086425,0.5596974225246981
851,2.8937388111534434,1.1506087433217356,4.229930097488334,39.40624812431697,0.5584854339817057
852,3.239435967087023,1.5391009579857449,5.446414685022416,53.60933283116979,0.5572575970273859
853,2.9401349144194646,1.9291896792760084,5.2930559151537775,40.07564800706488,0.5560140344444109
854,2.9517356977023477,1.7142908044335896,4.806687813421901,41.449643461492286,0.5547548705880028
855,2.0446233069396196,1.5377941855376778,4.358297362881553,33.01886910906305,0.5534802313734974
856,1.0631644871497405,1.3286606490708213,3.160374990309739,34.68509246002199,0.552190244263755
857,0.4732161831111614,1.5947564793970341,2.7571453787845774,36.07219180509226,0.5508850382564108
858,-0.32677672627991067,1.7791076765339122,3.5680049066823654,33.70658421857711,0.549564743870978
859,0.11797886077413788,1.3523836633994166,3.8072960581269952,26.681423394695102,0.548229493135795
860,0.36182899702260424,1.6669804798625558,3.5670219396503895,21.850067325284733,0.5468794195748227
861,-0.03900758182544814,2.126483162493204,4.045888703699851,40.654305807111726,0.545514658194292
862,-0.26687171582202546,1.55659644657398,4.514790796550818,37.13833529407929,0.5441353454692036
863,0.13658427412326307,1.5344042830853695,4.087822095782436,43.49139796461945,0.5427416193296806
864,0.0907403546155271,1.5505416118543554,5.023059215194499,58.06536891201405,0.5413336191471756
865,-0.076232923904177,1.6948244196922138,4.963009169750114,59.55661517423324,0.5399114857205336
866,0.08158967253408411,1.4444747133621603,5.556959615692577,55.85254678371645,0.5384753612619121
867,0.001282041282574684,1.9128557803613928,5.7500601306461325,63.04220582879879,0.5370253893825602
868,-0.23004353422757406,1.7882817784061027,5.94584286147252,71.59595304681723,0.5355617150784574
869,0.13712354926578582,1.8780000300213036,7.235861717779933,68.42929030061303,0.5340844847158145
870,-0.10095367482381097,1.547362768884096,5.48514087454936,68.44157156263006,0.5325938460164367
871,0.5865193592036171,1.9344588401763148,6.031258895504308,67.84941438201852,0.5310899480429515
872,1.4527353217958017,2.1813740845264062,6.101886787837641,78.2858034659062,0.5295729411839035
873,2.4349213440415194,1.6303276941578406,4.628968212064837,69.25175088781549,0.5280429771387143
874,2.9905501406180055,1.6111203893338921,5.64713604462021,55.40236029510582,0.5265002089025133
875,3.177804845738659,1.6924329685433601,5.298418960150385,63.26199410824232,0.5249447907508386
876,2.900999515485243,1.5185709503080473,4.780419843291144,57.01490139685481,0.523376878224209
877,2.6923436637435803,1.6403910478712518,4.592242963201062,48.218579379849125,0.5217966281125708
878,2.6668647561617416,2.0864721374514326,3.4245661894400037,40.469866307028894,0.5202041984396181
879,2.088919672547534,1.8343560413851705,3.8125369580620783,39.74375593892429,0.5185997484469913
880,1.5278065053603422,1.6547398725391729,2.2110490461015684,31.252697423738955,0.5169834385783524
881,0.5503763172399001,1.6326447117599894,3.4809058573987057,21.387738084925715,0.5153554304633418
882,-0.17724382503017297,1.4980108705241812,2.9495401988198218,30.863054592655214,0.513715886901414
883,-0.2151784547727399,2.0403913200292787,3.414363912518909,21.027858972595105,0.512064971845559
884,0.1545407479655907,1.5273946168389485,4.303552711485383,23.31443631696483,0.5104028503859066
885,0.2124638627379617,1.8047205160687194,3.616417221927608,38.54439877914066,0.5087296887332177
886,-0.1365247201375353,1.830481169752322,5.191500227063152,35.38735741157332,0.5070456542022632
887,0.11652276624035417,1.3081241242915524,5.165894194010776,46.2564886328561,0.505350915195093
888,0.12830800383854157,1.7465384368604375,4.393041746617124,50.93480447997772,0.5036456411841951
889,-0.1479863739606059,1.961104434173703,6.189805627456809,55.42818894167508,0.5019300026955501
890,0.0019752137962919347,1.1799482762812827,5.6211585942818525,58.74795473103631,0.500204171291577
891,0.16268673477511153,1.4510925939461086,5.604081413273372,64.63489789531685,0.49846831955397786
892,-0.20293253661435431,1.864228164346673,6.497731387526723,73.18864859820246,0.49672262106648
893,0.24925634646163158,1.7735968150374632,6.679072934024073,64.46844917645983,0.49496725039747747
894,-0.041234050380408595,1.986693872626565,6.100389903270164,73.93050097312926,0.49320238308257425
895,0.7883306542344226,2.224061612005918,6.735070143983217,69.06092732060064,0.4914281956070312
896,1.4511301780055308,1.8916331389549557,5.975914385628671,66.51929578712291,0.489644865388117
897,1.824966034146901,2.000072348667742,6.408292550364772,55.82716201084003,0.48785257075736815
898,2.665883707361304,1.9902119383255288,6.316806158358133,68.44880689806928,0.4860514909427538
899,2.896411980034689,1.2691367136771534,5.681052329091734,41.070345313180994,0.48424180605075445
900,2.9179726516554667,1.801803961231917,5.042996819296911,50.28962386170945,0.48242369704835136
901,2.8537890455658554,1.8806024279732503,4.311507187413993,37.24514769830977,0.48059734574492957
902,2.681538056010634,2.2293462391710896,4.279454632666094,38.32674208170901,0.47876293477409754
903,2.0918369267248202,1.816605558775239,3.389159038343812,30.669820888182343,0.4769206475754237
904,1.3939514494752112,2.13947005936982,4.580832814970469,27.599602440850067,0.4750706683760926
905,0.7925432150770412,2.1646371600082968,3.910323006736966,38.70144182491231,0.4732131821724822
906,0.15083219454840557,1.6155314553775129,4.164216102690819,33.97866796472834,0.47134837471166574
907,0.007185056491022653,1.4859199689837408,3.148424897350366,33.23275802269632,0.4694764324728349
908,-0.1592362789667786,2.3582793139522047,3.829097246818556,32.46191040550957,0.46759754264865355
909,0.1661757068713769,1.7910586602861152,3.491985425396737,37.950091606188245,0.4657118931265385
910,-0.05928171424061725,2.3554955926796675,4.075288691756766,42.281335189684235,0.46381967246987044
911,0.1170720197411973,2.0809990335197,4.53465617598413,46.94955235313656,0.46192106989913834
912,-0.029192882188017216,2.2744669201469683,4.579808035837839,56.261947242397774,0.46001627527301703
913,-0.18885965514034236,1.4964392012573668,4.533682698479177,54.813812680036435,0.4581054790693815
914,-0.2550225107765522,2.7292801062337397,6.199158214150765,68.29133888419123,0.4561888723662604
915,-0.18010006277820678,1.2634320640254517,6.29578611167997,68.44963430374324,0.45426664682272655
916,-0.04682819982594613,1.6967943449951473,6.298034133344839,70.41553848221591,0.45233899465973254
917,-0.4505370563504471,2.2051700259138713,6.846919407580239,70.66315281428814,0.45040610864088826
918,0.07660171597341528,2.463742229697232,6.696853622734579,72.76240416709938,0.4484681820531848
919,0.996378860537123,2.3453613956039625,6.179266373481513,70.62410036967768,0.44652540868766605
920,1.4515675968873578,2.4128773944870097,6.589106792604533,63.08233599451004,0.44457798282004957
921,1.8994187433834828,1.83402723281897,6.5837067485663,62.975204069460425,0.4426260991912989
922,2.264680785777177,2.2870387239782026,6.27967883940277,72.55755622538044,0.44066995298815115
923,2.9428410393092017,2.5884831928768937,5.50093036226642,61.44028945070016,0.43870973982359607
924,3.082395137847022,1.7022755033375008,5.47495741681742,47.858923395038275,0.4367456557173166
925,2.909294608984235,1.8585251517274783,4.334817255214075,45.72138835269889,0.4347778970760867
926,2.7373484414884874,2.2743189857056616,4.768285959981427,43.49594754901391,0.4328066606741307
927,1.9868362593723075,2.642861871926173,3.610822891800124,38.505135568643276,0.4308321436334461
928,1.4494908235520936,2.4494251925012827,3.932324900295911,34.20403443912661,0.42885454340409146
929,0.831607353343068,1.9202162854656475,3.2404293923865506,33.853968072010204,0.4268740577444418
930,-0.045206312680376205,2.0805982808322887,2.832359898902451,28.428877093272888,0.42489088470141234
931,0.09744004799366313,2.1498500365515922,3.452145973345838,28.24575763300039,0.42290522259065544
932,0.09911767906923481,1.8047882493288343,5.06325156172583,22.243943024302926,0.42091726997672707
933,-0.054364225265288516,2.8895341710640228,4.041125036557596,36.10256622240033,0.41892722565323204
934,-0.19279304266595718,2.1371262870350822,4.188123286207016,40.27601247269048,0.4169352886229443
935,-0.14487548189268468,2.11046504878663,8.078595700171856,58.77939070402301,0.41494165807790695
936,0.21910845185116729,1.7792794772042149,5.48240279962826,55.074462820688645,0.4129465333795132
937,-0.2408335937817228,2.366215611260356,5.086921706434445,51.20205923213756,0.41095011403857024
938,0.01194619066028769,2.295218266987504,5.9063408404414455,59.4585132468738,0.4089525996953481
939,-0.19926503096486053,2.699220695662259,7.0926524818363905,61.899402320426546,0.40695419009961725
940,0.46142305613843543,2.5936119839231173,5.684135632502401,70.57471353340915,0.4049550850906716
941,-0.12690823002430057,2.3053303463312185,6.453532546303613,75.50370746227574,0.4029554845773461
942,0.1267421618020082,2.5256595646703373,7.004503762451369,67.26655911648655,0.4009555885180257
943,0.582757183591052,2.9374832487711426,6.994702095891925,65.34044346502449,0.3989555969006499
944,2.1383802493290807,2.14491008664321,5.986268910111878,68.2781149159011,0.39695570972271366
945,1.8540749703757966,2.2540196455545454,6.306755412523638,63.23595065482483,0.39495612697126825
946,2.6693633750865495,2.603886722514839,5.2803462665053775,55.0235991550234,0.3929570486029222
947,2.6471645394885885,2.206821812852748,5.139690628810022,53.52178504188006,0.390958674523847
948,3.163841366741952,2.5343966155979194,4.467731229120856,56.888075976661625,0.3889612045697851
949,2.6466150358318683,2.0731095215610424,3.8096401138476277,46.02038919776852,0.3869648384860672
950,2.509373918854723,2.651252526431944,4.213511891411612,44.737243304008096,0.38496977590763815
951,1.802293463787898,2.621869784582705,4.000592664506758,36.76565806895917,0.3829762163390932
952,1.4204588487828527,2.240667484559817,2.6628014931039288,29.304097973830626,0.38098435913472783
953,0.7765828721297227,2.0409943430261683,3.7497618087665496,31.958884815771906,0.3789944034786027
954,0.34824491139479524,2.5251305168936002,2.816409068403949,31.975054269484758,0.3770065483646251
955,-0.46060656390107657,2.4465035452756814,4.2794817293999685,28.05600606876194,0.37502099257664956
956,0.10898236020814789,2.028030944620629,4.303066915717139,33.47727107134113,0.3730379346686009
957,0.008386190209635866,2.7489178760665913,4.231051460899231,34.00647840321933,0.3710575729446171
958,-0.12178283915937838,2.228258418363352,4.294778034125028,33.74519980120224,0.3690801054392202
959,-0.04243882764525349,2.9011366074969667,3.890650597189268,52.43445509137713,0.36710572989751294
960,0.07813970349547758,2.859467575146048,5.014602831024721,42.14965480691211,0.3651346437554041
961,-0.00750405965066098,2.537615259431166,5.113755219256221,44.36017787686793,0.36316704411986533
962,-0.008810285549263592,2.6849601993097645,4.777261685596137,55.92332148481294,0.3612031277492206
963,-0.15612327814497085,2.0383461010563177,6.681695723615097,67.59652778236149,0.3592430910334699
964,-0.08020537888855411,2.477221681868476,6.635266951628422,69.97942657424609,0.3572871299746523
965,0.0967964927232825,2.6458067406563304,6.175199106344158,70.68053112746537,0.3553354401672432
966,-0.1844887257338299,2.099157338475556,6.7740846310989085,67.78401853359851,0.3533882167785971
967,0.6726621982659193,2.043569055768573,5.892000768005365,63.823124754347454,0.35144565452943016
968,1.51468565632303,2.9611949734899397,6.198144246578284,66.45316353815394,0.3495079476743484
969,2.186514054150313,2.607294515134558,5.994433944123815,70.2325133975122,0.34757528998242265
970,2.6752758264557124,2.916278030662432,5.491373102583978,58.82772042613866,0.34564787471781155
971,2.8573797299913872,2.791484179279351,5.729445929604763,55.119402860084364,0.343725894620435
972,2.5931097540434065,1.646982008591778,5.2007735684132435,45.56534220705021,0.3418095418867019
973,3.0500744945707714,2.157563055664,4.559453019753772,49.315824525227576,0.3398990081502882
974,2.7983704773636884,2.450169435608199,4.653163379266621,40.14256495671125,0.3379944844629754
975,2.3602223761469734,2.513790855037938,5.573995015311615,42.99162862407202,0.3360961612755453
976,1.5678919543250396,2.5394706042573634,4.684748865553695,31.636173973441625,0.3342042284187346
977,0.9451357367978768,2.296386360649108,3.1375992778995507,25.916248892882322,0.3323188750842524
978,-0.05943495681369796,2.472917221564508,3.3399554086694403,27.039668461860106,0.33044028980586104
979,-0.2228622942589596,2.1953171063795742,3.9513084574045894,28.223125589481644,0.3285686604405228
980,-0.035066155751711986,2.885838080012058,4.057880880561777,38.47236293461796,0.32670417414961433
981,-0.04993851827418044,2.2086864453042807,3.699298264563011,32.59143209708031,0.32484701738021154
982,0.19833205778415153,2.326309000467502,4.864991516980956,48.54545901200889,0.3229973758464435
983,0.15859814359865007,2.7666540122285483,4.4412072592834635,52.85494327555277,0.3211554345109221
984,-0.10453101800484242,2.329638149613168,4.540044869859691,50.34503502188237,0.3193213775662461
985,-0.08580245267002762,2.5504412731626087,5.43434136857142,58.24225285163644,0.3174953884165815
986,-0.010572947880084671,2.224667245136651,5.730394368219384,65.3333362028637,0.3156776496593216
987,0.012598535089758176,2.483888888094287,6.2899469687202805,66.93980024528769,0.31386834306682737
988,0.28090594927671375,2.6162105577139845,6.5898323835864465,64.34791923334129,0.31206764956825
989,-0.10030249697001058,2.0326362914831515,6.270295067216467,63.03292607808391,0.3102757492314394
990,0.2544489251511281,1.985997579161999,6.121316827706453,64.63770203820425,0.30849282124493577
991,0.4960865098766867,2.137144325008307,7.120710989186113,63.05992249315005,0.30671904390005184
992,1.3613548803981965,2.7327135023029525,6.813206983060999,80.6553317906524,0.3049545945730441
993,2.45089537783185,2.646385839438298,5.572458474992999,62.367344501595106,0.30319964970737473
994,2.6727216075018476,2.7293151944373126,5.948927944418582,59.41973175215624,0.30145438479606795
995,2.914163837474158,2.9237642009842797,5.261143762251374,51.77640067354862,0.29971897436416056
996,3.1137451187172207,2.352571757510875,5.28398270289275,55.35864945514902,0.29799359195124914
997,2.8508809452422863,2.2513625408346756,4.125943479336504,40.12356665510154,0.29627841009413786
998,2.605098258878334,2.430672447755913,4.875862986285075,38.20697369484713,0.2945736003095828
999,2.1606773975535822,2.534599282747264,3.8440242802364954,38.57781029419688,0.29287933307714176
1000,1.5395499827358237,2.787630298065818,3.2376121580314505,26.324292490860692,0.2911957778221261
1001,0.8438243625538442,2.4935994667066805,3.347554028241509,32.44283857010355,0.28952310289865824
1002,-0.11953145172528694,2.6201028044713692,4.044481308375078,34.06660609435582,0.2878614755728368
1003,0.06758732199240843,2.2666499223980705,3.351434803947443,27.35653625469985,0.28621106200600965
1004,-0.14600562354112942,1.9618271314590467,2.6891064956435593,29.016411145474034,0.2845720272381581
1005,0.11200441169945721,2.9992643684818345,4.7635712103691485,38.49864573237694,0.28294453517139273
1006,-0.03762907794965398,2.477612336857141,4.343660151209592,35.63362273420472,0.28132874855356466
1007,0.045192215324760275,2.3163218762692583,4.398568629457017,51.60672359042298,0.27972482896198886
1008,0.051108393571773915,2.460633511252978,4.492217029494655,52.85712277890449,0.27813293678728784
1009,-0.15170230450780653,3.0925033377657503,5.162318487447467,58.360883129961906,0.2765532312173526
1010,-0.11075930537235577,2.268956664313181,5.517635591497429,50.51897616866754,0.2749858702214236
1011,-0.03282580462641911,2.2694170146391124,5.383255442322072,70.71271334312337,0.2734310105342944
1012,0.0849602085606252,2.176328122471221,6.555718026839178,69.5967259731537,0.27188880764063794
1013,0.18270109671990156,2.2698801995266393,7.146106836110818,70.51564150266162,0.2703594157594582
1014,-0.014848210297391265,1.7859090313721318,6.9923277041048095,64.70894192743881,0.26884298782866933
1015,0.6366926448325443,2.7602586127854187,5.582384386306639,59.19201477198956,0.2673396754898004
1016,1.5436391545131836,2.3748664779505515,6.06476701527979,69.71844162707862,0.2658496290728326
1017,2.1129342579633286,2.096585932699981,5.0834837538082915,64.6465420538739,0.26437299758116595
1018,2.743888020842797,2.6884668898696935,5.11523825080497,54.25069741001738,0.26290992867671903
1019,3.133496574143367,2.2347162123548077,4.993337944125951,54.49314994071722,0.2614605686651631
1020,3.3831357764244663,2.781163509643282,4.248494999796915,48.77866665082825,0.26002506248129154
1021,2.565696510710795,2.2756848447116016,5.205799501211506,52.362763938359144,0.25860355367452614
1022,2.4994791599830766,2.309140148963848,3.987947204645727,37.09083324926475,0.25719618439456365
1023,2.102103852257696,2.4069586689712654,3.8924181694873563,33.183140508238466,0.25580309537715884
1024,1.6507315858750635,2.48251312350909,3.3264902681485418,34.52046819294598,0.25442442593005266
1025,0.9063843709451606,2.1102038449720375,4.0170034276978805,29.866464468122057,0.25306031391904094
1026,0.0071868360006826825,2.107957914311188,3.3297041913372007,34.48452142201515,0.2517108957541879
1027,0.1483228093077732,2.3443496597184437,3.9249423725809867,36.70025287103764,0.2503763063761857
1028,-0.11373902745531478,1.7005221742218009,4.000659005405927,28.785936874169277,0.2490566792428598
1029,-0.07690666690777515,1.4036319226211875,4.505490960346948,34.287526531369735,0.24775214631582398
1030,0.05554436338132075,2.232268129584903,5.227838749214742,38.27059253896206,0.24646283804728353
1031,-0.21613505484205084,2.2900415145802198,4.128064803583551,42.70536579152551,0.24518888336699138
1032,0.30774719878544077,2.5832932178072823,5.2154320479890846,49.2467695108273,0.2439304096693537
1033,-0.1615929973223389,2.1946435374097097,5.781022278874181,53.46366514309278,0.24268754280069152
1034,-0.22876016617936032,2.559632629795682,5.920480854704227,60.12400729658619,0.241460407046656
1035,0.05933902713361289,2.6262509287477944,5.65154796634094,63.96179013164523,0.24024912511979993
1036,-0.38414954542006896,2.2349481872339245,6.431511107682845,67.69561657918166,0.23905381814730658
1037,-0.0894567435796305,2.004445750747793,7.184318631573204,75.97516494853267,0.23787460565887714
1038,-0.03706124219673144,1.8950089607863596,6.650838189906239,68.88947040184064,0.23671160557477755
1039,1.0271705861546416,2.1155899420350726,7.060873115682362,73.16079648252044,0.2355649341940475
1040,2.1018862377113146,1.7346000283045804,6.101533154646124,63.863635455400015,0.23443470618286927
1041,2.15164976201238,2.220369255390635,5.886762265025035,57.54229589240621,0.23332103456310216
1042,2.3384285404598115,2.380926665170197,5.868100296074382,64.2543231656188,0.23222403070098002
1043,2.9459849202524864,1.9502192310191895,4.640391808117372,66.41797433336723,0.23114380429597495
1044,3.1285908487650214,2.4139869588209533,5.480441837413115,45.98742283784329,0.23008046336982726
1045,2.71143472949389,1.8511148006105773,4.5205788048557425,39.515310991061085,0.22903411425574347
1046,2.6633423614056837,2.1179986012251404,4.824563777652992,38.8226025804869,0.22800486158776279
1047,2.4317872665823375,2.1565003446350324,4.391548448952033,41.472010183683594,0.22699280829029472
1048,1.5942599786598424,1.4953562026287281,4.448109413580447,28.00455594828206,0.22599805556782546
1049,0.6176271238184914,1.9871593304993154,3.735391763701925,22.999121338720922,0.22502070289479825
1050,-0.11372240059531355,2.3362866070870196,3.7720956488043176,34.78495392881249,0.224060848005666
1051,-0.328708562277923,2.398504977573807,2.965107065240006,37.01695810612397,0.22311858688511768
1052,-0.089380854101008,2.420021508800431,3.3257500324854825,21.75354779599961,0.22219401375848016
1053,-0.11804492049438296,1.8145580618155084,4.30295495485759,28.11785008448626,0.22128722108229568
1054,0.2727650579483683,2.06212396159753,5.426126342624146,41.33354950019119,0.2203982995350761
1055,-0.31055156656554306,1.5308645289302847,3.9522147696435925,50.159079033894585,0.2195273380082353
1056,-0.3160139045375323,2.2091171967032426,5.348455838731344,59.00968271649821,0.21867442359720043
1057,0.03485673611129591,1.9907360500343307,4.2006161404917535,55.701643899627086,0.2178396415927017
1058,0.11420670377681907,2.244025433727264,6.03810181456484,63.58362752471595,0.2170230754722439
1059,-0.11219972013862914,1.5728010906775574,6.26597765506831,64.06649885569045,0.21622480689175863
1060,0.03502814446835561,2.358583999415432,7.018786061654707,67.10014972862666,0.21544491567743868
1061,0.1292700648722944,1.9635975381390074,5.80354166872387,67.67830745203953,0.2146834798177556
1062,0.1433762858777661,1.5307126137465399,6.56431738228572,58.27296389986918,0.21394057545566084
1063,0.8461132569952869,2.1527011022048277,6.176507310800946,65.84707101023398,0.21321627688097136
1064,1.6041912536619987,2.5675362368169994,5.001448964452423,69.36509236834617,0.21251065652294135
1065,1.8110282930543307,1.9893246903235913,5.980666798195251,58.64618238652833,0.21182378494301846
1066,2.7537493868941576,1.9743642234253662,5.372237687529656,54.92868953961031,0.21115573082778824
1067,2.9223141401079515,1.4016404924526578,5.270141546775158,49.08647566595298,0.21050656098210555
1068,2.8326135090369604,1.8084086965494204,5.009551049549992,41.302104776456694,0.20987634032241398
1069,2.816286194193842,2.160903896408545,4.323224526640053,45.01853420186777,0.2092651318702543
1070,2.536862387407128,1.9339846012646693,4.058724331542747,38.0580700825983,0.20867299674596243
1071,2.009493706154041,1.7955753025697643,4.276092995882868,41.464304119686396,0.2080999941625572
1072,1.4640526808257623,1.6196006212033174,3.465424752844071,35.821316937597345,0.2075461814198197
1073,0.6957074507381358,2.4012416723682484,4.1304826806692985,23.46565367920534,0.20701161389856257
1074,-0.2920307948925674,1.6483130947097817,3.5404858774792,29.38581518219632,0.20649634505509243
1075,0.4241565641781449,1.3036539413745625,3.9922656278562223,30.061189390452466,0.2060004264158643
1076,0.07230130333422306,1.8621532802872984,3.881032507968695,28.444585909810957,0.20552390757232883
1077,0.4363462373506038,1.6899055181699933,4.441614801301281,45.286978318020154,0.2050668361759732
1078,-0.05854187560668711,1.6529142693892274,4.240417683398154,33.87478442971888,0.20462925793355624
1079,0.3169871951262946,1.5274592867906187,4.117221904222626,41.07731299330003,0.20421121660253752
1080,-0.02938863752976303,1.4949009209902235,5.05899423819816,49.13628469481214,0.2038127539867017
1081,0.30788267751224324,1.404287776169643,5.606982955800743,52.11631945230015,0.20343390993197846
1082,0.17997781880058009,2.0465413089692035,5.611078672960242,49.51984889867772,0.2030747223224575
1083,0.14805033679771992,1.4261108077854372,5.962487267995569,52.38812325317066,0.2027352270766004
1084,-0.03864079405708033,1.4456146455155485,6.627837305943452,64.98950573518043,0.20241545814364892
1085,0.04039955766726993,1.772202503734565,7.026491224215398,64.0861522422435,0.2021154475002298
1086,0.26226121686197007,1.9125808597160683,6.342641496058949,62.275045793911985,0.20183522514715743
1087,0.376441796145482,1.7984996635108546,5.948069856006496,65.44761443472765,0.2015748191064336
1088,1.360367083373341,1.5941565626128584,7.1588192153632155,64.37616986249215,0.2013342554184453
1089,1.8700057798768763,1.4777756207119728,6.516473422866605,70.01441107547627,0.20111355813936094
1090,2.4127546122448638,1.6917406376128787,5.724348548199165,57.762553532155096,0.20091274933872452
1091,3.017839557688008,1.5168005424139395,5.31679061051852,56.21645711993348,0.20073184909724873
1092,3.163570118370591,1.5820262861994119,5.4953621657918,52.86814726076771,0.200570875504807
1093,2.855903110094026,1.9235504495265132,5.158946777774506,49.250031216030756,0.20042984465862437
1094,2.820759456789193,1.6176757509504633,4.482640510431289,39.45558858964484,0.200308770661668
1095,1.9726608768752754,1.8869241299884372,3.940717646224085,35.57711982963983,0.20020766562123665
1096,1.3791083316808628,1.4482878739795397,3.2066404603327956,32.07474229269212,0.2001265396477501
1097,0.7996205639876242,1.522035902476162,4.257489207610562,26.84497955185797,0.20006540085373814
1098,0.07854463262117864,1.6168996816767447,4.275988725894943,32.94062190803215,0.20002425535302917
1099,-0.027507705901229945,1.7081220348760295,2.326872276634454,33.769201758596694,0.20000310726013903
1100,-0.21426684329980833,1.2598904909118196,4.419902239774135,38.00163342583747,0.20000195868985932
1101,0.11174254405998485,1.2983129146155798,4.382458036970378,30.011635419449536,0.20002080975704617
1102,0.3379762550452699,2.1340216213360823,3.9434764240768123,41.53161815144844,0.20005965857660854
1103,-0.07579755764182894,1.665840219313792,3.9449395267123712,45.68538388817757,0.20011850126369682
1104,0.004101023779330199,1.4136646180840235,5.157968315485298,55.12649704087127,0.2001973319340914
1105,-0.22209851177907702,1.0790963342840219,5.291643317069131,57.58274610987392,0.20029614270479093
1106,-0.001744117997128477,1.3850662975356558,5.024207844232449,60.92610869527875,0.20041492369480063
1107,-0.18311181258102494,1.8657934394066975,4.6691943607698825,61.688537207392514,0.2005536630261205
1108,0.03340973769781335,1.955852446393444,6.179759917116187,64.33093864635839,0.20071234682493302
1109,0.308257576488168,1.1980841654357821,6.57230096689309,67.63831045919206,0.20089095922299058
1110,0.10356723137487167,1.5547861753585592,6.621682705040601,67.39587825089521,0.20108948235920218
1111,0.6313940646925619,1.7354532718360454,6.248310038279107,69.7305945860502,0.20130789638141963
1112,1.659762061836802,1.7532880187932023,6.494122186341927,71.25573413571401,0.20154617944842276
1113,1.777014440240067,1.5888957157140826,5.151166731789503,64.24992496281868,0.20180430773210345
1114,2.8381239817963455,1.5346248909228568,5.260120968702072,61.44194157256336,0.20208225541984837
1115,2.9570755557510813,1.6514343905864548,5.811126519616551,58.82901933102102,0.2023799947171204
1116,2.787119388698349,1.357860718809462,4.586174207751199,49.92947365303549,0.2026974958502379
1117,2.8321285803150866,1.6180087400640328,5.601909004215665,39.03487051666801,0.20303472706935222
1118,2.415902256414691,1.7390561975064012,5.1541876332988945,45.69125112553885,0.20339165465162237
1119,2.517753010446902,1.4137324312763555,3.779760207033578,38.649134552828066,0.20376824290458764
1120,1.6122328396174848,1.9077167614942596,3.3197118013593667,32.95472316558505,0.20416445416973653
1121,0.5742421852907318,1.8047040096105378,4.173058300195565,35.907104305914615,0.2045802488262728
1122,-0.13542013406543243,1.352263266037698,4.1576201455269635,27.162055933838932,0.2050155852950771
1123,0.029645487181123198,1.359184490170926,3.093921760017624,28.093793541409315,0.20547042004286542
1124,-0.115617829751813,1.5727733756918139,3.7284507626359695,34.970444063193646,0.205944707586542
1125,0.044738056989329464,1.6222846444919237,3.867400337026404,38.94010192413028,0.20643840049774773
1126,0.07331863954129893,1.6429009588933194,3.8787961151520745,37.496762202298605,0.2069514494076029
1127,-0.2908919633768589,1.5641761398049103,5.173762250687166,44.63161652464069,0.20748380301164404
1128,0.11996969213078137,1.4580163254320546,4.729909706145607,41.49643476806057,0.20803540807495435
1129,0.33137384727565133,2.175348867586206,5.036872666897819,60.9221357393496,0.20860620943748726
1130,0.061267260760050915,2.076711500650207,5.529720338826412,61.17827450336709,0.20919615001958222
1131,0.12159068739547918,1.6553817353617766,6.608613751777396,58.396247960069395,0.20980517082767244
1132,-0.1045483705818102,1.6664534295589128,6.3846185342759085,63.74233747223117,0.21043321096018472
1133,-0.10358247653799423,1.706176379550125,5.374271063409282,69.22470571267854,0.21108020761362917
1134,0.058322700799389796,1.8463787734063386,6.12510041247823,69.1358502108743,0.21174609608887965
1135,0.5990176817314723,1.6270137233373254,7.158104561480533,66.35568848826149,0.2124308097976435
1136,1.176692919330051,1.869269739417874,6.7791404604959755,72.26805095583732,0.21313428026912043
1137,2.2837511141400233,0.9540169600448927,6.345958844877291,60.43995914279381,0.21385643715684954
1138,2.466816442696129,1.3040514384519573,6.259558831520258,51.78408509385251,0.21459720824574402
1139,2.9385211734753596,1.308443801157325,5.944481890616043,59.60192939050248,0.21535651945931192
1140,3.0201194819700183,1.0324870956323646,5.989868543628847,54.29683107128326,0.21613429486706487
1141,2.9766096879362895,1.390262055455103,4.560394579337942,49.59128128575895,0.2169304566921102
1142,2.7146869466270274,1.334862304649152,4.039390817356275,34.138494891962424,0.21774492531892886
1143,2.223625808614921,1.240651680838135,3.4910902549363407,26.288510433848046,0.21857761930133693
1144,1.4394305175730715,1.1993736704900275,3.6631227512128586,30.4049286621685,0.21942845537063005
1145,0.9364512690038582,1.680823161849375,3.342485662091606,30.895079699564366,0.22029734844391027
1146,-0.07407387641242405,1.260864812123148,2.5278345326729283,23.239000633692868,0.2211842116325946
1147,0.06830440211713823,1.681494439910486,2.949036968042834,40.22513138767668,0.22208895625110284
1148,-0.12619265354176076,1.2726934833018981,3.0324102012549035,29.912953283549015,0.22301149182572724
1149,0.013921462312613883,1.5703348514817566,4.784378379622561,37.20196724898906,0.22395172610367917
1150,-0.17201921827865674,1.1269543820951942,4.550908801993572,44.206435915016606,0.2249095650623143
1151,0.274264094398201,1.006907467304901,3.9324708624024747,38.74352880260878,0.225884912918535
1152,0.06234319287192197,1.6665182692178218,5.3298472857859815,39.78046240531689,0.2268776721383684
1153,-0.14821027447380916,1.5282518103126537,5.647283574375191,56.45070773753662,0.2278877434467199
1154,-0.3589265134522206,2.2313443685300416,5.920109704134248,53.957656185465424,0.22891502583730028
1155,-0.14696117494425023,1.7470172300765887,5.774398323399055,63.41902338853912,0.22995941658272676
1156,0.2569132107067394,1.7055036832335495,5.655265021886376,71.57468723745203,0.2310208112447948
1157,-0.13091517303519626,1.6646740748300544,7.381308107969086,63.71589030572754,0.23209910368492281
1158,0.19206444159374655,1.4489073889042352,6.232657388021168,67.25476170012548,0.23319418607476539
1159,0.7300074289015792,1.7778018557585287,6.451631338736403,71.1992730165141,0.23430594890699613
1160,1.4306353330470434,1.4814851805792495,5.336698832853915,68.61782644778695,0.23543428100625824
1161,1.9081570855180667,1.7685975875349427,4.8319955175059,65.1104356165544,0.23657906954028207
1162,2.650991946177381,1.4369291741546542,5.66883820841226,59.09933494790182,0.23774020003116825
1163,3.0987663089659616,1.9882474837819506,5.582292945772758,61.87583240922518,0.23891755636683545
1164,3.15045403308356,1.65377726429752,4.968241483786248,36.56807013002516,0.24011102081263083
1165,2.9971368744998292,1.5694915338632587,5.426368542578726,42.65943605828101,0.2413204740231046
1166,2.386575185192822,1.78046032268267,3.981667044377678,39.762188709462734,0.24254579505394355
1167,2.1354071203840848,1.5057921728937678,3.5872459198664544,36.45683704760946,0.2437868613740657
1168,1.2670946401002585,1.1197970329888045,4.399252770208929,33.665925916402266,0.24504354887787327
1169,0.6012372865028188,1.601545018849862,2.922394297552688,25.88169054042578,0.2463157318976631
1170,0.06691913972062175,1.9343697595559144,3.7426694505415843,35.38554309220275,0.24760328321619335
1171,-0.21883330936716128,1.4506789453281144,2.890144694707815,34.975165712033316,0.24890607407940538
1172,0.08902537630101437,1.9351531521968568,2.818638945280303,35.91566186287211,0.2502239742092981
1173,-0.07045317988739115,1.9328861604904861,3.9325672208241986,28.415741662839167,0.25155685181695686
1174,0.27739802248371387,1.860936507933988,4.238389295127949,39.95568706349369,0.2529045736157318
1175,-0.041180877470011985,1.1840688654790836,4.699559190215218,37.55537529174488,0.254267004834566
1176,0.0872943319615832,2.52948094412771,5.2838161410784945,44.261993517639745,0.255644009231473
1177,0.18870751310947753,2.15112749107345,5.8288257649651545,56.63395820965905,0.2570354491071606
1178,0.1038211114164235,1.7650865991984133,5.913749321172252,62.35591817369527,0.2584411853188008
1179,0.11438483114301723,1.496725885312133,6.34229704691212,60.95503665815153,0.2598610772939437
1180,-0.35754120704278725,1.4303904481251664,6.539878444097399,67.62416195524516,0.26129498304457555
1181,0.16407420725818694,1.2732163445330298,6.527587391375197,66.45452965628245,0.2627427591813155
1182,-0.33540428207546874,1.6581754068111774,8.707804911459617,75.30873555368437,0.2642042609277567
1183,0.6266519025440668,2.0985957216705637,5.761997795971736,68.6597493498514,0.2656793421349424
1184,0.9971242578004419,1.3959727606984775,6.098700837491446,74.2959607387097,0.26716785529598097
1185,2.038291949605007,1.7298819012876336,5.377075839307132,63.93801377868151,0.2686696515607969
1186,2.447649560116563,2.0229371550307,6.831847677006081,56.201471096696196,0.27018458075101526
1187,2.8328739006697536,2.1065635709432717,5.34900094671543,49.202115773915374,0.2717124913749793
1188,2.787097869664318,1.906211484826245,4.856719455738805,58.36846171802795,0.2732532306429002
1189,2.8466119143182746,1.5993579154904718,4.803818068303128,43.9785722665095,0.27480664448213465
1190,2.435311048363587,2.413047775587158,3.644872745535979,36.967399784179904,0.27637257755259337
1191,2.0648610834618157,2.021158942070776,3.725232368712703,35.44571160801959,0.2779508732622743
1192,1.6456473666307514,2.0253393366577424,3.402103086230051,24.558672323794603,0.2795413737829218
1193,0.32526923561604143,2.1577524725645674,5.170160004614546,26.5543521330656,0.2811439200658091
1194,-0.02812578144896131,1.6656582312135368,3.3434616173786087,29.097822128342347,0.2827583518576435
1195,-0.04921755231101106,1.5504745371117536,2.8254515239743987,37.58885400239556,0.284384507716591
1196,-0.32708128665546327,1.5775133742909444,4.620100050917172,36.03912698035184,0.28602222502842123
1197,-0.10567059736266673,2.358547451291791,5.138875694731876,35.77347961354087,0.2876713400227672
1198,0.2641932628715366,2.0520090402972713,4.72633036761703,42.82703308894016,0.28933168778950397
1199,0.05360235681766315,1.5192663122049819,4.4199091706486735,44.43896809852465,0.29100310229523846
1200,-0.13116139265406296,1.585817812264434,4.6050561757500645,52.310266989396496,0.292685416399913
1201,0.1271295776894404,1.957960282379035,5.074462372294022,56.753116099909796,0.29437846187351907
1202,0.05289672081251745,1.569715785030094,5.863887725909612,62.92569220746735,0.2960820694129201
1203,-0.2744148658371133,1.9108245102476145,5.447046109269368,70.94048798310266,0.29779606865878183
1204,-0.09154931855444748,2.046938420290971,5.924132823768957,65.07486969052833,0.29952028821260807
1205,-0.026924129959332518,2.060526393580783,6.573494360052736,72.92550592342344,0.30125455565388054
1206,-0.015345678993454393,2.311801705093152,6.167386440434711,65.56422829081669,0.3029986975572997
1207,0.8268229445697052,2.5197544813545063,6.1952005296022445,69.1172597305535,0.304752539510129
1208,1.4836971670648946,2.0458462105366872,5.96827804608064,65.39601079781528,0.30651590612963464
1209,2.1133416392235427,2.098291550462842,6.1317133286804255,63.38127404620945,0.30828862108062416
1210,2.474337447850118,2.523073048157895,5.712548432636147,56.62604489211631,0.3100705070930797
1211,2.8068699782620063,2.1664866879934164,5.851182579821252,52.01777468539349,0.311861385979885
1212,2.879173626224871,2.1330782379223643,5.188685389180635,58.11126469582139,0.31366107865464365
1213,2.9818100668355716,2.3370955189609903,4.437486206516116,46.40454436276454,0.3154694051495884
1214,2.5575739348920785,2.139082573700315,4.032902560830452,38.43429863621318,0.31728618463357583
1215,1.9878186929650292,2.0672913301515448,4.817459672643153,33.238982841554744,0.319111235430172
1216,1.6329714715209716,2.4305305696527477,3.9500493417653693,26.56091751331531,0.3209443750358181
1217,1.2435447330122378,1.986419796322021,3.223160148858516,34.38157199884562,0.3227854201380811
1218,-0.04423608519325026,2.06523172494947,4.073756922829846,36.11803527116149,0.324634186633985
1219,0.23740728365146016,2.205012199272416,3.3378178899952946,37.22698390195055,0.3264904896484209
1220,-0.12001964207990401,2.437120703630788,3.9793033843045094,36.43011121914201,0.32835414355263426
1221,0.03043135866696553,1.7010909267162166,3.530393625972349,39.540554129436195,0.330224961982788
1222,0.17023677870055803,2.572361748981996,4.588477343140001,35.23306022238202,0.33210275785859744
1223,0.21386447335900913,2.450116359076853,4.070912913353419,43.37080617952154,0.33398734340204017
1224,0.41587533024731216,1.871304691948518,5.472376029033336,56.58278657865614,0.3358785301561324
1225,-0.10249872668846215,2.466310358274946,5.4303832066618645,61.23915537372363,0.3377761290037746
1226,0.010768775511689484,2.0325972377258057,5.762897163385597,61.72619789503764,0.3396799501866633
1227,0.2660835156433203,2.579435064907389,7.165675853880632,57.531521217624736,0.34158980332426686
1228,0.2558641010999563,2.2151255996136134,6.839807180494619,73.65086300765572,0.34350549743286296
1229,-0.1720433798120759,2.3520107149415814,6.682131850151546,72.50530149257216,0.3454268409446372
1230,-0.002836301743515471,1.848200428516723,6.662799171570926,68.5837306763113,0.3473536417268398
1231,0.9761288394877196,2.2355471641774756,6.071856983290153,70.92358642558243,0.3492857071009976
1232,1.7436400840829933,2.145203191605662,6.572882971273697,65.01306078295266,0.3512228438621835
1233,1.9320866162517034,2.4732827373262243,6.39118747839036,70.81726902962762,0.3531648582983357
1234,2.669010334763934,2.104904038020496,6.858612020403819,61.16674247461691,0.355111556209629
1235,2.454443813757838,2.4338943811283027,5.0761175039350785,53.7896948197219,0.3570627429278943
1236,3.2026585743548632,3.0185701143669847,4.785203330268078,55.903314471442656,0.3590182233360859
1237,3.2493236435504618,2.2890481905806004,4.7429124439161585,37.859099956476335,0.36097780188779255
1238,2.379542950630725,2.638278064104017,4.401046602166858,34.62250213558669,0.36294128262679237
1239,2.077669012243289,2.1908332318882757,3.827390088582526,38.38686818350473,0.364908469206647
1240,1.2170842688473653,2.5824341713571006,3.2105628857771222,31.626778622631544,0.3668791649103381
1241,0.6847714981592317,1.989679515363514,3.3346392461368337,26.590400553155888,0.3688531726699376
1242,0.10859384880916166,2.7342744520711797,3.8762186725893732,27.041472424034,0.37083029508631454
1243,0.11701520878503187,2.21408887887341,3.5357231277373002,27.863287833390025,0.3728103344488748
1244,0.0810578912476161,2.12030135885998,3.225075990380112,44.1343217622217,0.3747930927553322
1245,-0.2776336950693811,2.1428665994762968,4.638578820321809,40.49631545725528,0.37677837173150835
1246,-0.1682582046231794,2.1954262455133686,4.055277578366333,42.310912643876044,0.3787659728511604
1247,0.3731190996852369,2.56355774860245,4.2826623734828075,48.47299695260979,0.38075569735583203
1248,0.046263423317775575,2.455083316641842,5.922428670089692,43.73968768970064,0.3827473462747312
1249,-0.08485017154981689,2.678550340806773,5.5914793217306356,57.37971792700679,0.3847407204446258
1250,0.05058482318163652,2.585594917605981,5.460161479272886,67.38382807001209,0.3867356205297599
1251,-0.11573728344866137,2.2418252910279244,6.00953874328459,60.457712280564586,0.38873184704178737
1252,0.033089653941689216,2.326694390931931,6.169251172497174,71.63911187984284,0.3907292003597206
1253,-0.1525117167101115,2.7560765649025813,6.313509791715266,71.166062864309,0.39272748074989217
1254,-0.13449282935695697,2.906901864792056,5.982643089224639,70.57322537689596,0.3947264883859284
1255,0.46393162584868003,2.792900364446173,6.124193544354074,66.7549577460327,0.39672602336873175
1256,1.8502993569698112,2.7338349032664717,6.577224317515857,73.92036464650788,0.3987258857464696
1257,2.265187279162073,2.177775367408219,5.8458440416599,61.90190823961006,0.40072587553457106
1258,2.722987020457805,1.8287248108529672,5.53520350418555,57.879624842150385,0.4027257927357239
1259,3.071661681585112,2.832394275658906,5.474017242697592,51.19564253631899,0.4047254373598747
1260,2.9753052307348145,2.43422416638793,5.557331634556726,53.53198326354139,0.40672460944422734
1261,2.681860693566656,2.182578046657299,3.794242724698027,37.457544328556104,0.40872310907323944
1262,2.7006892246879834,2.439274167070606,4.631257838347898,35.556742737835705,0.4107207363986134
1263,2.2594687597673095,2.6921897208357453,3.1765521935675745,36.109081008532094,0.4127172916592818
1264,1.6076787228623608,2.4064586755627237,3.4233219565151938,37.418885491298454,0.41471257520138155
1265,0.6986333770436906,2.212015969577439,2.5655131175808337,24.917815910324393,0.41670638749822164
1266,-0.3014151764423383,2.4086710665858573,2.3697566208753393,31.579078124150662,0.41869852917023387
1267,0.15880189029438568,2.740641181678572,3.4924796095519315,32.57139320031506,0.42068880100491113
1268,0.08242922133038505,2.7264212703805346,3.1879197350477684,41.10144279856482,0.4226770039767285
1269,-0.011349304006136703,1.8136256725248228,4.09913623375725,29.201897713667332,0.4246629392670456
1270,-0.04628380753685443,2.704562978216048,3.4725773254602856,37.23682783496677,0.4266464082839885
1271,-0.025244896827211507,2.5008799831546638,4.509361662289658,51.01183622490929,0.4286272126823085
1272,-0.11166328668328158,2.832568541340508,5.440296697774175,44.64130134060342,0.4306051543832159
1273,-0.2935162845012013,1.8448968070559586,5.495994693102731,56.92145922865976,0.43258003559418917
1274,-0.02072979604354619,2.4511357920784875,5.734086055177621,60.23057450422011,0.43455165882875296
1275,-0.0857189306259934,2.3255589532280245,5.377941603952847,75.25227258061463,0.4365198269262268
1276,0.06430118568090007,2.418257305895826,6.424014708531684,67.36731010767258,0.4384843430714412
1277,-0.061341962214762825,2.169589214714753,6.690171252718876,62.5157925169021,0.44044501081441856
1278,0.05746337761844688,2.372151872676665,7.107325923084307,65.3302052883725,0.44240163409001854
1279,0.536183967889751,2.186614113061894,6.0402807549037805,63.882167084806184,0.4443540172375441
1280,1.5907829168815235,2.6667712534926986,5.798480169780901,56.83212127957825,0.44630196502030783
1281,2.535062519788866,3.42689070178296,5.90018499353615,66.6511226109582,0.448245282645154
1282,2.57888455734245,2.5294335951270455,6.1004558177944,53.04884301322338,0.4501837757819399
1283,3.0239717912577766,2.375998729261499,5.355627387258889,59.12645419893296,0.45211725058296737
1284,3.175502379544722,3.572550900164157,4.885780016625047,45.15841952675939,0.45404551370236734
1285,2.969326864338993,2.504448469570703,4.5656396650964455,53.620103407576124,0.4559683723154349
1286,2.6471046082997245,2.4261709854859035,4.441833297162044,45.16844936239119,0.4578856341379111
1287,1.8105306735877535,2.789861562178788,3.4209172876955702,35.47655384290133,0.45979710744521135
1288,1.337596693653208,2.2098134614476352,4.064505266999013,38.06394939702871,0.46170260109159816
1289,1.0857248796971495,2.4494708703710444,3.2061018403920065,23.42704775480265,0.46360192452929416
1290,0.0416006040570918,2.062681872375321,4.237135687816088,19.292523023887448,0.4654948878275386
1291,0.04295190389458336,2.671214357922159,3.6822173164626046,28.10143339528991,0.46738130169157927
1292,0.388591128584712,2.2629922535876195,3.3071850513433554,39.994698558911445,0.4692609774816016
1293,-0.34120821273864205,2.259846851983559,3.307303081332039,26.786331189023784,0.4711337272315931
1294,0.21113831300052432,2.297354595245205,4.218195653127372,35.79897113572359,0.4729993636681393
1295,0.13100642610706512,2.784133305314391,4.625474164495828,40.49065990443329,0.47485770022915136
1296,-0.3879259389933995,2.34837313140362,5.215485161041905,47.087115092015125,0.476708551082522
1297,-0.1255284574565888,2.4157977601504905,5.43249538210076,55.19995477881213,0.47855173114470767
1298,0.0858355143352647,2.662011199300583,4.872935591579721,56.65469218942123,0.4803870560992384
1299,-0.13942967120119437,2.895704813753385,6.683016127625454,59.113509892870276,0.4822143424151482
1300,-0.15184506832657255,1.744723533587041,6.540679316830052,66.83470313579858,0.4840334073653282
1301,0.1220875522509723,2.734244112298872,6.025670403468142,74.3843156267824,0.48584406904479926
1302,-0.036671461290451575,2.771020577169591,6.03347787166705,80.61867075977571,0.48764614638890236
1303,0.8153243125992388,2.7872684127669705,6.536051528255841,74.04797769676392,0.4894394591914048
1304,1.4685862798681448,2.62763227080082,5.82248106733062,77.9097573074083,0.4912238281225207
1305,2.14900414706878,2.1966750751225232,6.2850974124135375,56.0780319538368,0.4929990747468443
1306,2.6595203292484912,2.573701714024226,6.13230134247978,62.21452377124475,0.49476502154119184
1307,3.340407393547154,2.5037367698863524,4.589352191737198,57.1631093023963,0.49652149191235584
1308,3.081852332209032,2.5069725954308955,4.842353710405485,45.38626141667824,0.4982683102147629
1309,2.7585546543642803,2.359390741234739,4.361168616196704,43.98943342016338,0.5000053017680385
1310,2.675272075218184,2.332667091213158,5.021657405815649,34.03564094661906,0.5017322928744747
1311,2.174104203103102,1.7320523661353222,3.927753510275532,31.96325527829069,0.5034491108364002
1312,2.1621360116495483,2.5024001703598477,4.15681957923372,35.678728984783085,0.5051555839734494
1313,0.49308365209046384,2.672420084816973,3.5642590524437456,32.96468120995897,0.5068515416397308
1314,0.13932333218555093,2.754279186256868,3.0383949206312604,28.682480755307836,0.5085368142408906
1315,0.05292230255388602,2.900001489715172,3.5462761658241315,27.032001892787143,0.5102112332510733
1316,0.3068710921764446,2.7799611567696356,3.989366494321396,34.25591527759096,0.5118746312297734
1317,-0.20313858975167376,2.2964605610807816,4.013595019585719,34.78413190131567,0.513526841838579
1318,-0.2453206097001772,2.5998979725248326,4.275973535909124,37.283315075307186,0.5151676998578061
1319,0.07126036310896443,2.2442565563939327,4.766476041944139,52.13788925319038,0.5167970412030203
1320,0.16832288886925303,2.750275035711316,6.02434866789722,50.55766331996745,0.5184147029414446
1321,0.08885711249585654,2.2569097051431966,5.064560869230229,46.6180754483538,0.5200205233082538
1322,0.12734243055983838,2.8458915997275,5.417356748381506,67.680128442026,0.5216143417227485
1323,-0.008255697277584463,1.991219655860668,5.685400154591661,57.1690858504555,0.5231959988044159
1324,0.20144712278083926,2.4628799933937815,6.109964291950657,66.4839829756846,0.5247653363888659
1325,0.02653207648628326,2.4288535099992923,5.894985887156288,66.02710391447447,0.5263221975436477
1326,-0.0999717558126063,2.1545796853026196,6.639504861448438,81.76624017982068,0.5278664265839434
1327,1.070703595893316,2.1306972633241053,6.189876932720797,68.4861659686026,0.5293978690881357
1328,1.3282927845362222,2.1210838520756403,5.922171411317491,67.60125044914244,0.5309163719132503
1329,1.8015393631649874,2.6727231009206056,5.731360171343316,64.09206167858456,0.5324217832102702
1330,2.5197594496080282,2.1515823551962296,6.0832992376749235,50.87053881640472,0.5339139524393205
1331,2.870882876323033,1.9610883907900836,5.045200178504235,53.75578850549914,0.5353927303847211
1332,2.9876340120821014,1.9674767980501824,5.050534359637304,48.7578602361754,0.5368579691699102
1333,2.8384430769736526,2.525552379009078,4.087843127678478,44.42149584990922,0.5383095222722303
1334,2.6736280453137544,2.109968258673161,4.321384317574098,38.67911267614941,0.5397472445375806
1335,2.053966015512802,2.931259814262799,6.430366561646341,40.49890042434984,0.5411709921949329
1336,1.3267748786186564,2.9372813616552924,4.232030120758051,33.05502341018699,0.5425806228707077
1337,1.0565616308405918,2.3939471039460596,4.30688024071015,28.537301657291533,0.5439759956030124
1338,-0.03434524924167469,2.1357227841467057,3.066062446298802,37.50961222569095,0.5453569708557364
1339,0.21908555290935952,2.604103908345431,3.764135302664658,35.656247014024316,0.5467234105325052
1340,0.035243688587962924,2.0322060721383988,3.6210859878185264,31.93705964655173,0.5480751779904898
1341,0.09751556187362116,2.562663492783506,4.6281271921454366,36.86856175750692,0.5494121380540709
1342,0.3087753194509534,2.393582732558104,4.41987255563383,37.453239817129614,0.5507341570283562
1343,-0.37055186605288887,2.219425872414435,4.661577254490252,44.5307745096869,0.5520411027125501
1344,0.22566534777250744,1.9856361319991611,4.720265737979253,45.91523603579826,0.5533328444131733
1345,0.013399429404559085,2.2755043322304567,4.996480389407489,55.59353486982155,0.554609252957132
1346,0.17486563289336582,2.1381624567979407,5.408219095194226,60.33345552988363,0.555870200704636
1347,-0.0893333353220912,2.2267700192030784,5.320943851853936,61.47735736251051,0.5571155615619606
1348,0.002035310583844148,2.084049098478381,6.268691361645018,62.9155632843749,0.5583452109940583
1349,-0.030278015179324092,2.604389664271823,6.154391178608607,80.36078971572746,0.5595590260370104
1350,-0.2198824248979729,1.6304277414548942,6.826960883607769,71.61365750457453,0.5607568853103242
1351,0.7641198282168898,1.6728340660247607,6.512948212128546,71.93497002625168,0.5619386690290706
1352,1.862106332284648,2.254702318039559,7.492121978053876,72.86407717562732,0.5631042590158626
1353,2.376031501569841,2.1025283194783237,6.385037601786757,59.10228751191012,0.5642535387126728
1354,2.879073785672865,1.6201684934785336,5.220078322706824,70.78744167458576,0.5653863931924892
1355,2.853157345076253,2.2049134754421873,3.818075852360755,62.87686884467797,0.5665027091708079
1356,2.9653623597932994,2.027790600106154,5.307845612980001,51.8503296160519,0.5676023750169613
1357,2.809860441715592,1.174776649775662,4.560253377422429,39.303458485638636,0.5686852807652812
1358,2.18738679024817,2.504865185519271,4.427048718557727,33.37524753798098,0.5697513181260951
1359,2.073717367574346,1.8779222741228354,3.4964610919262578,29.32772273932489,0.5708003804965553
1360,1.3511612274864773,1.8202317460894928,3.352257020628515,26.341558766170326,0.5718323629712991
1361,0.951459266002573,1.7844347584702311,3.359423068211414,31.614905251747047,0.572847162352939
1362,0.18656837911761492,1.460492252828271,4.464268114502981,29.59356747528232,0.5738446771623824
1363,0.08795527633097905,1.683174308373571,2.6480112760654464,27.405916582153143,0.5748248076489797
1364,-0.17776130874342533,2.1991823803765116,4.281499776605944,33.28252180872587,0.575787455800499
1365,-0.1181355904871956,1.693834248249797,3.442517936213151,27.337498395360647,0.5767325253529271
1366,0.26897209524672244,1.9342436351302594,4.307090855231825,35.55422728700828,0.5776599218000965
1367,0.06552621591937137,1.2932076511420336,5.0594664389999195,50.38547797846407,0.5785695524031355
1368,0.20204103675941942,1.9694955879373048,4.466082696456216,42.211156867299586,0.5794613261997416
1369,-0.08854704749877276,1.7633298420065353,5.789462132680646,66.56125240615502,0.5803351540132782
1370,0.19380103778819646,1.867918444528593,6.028985554584158,69.6191454283165,0.5811909484616924
1371,-0.06413823541883472,1.7914199070583534,5.772014695867716,62.42453413871016,0.5820286239662524
1372,-0.09613707511779887,1.769898346433978,7.2442309043899265,64.8876250187764,0.5828480967601058
1373,0.05493999136499385,1.727021102148742,6.04303112436673,72.15645446742992,0.5836492848966561
1374,-0.14386976383033118,2.180867220486923,7.116922803597036,60.926318856369555,0.5844321082577573
1375,0.5473860485544644,2.1843901345250707,6.487185870907176,65.78912310787685,0.5851964885617255
1376,1.7728655780493838,1.717973259336381,6.001782491731035,66.98532837706549,0.5859423493711675
1377,2.2608751187231952,1.9279558080035373,5.522273427503064,59.59269016609605,0.5866696161006237
1378,2.5043249167930672,1.5464338338239534,5.266996918060475,55.045829415217796,0.5873782160240275
1379,2.894323154391796,1.5121596155168595,5.473080698745405,56.35838441713599,0.5880680782819768
1380,3.2269751539193794,1.6268515339976608,5.778008389741045,48.489399959963336,0.588739133888821
1381,2.795992571434765,2.092148368423757,4.7575784779305526,42.52930039701398,0.5893913157395583
1382,2.115082472645377,0.9052651424896264,3.9918637187846517,43.546481979640554,0.590024558616547
1383,2.574775124413025,1.4731749924294422,4.4159307080983226,38.160473639053265,0.5906387991960275
1384,1.2062083952317622,1.8452437704016147,3.8636925138628535,33.817343346608055,0.5912339760544535
1385,0.6852681848343588,1.864142968910473,3.6648260143510822,34.4553395621235,0.5918100296746351
1386,-0.43838159656059766,1.695411147705286,3.236728524411833,30.995078825858588,0.5923669024516905
1387,-0.4400043977102761,1.4090085730357274,3.015988222941225,28.510035504054052,0.5929045386988059
1388,0.0655087448483227,1.8018833781038803,3.705508330941613,26.14714342494267,0.5934228846528048
1389,-0.2622336189399644,1.9433796068256288,4.491104320825613,34.14434843573331,0.5939218884795234
1390,0.12661654203433087,2.006489637705497,4.024391780848535,41.03759696791845,0.5944015002789952
1391,-0.03182531303719876,1.7833259125691985,5.189388852877487,50.115670023629754,0.5948616720904398
1392,-0.03321417609948158,1.5598917322018155,4.334950947746306,45.895996031009794,0.5953023578970595
1393,0.12306084250678483,1.7957104223208948,5.481743576212833,49.503780528153975,0.5957235136306409
1394,0.1303832575554241,1.9603686217104317,5.79614789899212,57.53933706994824,0.5961250971759617
1395,0.27185887358451893,1.6381843422667988,6.839733806403658,59.26277410628837,0.596507068375002
1396,-0.2765176829701103,1.6432694915312789,7.096153413609851,65.67334239484659,0.5968693890309601
1397,-0.14926379796985798,1.216811735299217,6.750414044458992,55.57509113018931,0.5972120229120723
1398,0.13455305178557106,2.019271069306013,6.537853549186161,68.91679740485962,0.5975349357552361
1399,0.9298059941861121,1.6218877762948438,6.796185769196986,71.11427868637637,0.5978380952694363
1400,1.3926512261307584,0.9586098447666629,6.678417746978566,69.13882540092885,0.5981214711389741
1401,1.8748125149229327,1.73705636829992,5.9983318909841845,67.11268056508,0.5983850350264986
1402,2.5986536934662543,2.0597197665260483,6.351233538166924,65.49759312819293,0.5986287605758409
1403,2.29842515791466,0.8378223452286566,5.308996921431114,53.33055306190145,0.598852623414649
1404,2.6642580511900973,2.083561300939455,4.761259576777751,51.204537477429184,0.5990566011568255
1405,3.122154798631818,1.5590820587460128,4.860803179664789,47.67246175839286,0.5992406734047664
1406,2.3398464020210072,1.7746931537437014,4.507304286387022,46.68410918500563,0.5994048217514001
1407,2.529503894306755,1.2132097902244134,4.2910272191850005,34.05616622005632,0.5995490297820287
1408,1.522821448911638,1.6780049027866255,4.141743073578638,34.19603981512337,0.5996732830759696
1409,0.8299067534884185,1.5218861473401069,3.8914851767262673,32.038784213750986,0.5997775692079965
1410,0.5390854728438239,1.6641121734009896,3.3968108419390592,34.640458740387935,0.5998618777495835
1411,0.17956793639793728,1.1461092732800755,4.50627619833705,27.57781366644016,0.5999262002699466
1412,-0.06394916840974861,1.2424382790816217,3.5717373757625848,40.78245499726505,0.5999705303368873
1413,-0.111422919400841,1.0450083271994506,3.888283005585999,39.60089274004555,0.5999948635174358
1414,-0.129166578117015,2.1215307957816227,5.135990139839571,36.38590755255988,0.5999991973782944
1415,-0.41338037991644844,1.733025260312309,4.356245179487421,40.235925020559264,0.5999835314860806
1416,0.07339361959247924,1.423396982247396,4.961413722859737,53.77556151505151,0.5999478674073706
1417,0.0041428166845743925,1.5086004756208675,5.548503243944745,65.79393239327543,0.5998922087085425
1418,-0.13857965340048561,1.1971776884230887,9.461670194669573,56.816343382670375,0.59981656095542
1419,0.17388003533969287,1.3701343526003944,5.798662247086772,65.63703108026961,0.599720931712715
1420,-0.12208992164500428,1.592612248188807,5.865220222409047,63.928483628285576,0.5996053305432724
1421,-0.35418242698080493,0.9477795190338993,6.78163983598711,73.29357156618076,0.5994697690071126
1422,-0.22363219179048774,0.9218715787263188,6.9462663985414705,77.38274539034614,0.5993142606602764
1423,0.7623617251315382,1.0735268541183463,6.0179159340788715,71.31599504433295,0.5991388210534688
1424,1.558731554101616,1.205982165819526,5.565073554786091,64.55937757391268,0.5989434677305043
1425,2.4901116729597854,1.8591614757934571,6.21173536703447,62.13647062800665,0.5987282202265526
1426,2.51276205058574,1.4917627920949221,5.4220520831516215,57.14080541426495,0.5984931000661844
1427,2.9954855563598013,1.3971455780830595,5.844290592888347,60.449007606041164,0.5982381307612199
1428,3.1970335980886464,1.7687999516759179,5.316199442730964,44.23148203640345,0.5979633378083773
1429,3.0114095425983622,1.6656337528007195,5.729185468811807,48.59530794627847,0.5976687486867226
1430,2.6505172885500876,1.5868654985743023,4.15788687497892,40.194445541275854,0.5973543928549228
1431,1.8876587723335534,1.5511567383914582,4.008496706331858,40.73127402465646,0.5970203017482988
1432,1.4145298128441373,1.5763709705535272,3.6267638435714113,36.67253088206296,0.5966665087756831
1433,1.202706432874488,0.9067751784423015,3.620447286369578,27.507972956452274,0.596293049316078
1434,0.02803083438883391,1.8732142856500886,3.7070616269884864,30.907116756724346,0.5958999607151183
1435,-0.014278704384603864,1.731116866427877,4.061487777555586,32.05803089462302,0.5954872822813365
1436,-0.24001542297375855,1.839255641644618,4.428889956021476,41.06508650439433,0.5950550552822322
1437,0.04290542417057968,1.8336950586071752,4.0184918034279224,31.035212257130492,0.594603322940145
1438,0.33788573437522934,1.602205358953395,4.695249251482452,49.43748624586733,0.5941321304279324
1439,-0.12639249530019656,1.7283831117856543,4.052428053559439,41.47769982544878,0.5936415248644535
